Final Priority,Response Time (sec),Count
0-PURPLE,0,8
0-PURPLE,9,1
0-PURPLE,10,1
0-PURPLE,11,1
0-PURPLE,12,1
0-PURPLE,13,1
0-PURPLE,14,2
0-PURPLE,15,2
0-PURPLE,17,2
0-PURPLE,19,1
0-PURPLE,20,2
0-PURPLE,21,1
0-PURPLE,22,1
0-PURPLE,24,1
0-PURPLE,25,2
0-PURPLE,26,1
0-PURPLE,27,2
0-PURPLE,28,1
0-PURPLE,33,1
0-PURPLE,38,3
0-PURPLE,41,2
0-PURPLE,44,1
0-PURPLE,46,1
0-PURPLE,58,2
0-PURPLE,59,1
0-PURPLE,62,1
0-PURPLE,65,1
0-PURPLE,69,1
0-PURPLE,70,1
0-PURPLE,71,1
0-PURPLE,72,1
0-PURPLE,84,1
0-PURPLE,88,1
0-PURPLE,90,1
0-PURPLE,92,1
0-PURPLE,95,1
0-PURPLE,98,1
0-PURPLE,101,1
0-PURPLE,104,1
0-PURPLE,111,1
0-PURPLE,117,1
0-PURPLE,118,1
0-PURPLE,120,2
0-PURPLE,121,1
0-PURPLE,124,3
0-PURPLE,126,1
0-PURPLE,128,2
0-PURPLE,129,1
0-PURPLE,132,1
0-PURPLE,134,1
0-PURPLE,135,2
0-PURPLE,136,1
0-PURPLE,137,2
0-PURPLE,138,1
0-PURPLE,141,3
0-PURPLE,142,6
0-PURPLE,143,3
0-PURPLE,145,2
0-PURPLE,147,2
0-PURPLE,148,1
0-PURPLE,149,1
0-PURPLE,150,1
0-PURPLE,151,1
0-PURPLE,152,2
0-PURPLE,153,1
0-PURPLE,154,1
0-PURPLE,156,2
0-PURPLE,158,2
0-PURPLE,159,2
0-PURPLE,161,2
0-PURPLE,162,2
0-PURPLE,163,1
0-PURPLE,164,3
0-PURPLE,165,3
0-PURPLE,166,4
0-PURPLE,167,5
0-PURPLE,168,1
0-PURPLE,169,1
0-PURPLE,170,1
0-PURPLE,171,3
0-PURPLE,174,3
0-PURPLE,175,3
0-PURPLE,176,2
0-PURPLE,177,2
0-PURPLE,178,3
0-PURPLE,179,5
0-PURPLE,180,4
0-PURPLE,181,2
0-PURPLE,182,3
0-PURPLE,183,2
0-PURPLE,184,4
0-PURPLE,185,4
0-PURPLE,186,4
0-PURPLE,187,1
0-PURPLE,188,3
0-PURPLE,189,5
0-PURPLE,190,3
0-PURPLE,191,4
0-PURPLE,192,1
0-PURPLE,193,7
0-PURPLE,194,2
0-PURPLE,195,3
0-PURPLE,196,4
0-PURPLE,197,4
0-PURPLE,198,3
0-PURPLE,199,4
0-PURPLE,200,1
0-PURPLE,201,4
0-PURPLE,202,5
0-PURPLE,203,3
0-PURPLE,204,5
0-PURPLE,205,5
0-PURPLE,206,3
0-PURPLE,207,4
0-PURPLE,208,4
0-PURPLE,209,4
0-PURPLE,210,7
0-PURPLE,211,5
0-PURPLE,212,7
0-PURPLE,213,10
0-PURPLE,214,7
0-PURPLE,215,3
0-PURPLE,216,5
0-PURPLE,217,1
0-PURPLE,218,5
0-PURPLE,219,5
0-PURPLE,220,5
0-PURPLE,221,5
0-PURPLE,222,3
0-PURPLE,223,7
0-PURPLE,224,12
0-PURPLE,225,4
0-PURPLE,226,8
0-PURPLE,227,8
0-PURPLE,228,5
0-PURPLE,229,6
0-PURPLE,230,5
0-PURPLE,231,9
0-PURPLE,232,8
0-PURPLE,233,7
0-PURPLE,234,11
0-PURPLE,235,6
0-PURPLE,236,10
0-PURPLE,237,9
0-PURPLE,238,8
0-PURPLE,239,7
0-PURPLE,240,6
0-PURPLE,241,8
0-PURPLE,242,9
0-PURPLE,243,5
0-PURPLE,244,7
0-PURPLE,245,11
0-PURPLE,246,7
0-PURPLE,247,9
0-PURPLE,248,11
0-PURPLE,249,13
0-PURPLE,250,10
0-PURPLE,251,7
0-PURPLE,252,12
0-PURPLE,253,11
0-PURPLE,254,21
0-PURPLE,255,19
0-PURPLE,256,9
0-PURPLE,257,14
0-PURPLE,258,8
0-PURPLE,259,9
0-PURPLE,260,9
0-PURPLE,261,16
0-PURPLE,262,11
0-PURPLE,263,12
0-PURPLE,264,12
0-PURPLE,265,12
0-PURPLE,266,15
0-PURPLE,267,9
0-PURPLE,268,11
0-PURPLE,269,10
0-PURPLE,270,9
0-PURPLE,271,8
0-PURPLE,272,10
0-PURPLE,273,8
0-PURPLE,274,12
0-PURPLE,275,13
0-PURPLE,276,5
0-PURPLE,277,10
0-PURPLE,278,8
0-PURPLE,279,11
0-PURPLE,280,11
0-PURPLE,281,12
0-PURPLE,282,12
0-PURPLE,283,15
0-PURPLE,284,13
0-PURPLE,285,9
0-PURPLE,286,9
0-PURPLE,287,13
0-PURPLE,288,14
0-PURPLE,289,11
0-PURPLE,290,10
0-PURPLE,291,19
0-PURPLE,292,16
0-PURPLE,293,15
0-PURPLE,294,8
0-PURPLE,295,15
0-PURPLE,296,14
0-PURPLE,297,15
0-PURPLE,298,9
0-PURPLE,299,28
0-PURPLE,300,9
0-PURPLE,301,15
0-PURPLE,302,15
0-PURPLE,303,14
0-PURPLE,304,17
0-PURPLE,305,18
0-PURPLE,306,15
0-PURPLE,307,12
0-PURPLE,308,13
0-PURPLE,309,20
0-PURPLE,310,15
0-PURPLE,311,17
0-PURPLE,312,20
0-PURPLE,313,14
0-PURPLE,314,13
0-PURPLE,315,20
0-PURPLE,316,17
0-PURPLE,317,22
0-PURPLE,318,15
0-PURPLE,319,19
0-PURPLE,320,15
0-PURPLE,321,3
0-PURPLE,322,24
0-PURPLE,323,14
0-PURPLE,324,19
0-PURPLE,325,17
0-PURPLE,326,15
0-PURPLE,327,16
0-PURPLE,328,18
0-PURPLE,329,24
0-PURPLE,330,14
0-PURPLE,331,12
0-PURPLE,332,21
0-PURPLE,333,18
0-PURPLE,334,15
0-PURPLE,335,12
0-PURPLE,336,22
0-PURPLE,337,14
0-PURPLE,338,21
0-PURPLE,339,11
0-PURPLE,340,19
0-PURPLE,341,23
0-PURPLE,342,7
0-PURPLE,343,17
0-PURPLE,344,20
0-PURPLE,345,25
0-PURPLE,346,19
0-PURPLE,347,22
0-PURPLE,348,19
0-PURPLE,349,22
0-PURPLE,350,16
0-PURPLE,351,18
0-PURPLE,352,21
0-PURPLE,353,17
0-PURPLE,354,24
0-PURPLE,355,19
0-PURPLE,356,22
0-PURPLE,357,17
0-PURPLE,358,15
0-PURPLE,359,16
0-PURPLE,360,23
0-PURPLE,361,15
0-PURPLE,362,19
0-PURPLE,363,11
0-PURPLE,364,19
0-PURPLE,365,17
0-PURPLE,366,20
0-PURPLE,367,22
0-PURPLE,368,16
0-PURPLE,369,18
0-PURPLE,370,33
0-PURPLE,371,19
0-PURPLE,372,9
0-PURPLE,373,26
0-PURPLE,374,15
0-PURPLE,375,19
0-PURPLE,376,22
0-PURPLE,377,24
0-PURPLE,378,19
0-PURPLE,379,23
0-PURPLE,380,18
0-PURPLE,381,12
0-PURPLE,382,18
0-PURPLE,383,17
0-PURPLE,384,18
0-PURPLE,385,24
0-PURPLE,386,23
0-PURPLE,387,23
0-PURPLE,388,15
0-PURPLE,389,17
0-PURPLE,390,21
0-PURPLE,391,21
0-PURPLE,392,20
0-PURPLE,393,17
0-PURPLE,394,20
0-PURPLE,395,23
0-PURPLE,396,18
0-PURPLE,397,16
0-PURPLE,398,16
0-PURPLE,399,27
0-PURPLE,400,24
0-PURPLE,401,11
0-PURPLE,402,21
0-PURPLE,403,10
0-PURPLE,404,19
0-PURPLE,405,14
0-PURPLE,406,26
0-PURPLE,407,20
0-PURPLE,408,17
0-PURPLE,409,15
0-PURPLE,410,23
0-PURPLE,411,25
0-PURPLE,412,18
0-PURPLE,413,16
0-PURPLE,414,16
0-PURPLE,415,21
0-PURPLE,416,9
0-PURPLE,417,18
0-PURPLE,418,18
0-PURPLE,419,23
0-PURPLE,420,12
0-PURPLE,421,19
0-PURPLE,422,23
0-PURPLE,423,10
0-PURPLE,424,19
0-PURPLE,425,18
0-PURPLE,426,25
0-PURPLE,427,21
0-PURPLE,428,17
0-PURPLE,429,20
0-PURPLE,430,17
0-PURPLE,431,21
0-PURPLE,432,22
0-PURPLE,433,31
0-PURPLE,434,24
0-PURPLE,435,18
0-PURPLE,436,27
0-PURPLE,437,28
0-PURPLE,438,18
0-PURPLE,439,12
0-PURPLE,440,24
0-PURPLE,441,22
0-PURPLE,442,24
0-PURPLE,443,21
0-PURPLE,444,21
0-PURPLE,445,22
0-PURPLE,446,16
0-PURPLE,447,18
0-PURPLE,448,21
0-PURPLE,449,19
0-PURPLE,450,18
0-PURPLE,451,17
0-PURPLE,452,18
0-PURPLE,453,18
0-PURPLE,454,23
0-PURPLE,455,14
0-PURPLE,456,23
0-PURPLE,457,16
0-PURPLE,458,18
0-PURPLE,459,25
0-PURPLE,460,18
0-PURPLE,461,20
0-PURPLE,462,17
0-PURPLE,463,21
0-PURPLE,464,26
0-PURPLE,465,9
0-PURPLE,466,28
0-PURPLE,467,20
0-PURPLE,468,18
0-PURPLE,469,25
0-PURPLE,470,15
0-PURPLE,471,16
0-PURPLE,472,9
0-PURPLE,473,17
0-PURPLE,474,14
0-PURPLE,475,14
0-PURPLE,476,15
0-PURPLE,477,23
0-PURPLE,478,21
0-PURPLE,479,14
0-PURPLE,480,20
0-PURPLE,481,21
0-PURPLE,482,12
0-PURPLE,483,13
0-PURPLE,484,18
0-PURPLE,485,15
0-PURPLE,486,14
0-PURPLE,487,22
0-PURPLE,488,12
0-PURPLE,489,18
0-PURPLE,490,16
0-PURPLE,491,16
0-PURPLE,492,13
0-PURPLE,493,13
0-PURPLE,494,20
0-PURPLE,495,15
0-PURPLE,496,18
0-PURPLE,497,7
0-PURPLE,498,13
0-PURPLE,499,21
0-PURPLE,500,26
0-PURPLE,501,21
0-PURPLE,502,16
0-PURPLE,503,14
0-PURPLE,504,8
0-PURPLE,505,15
0-PURPLE,506,22
0-PURPLE,507,19
0-PURPLE,508,12
0-PURPLE,509,17
0-PURPLE,510,18
0-PURPLE,511,20
0-PURPLE,512,21
0-PURPLE,513,16
0-PURPLE,514,21
0-PURPLE,515,14
0-PURPLE,516,10
0-PURPLE,517,24
0-PURPLE,518,20
0-PURPLE,519,10
0-PURPLE,520,16
0-PURPLE,521,16
0-PURPLE,522,17
0-PURPLE,523,18
0-PURPLE,524,8
0-PURPLE,525,11
0-PURPLE,526,20
0-PURPLE,527,18
0-PURPLE,528,12
0-PURPLE,529,9
0-PURPLE,530,12
0-PURPLE,531,23
0-PURPLE,532,20
0-PURPLE,533,17
0-PURPLE,534,14
0-PURPLE,535,12
0-PURPLE,536,28
0-PURPLE,537,11
0-PURPLE,538,16
0-PURPLE,539,13
0-PURPLE,540,10
0-PURPLE,541,6
0-PURPLE,542,18
0-PURPLE,543,18
0-PURPLE,544,18
0-PURPLE,545,20
0-PURPLE,546,12
0-PURPLE,547,22
0-PURPLE,548,12
0-PURPLE,549,18
0-PURPLE,550,9
0-PURPLE,551,13
0-PURPLE,552,8
0-PURPLE,553,9
0-PURPLE,554,12
0-PURPLE,555,11
0-PURPLE,556,15
0-PURPLE,557,8
0-PURPLE,558,12
0-PURPLE,559,15
0-PURPLE,560,14
0-PURPLE,561,10
0-PURPLE,562,11
0-PURPLE,563,13
0-PURPLE,564,14
0-PURPLE,565,15
0-PURPLE,566,10
0-PURPLE,567,8
0-PURPLE,568,10
0-PURPLE,569,15
0-PURPLE,570,10
0-PURPLE,571,15
0-PURPLE,572,11
0-PURPLE,573,9
0-PURPLE,574,11
0-PURPLE,575,12
0-PURPLE,576,15
0-PURPLE,577,16
0-PURPLE,578,12
0-PURPLE,579,13
0-PURPLE,580,9
0-PURPLE,581,13
0-PURPLE,582,8
0-PURPLE,583,11
0-PURPLE,584,11
0-PURPLE,585,10
0-PURPLE,586,10
0-PURPLE,587,6
0-PURPLE,588,12
0-PURPLE,589,10
0-PURPLE,590,9
0-PURPLE,591,14
0-PURPLE,592,10
0-PURPLE,593,7
0-PURPLE,594,9
0-PURPLE,595,16
0-PURPLE,596,6
0-PURPLE,597,10
0-PURPLE,598,14
0-PURPLE,599,11
0-PURPLE,600,11
0-PURPLE,601,12
0-PURPLE,602,10
0-PURPLE,603,5
0-PURPLE,604,14
0-PURPLE,605,4
0-PURPLE,606,12
0-PURPLE,607,11
0-PURPLE,609,9
0-PURPLE,610,12
0-PURPLE,611,9
0-PURPLE,612,6
0-PURPLE,613,8
0-PURPLE,614,11
0-PURPLE,615,6
0-PURPLE,616,9
0-PURPLE,617,11
0-PURPLE,618,10
0-PURPLE,619,9
0-PURPLE,620,9
0-PURPLE,621,8
0-PURPLE,622,10
0-PURPLE,623,7
0-PURPLE,624,10
0-PURPLE,625,10
0-PURPLE,626,12
0-PURPLE,627,6
0-PURPLE,628,14
0-PURPLE,629,6
0-PURPLE,630,4
0-PURPLE,631,9
0-PURPLE,632,7
0-PURPLE,633,7
0-PURPLE,634,4
0-PURPLE,635,7
0-PURPLE,636,6
0-PURPLE,637,8
0-PURPLE,638,10
0-PURPLE,639,6
0-PURPLE,640,5
0-PURPLE,641,10
0-PURPLE,642,7
0-PURPLE,643,10
0-PURPLE,644,4
0-PURPLE,645,7
0-PURPLE,646,4
0-PURPLE,647,7
0-PURPLE,648,12
0-PURPLE,649,8
0-PURPLE,650,10
0-PURPLE,651,9
0-PURPLE,652,9
0-PURPLE,653,12
0-PURPLE,654,2
0-PURPLE,655,9
0-PURPLE,656,6
0-PURPLE,657,3
0-PURPLE,658,7
0-PURPLE,659,10
0-PURPLE,660,9
0-PURPLE,661,7
0-PURPLE,662,7
0-PURPLE,663,4
0-PURPLE,664,6
0-PURPLE,665,5
0-PURPLE,666,11
0-PURPLE,667,10
0-PURPLE,668,7
0-PURPLE,669,7
0-PURPLE,670,6
0-PURPLE,671,6
0-PURPLE,672,7
0-PURPLE,673,6
0-PURPLE,674,2
0-PURPLE,675,6
0-PURPLE,676,10
0-PURPLE,677,2
0-PURPLE,678,13
0-PURPLE,679,11
0-PURPLE,680,2
0-PURPLE,681,7
0-PURPLE,682,5
0-PURPLE,683,1
0-PURPLE,684,6
0-PURPLE,685,11
0-PURPLE,686,5
0-PURPLE,687,9
0-PURPLE,688,8
0-PURPLE,689,6
0-PURPLE,690,7
0-PURPLE,691,2
0-PURPLE,692,3
0-PURPLE,694,5
0-PURPLE,695,8
0-PURPLE,696,4
0-PURPLE,697,7
0-PURPLE,698,7
0-PURPLE,699,6
0-PURPLE,700,3
0-PURPLE,701,6
0-PURPLE,702,3
0-PURPLE,703,4
0-PURPLE,704,3
0-PURPLE,705,5
0-PURPLE,706,5
0-PURPLE,707,7
0-PURPLE,708,4
0-PURPLE,709,4
0-PURPLE,710,2
0-PURPLE,711,6
0-PURPLE,712,6
0-PURPLE,713,5
0-PURPLE,714,1
0-PURPLE,715,10
0-PURPLE,716,3
0-PURPLE,717,3
0-PURPLE,718,5
0-PURPLE,719,3
0-PURPLE,720,5
0-PURPLE,721,5
0-PURPLE,722,2
0-PURPLE,723,1
0-PURPLE,724,4
0-PURPLE,725,9
0-PURPLE,726,6
0-PURPLE,727,2
0-PURPLE,728,3
0-PURPLE,729,7
0-PURPLE,730,5
0-PURPLE,731,6
0-PURPLE,732,3
0-PURPLE,733,5
0-PURPLE,734,1
0-PURPLE,735,5
0-PURPLE,736,4
0-PURPLE,737,6
0-PURPLE,738,4
0-PURPLE,739,2
0-PURPLE,740,5
0-PURPLE,741,3
0-PURPLE,742,2
0-PURPLE,743,5
0-PURPLE,744,4
0-PURPLE,745,10
0-PURPLE,746,5
0-PURPLE,747,3
0-PURPLE,748,3
0-PURPLE,749,4
0-PURPLE,750,3
0-PURPLE,751,2
0-PURPLE,753,2
0-PURPLE,754,5
0-PURPLE,755,2
0-PURPLE,756,2
0-PURPLE,757,6
0-PURPLE,758,6
0-PURPLE,759,1
0-PURPLE,760,2
0-PURPLE,761,3
0-PURPLE,762,5
0-PURPLE,763,1
0-PURPLE,764,1
0-PURPLE,765,5
0-PURPLE,766,5
0-PURPLE,767,3
0-PURPLE,768,2
0-PURPLE,769,3
0-PURPLE,770,5
0-PURPLE,771,4
0-PURPLE,772,2
0-PURPLE,773,1
0-PURPLE,774,6
0-PURPLE,775,5
0-PURPLE,776,6
0-PURPLE,777,2
0-PURPLE,778,4
0-PURPLE,779,3
0-PURPLE,780,2
0-PURPLE,781,3
0-PURPLE,782,3
0-PURPLE,783,3
0-PURPLE,784,5
0-PURPLE,785,3
0-PURPLE,786,6
0-PURPLE,788,5
0-PURPLE,789,4
0-PURPLE,790,3
0-PURPLE,791,3
0-PURPLE,793,1
0-PURPLE,794,2
0-PURPLE,795,1
0-PURPLE,796,6
0-PURPLE,797,2
0-PURPLE,798,4
0-PURPLE,801,4
0-PURPLE,802,6
0-PURPLE,803,1
0-PURPLE,804,6
0-PURPLE,805,2
0-PURPLE,806,3
0-PURPLE,807,3
0-PURPLE,808,3
0-PURPLE,809,4
0-PURPLE,810,1
0-PURPLE,811,4
0-PURPLE,812,4
0-PURPLE,813,2
0-PURPLE,814,2
0-PURPLE,815,5
0-PURPLE,817,1
0-PURPLE,818,3
0-PURPLE,819,2
0-PURPLE,820,4
0-PURPLE,821,2
0-PURPLE,822,2
0-PURPLE,823,3
0-PURPLE,824,3
0-PURPLE,826,3
0-PURPLE,827,1
0-PURPLE,828,3
0-PURPLE,829,3
0-PURPLE,830,4
0-PURPLE,831,2
0-PURPLE,832,3
0-PURPLE,833,3
0-PURPLE,834,2
0-PURPLE,835,2
0-PURPLE,836,3
0-PURPLE,837,4
0-PURPLE,838,4
0-PURPLE,839,3
0-PURPLE,840,2
0-PURPLE,841,2
0-PURPLE,842,1
0-PURPLE,843,2
0-PURPLE,844,4
0-PURPLE,845,1
0-PURPLE,846,6
0-PURPLE,847,1
0-PURPLE,848,3
0-PURPLE,849,1
0-PURPLE,850,2
0-PURPLE,851,1
0-PURPLE,852,2
0-PURPLE,853,6
0-PURPLE,854,3
0-PURPLE,855,2
0-PURPLE,856,5
0-PURPLE,857,2
0-PURPLE,858,1
0-PURPLE,860,2
0-PURPLE,863,3
0-PURPLE,865,3
0-PURPLE,866,4
0-PURPLE,867,2
0-PURPLE,869,1
0-PURPLE,870,2
0-PURPLE,871,3
0-PURPLE,872,2
0-PURPLE,873,5
0-PURPLE,874,5
0-PURPLE,875,1
0-PURPLE,876,1
0-PURPLE,877,2
0-PURPLE,878,1
0-PURPLE,879,1
0-PURPLE,880,2
0-PURPLE,882,2
0-PURPLE,883,1
0-PURPLE,884,1
0-PURPLE,885,1
0-PURPLE,886,2
0-PURPLE,887,4
0-PURPLE,889,1
0-PURPLE,890,3
0-PURPLE,891,1
0-PURPLE,892,4
0-PURPLE,893,4
0-PURPLE,894,4
0-PURPLE,895,1
0-PURPLE,896,1
0-PURPLE,897,3
0-PURPLE,898,2
0-PURPLE,899,3
0-PURPLE,900,1
0-PURPLE,901,2
0-PURPLE,902,1
0-PURPLE,903,2
0-PURPLE,904,1
0-PURPLE,905,1
0-PURPLE,906,3
0-PURPLE,908,1
0-PURPLE,910,1
0-PURPLE,914,2
0-PURPLE,915,2
0-PURPLE,916,1
0-PURPLE,918,5
0-PURPLE,919,3
0-PURPLE,920,3
0-PURPLE,922,4
0-PURPLE,923,2
0-PURPLE,924,2
0-PURPLE,927,1
0-PURPLE,929,1
0-PURPLE,930,2
0-PURPLE,932,1
0-PURPLE,934,1
0-PURPLE,935,1
0-PURPLE,936,1
0-PURPLE,937,4
0-PURPLE,938,2
0-PURPLE,939,1
0-PURPLE,940,1
0-PURPLE,941,1
0-PURPLE,943,2
0-PURPLE,944,2
0-PURPLE,945,1
0-PURPLE,946,1
0-PURPLE,947,4
0-PURPLE,948,4
0-PURPLE,949,2
0-PURPLE,950,2
0-PURPLE,951,1
0-PURPLE,952,1
0-PURPLE,954,3
0-PURPLE,956,1
0-PURPLE,957,2
0-PURPLE,958,2
0-PURPLE,959,1
0-PURPLE,960,2
0-PURPLE,961,1
0-PURPLE,962,1
0-PURPLE,965,2
0-PURPLE,967,1
0-PURPLE,968,2
0-PURPLE,969,2
0-PURPLE,970,2
0-PURPLE,971,1
0-PURPLE,972,2
0-PURPLE,973,1
0-PURPLE,974,1
0-PURPLE,976,1
0-PURPLE,977,2
0-PURPLE,979,3
0-PURPLE,980,3
0-PURPLE,984,2
0-PURPLE,986,1
0-PURPLE,988,1
0-PURPLE,990,2
0-PURPLE,992,1
0-PURPLE,993,2
0-PURPLE,994,2
0-PURPLE,995,2
0-PURPLE,998,3
0-PURPLE,999,1
0-PURPLE,1000,1
0-PURPLE,1001,1
0-PURPLE,1002,2
0-PURPLE,1003,1
0-PURPLE,1004,1
0-PURPLE,1005,1
0-PURPLE,1006,2
0-PURPLE,1007,2
0-PURPLE,1008,1
0-PURPLE,1011,1
0-PURPLE,1012,1
0-PURPLE,1013,1
0-PURPLE,1015,1
0-PURPLE,1016,3
0-PURPLE,1018,1
0-PURPLE,1019,1
0-PURPLE,1023,1
0-PURPLE,1024,1
0-PURPLE,1025,1
0-PURPLE,1026,3
0-PURPLE,1027,2
0-PURPLE,1028,3
0-PURPLE,1031,3
0-PURPLE,1033,1
0-PURPLE,1034,1
0-PURPLE,1037,2
0-PURPLE,1038,1
0-PURPLE,1041,1
0-PURPLE,1043,2
0-PURPLE,1045,1
0-PURPLE,1047,1
0-PURPLE,1049,1
0-PURPLE,1053,1
0-PURPLE,1054,2
0-PURPLE,1056,3
0-PURPLE,1059,1
0-PURPLE,1060,2
0-PURPLE,1062,1
0-PURPLE,1064,2
0-PURPLE,1065,3
0-PURPLE,1066,1
0-PURPLE,1067,1
0-PURPLE,1068,1
0-PURPLE,1071,3
0-PURPLE,1072,1
0-PURPLE,1073,1
0-PURPLE,1074,2
0-PURPLE,1075,1
0-PURPLE,1078,4
0-PURPLE,1080,1
0-PURPLE,1085,1
0-PURPLE,1087,3
0-PURPLE,1089,1
0-PURPLE,1090,2
0-PURPLE,1091,3
0-PURPLE,1092,1
0-PURPLE,1093,4
0-PURPLE,1095,1
0-PURPLE,1096,1
0-PURPLE,1098,3
0-PURPLE,1099,2
0-PURPLE,1100,3
0-PURPLE,1102,2
0-PURPLE,1103,1
0-PURPLE,1106,1
0-PURPLE,1107,1
0-PURPLE,1109,2
0-PURPLE,1110,1
0-PURPLE,1111,2
0-PURPLE,1112,1
0-PURPLE,1113,2
0-PURPLE,1114,4
0-PURPLE,1116,1
0-PURPLE,1117,2
0-PURPLE,1119,1
0-PURPLE,1121,1
0-PURPLE,1122,1
0-PURPLE,1123,1
0-PURPLE,1124,4
0-PURPLE,1130,2
0-PURPLE,1131,1
0-PURPLE,1132,1
0-PURPLE,1133,1
0-PURPLE,1135,2
0-PURPLE,1136,2
0-PURPLE,1139,2
0-PURPLE,1142,1
0-PURPLE,1144,1
0-PURPLE,1145,3
0-PURPLE,1146,1
0-PURPLE,1150,1
0-PURPLE,1151,1
0-PURPLE,1152,1
0-PURPLE,1153,1
0-PURPLE,1156,3
0-PURPLE,1158,2
0-PURPLE,1168,3
0-PURPLE,1169,1
0-PURPLE,1170,3
0-PURPLE,1171,1
0-PURPLE,1172,4
0-PURPLE,1174,2
0-PURPLE,1176,1
0-PURPLE,1177,1
0-PURPLE,1179,2
0-PURPLE,1180,4
0-PURPLE,1182,1
0-PURPLE,1187,2
0-PURPLE,1190,1
0-PURPLE,1191,1
0-PURPLE,1192,1
0-PURPLE,1193,1
0-PURPLE,1196,1
0-PURPLE,1197,1
0-PURPLE,1198,1
0-PURPLE,1199,2
0-PURPLE,1200,1
0-PURPLE,1204,2
0-PURPLE,1205,1
0-PURPLE,1208,1
0-PURPLE,1210,1
0-PURPLE,1212,1
0-PURPLE,1217,1
0-PURPLE,1218,1
0-PURPLE,1221,1
0-PURPLE,1222,1
0-PURPLE,1223,1
0-PURPLE,1226,2
0-PURPLE,1227,1
0-PURPLE,1228,1
0-PURPLE,1229,1
0-PURPLE,1231,1
0-PURPLE,1233,1
0-PURPLE,1234,1
0-PURPLE,1235,1
0-PURPLE,1240,1
0-PURPLE,1241,2
0-PURPLE,1244,2
0-PURPLE,1245,3
0-PURPLE,1251,1
0-PURPLE,1252,1
0-PURPLE,1253,1
0-PURPLE,1254,2
0-PURPLE,1255,2
0-PURPLE,1256,1
0-PURPLE,1257,1
0-PURPLE,1259,1
0-PURPLE,1260,1
0-PURPLE,1262,3
0-PURPLE,1265,2
0-PURPLE,1267,2
0-PURPLE,1269,1
0-PURPLE,1270,1
0-PURPLE,1271,1
0-PURPLE,1275,1
0-PURPLE,1276,2
0-PURPLE,1278,1
0-PURPLE,1279,1
0-PURPLE,1280,1
0-PURPLE,1283,1
0-PURPLE,1285,3
0-PURPLE,1289,1
0-PURPLE,1291,1
0-PURPLE,1292,1
0-PURPLE,1296,1
0-PURPLE,1297,1
0-PURPLE,1298,1
0-PURPLE,1300,1
0-PURPLE,1303,1
0-PURPLE,1304,1
0-PURPLE,1307,1
0-PURPLE,1308,2
0-PURPLE,1311,1
0-PURPLE,1313,2
0-PURPLE,1315,1
0-PURPLE,1318,1
0-PURPLE,1320,1
0-PURPLE,1321,1
0-PURPLE,1322,1
0-PURPLE,1325,2
0-PURPLE,1327,2
0-PURPLE,1332,2
0-PURPLE,1333,1
0-PURPLE,1336,1
0-PURPLE,1339,2
0-PURPLE,1340,1
0-PURPLE,1341,1
0-PURPLE,1342,1
0-PURPLE,1343,1
0-PURPLE,1347,2
0-PURPLE,1348,1
0-PURPLE,1349,1
0-PURPLE,1351,1
0-PURPLE,1353,1
0-PURPLE,1354,1
0-PURPLE,1355,1
0-PURPLE,1358,1
0-PURPLE,1359,1
0-PURPLE,1361,1
0-PURPLE,1364,1
0-PURPLE,1370,1
0-PURPLE,1371,1
0-PURPLE,1374,1
0-PURPLE,1380,1
0-PURPLE,1383,1
0-PURPLE,1384,1
0-PURPLE,1385,1
0-PURPLE,1388,2
0-PURPLE,1390,2
0-PURPLE,1391,1
0-PURPLE,1393,1
0-PURPLE,1395,1
0-PURPLE,1399,1
0-PURPLE,1401,3
0-PURPLE,1404,2
0-PURPLE,1405,1
0-PURPLE,1406,1
0-PURPLE,1407,1
0-PURPLE,1409,1
0-PURPLE,1410,1
0-PURPLE,1411,2
0-PURPLE,1412,1
0-PURPLE,1413,1
0-PURPLE,1415,1
0-PURPLE,1417,1
0-PURPLE,1418,1
0-PURPLE,1421,1
0-PURPLE,1425,2
0-PURPLE,1430,1
0-PURPLE,1435,1
0-PURPLE,1437,1
0-PURPLE,1439,1
0-PURPLE,1443,1
0-PURPLE,1450,2
0-PURPLE,1451,1
0-PURPLE,1458,1
0-PURPLE,1460,1
0-PURPLE,1464,1
0-PURPLE,1467,1
0-PURPLE,1471,1
0-PURPLE,1472,1
0-PURPLE,1477,1
0-PURPLE,1479,1
0-PURPLE,1482,1
0-PURPLE,1485,1
0-PURPLE,1486,1
0-PURPLE,1488,1
0-PURPLE,1489,1
0-PURPLE,1492,1
0-PURPLE,1493,2
0-PURPLE,1494,1
0-PURPLE,1496,2
0-PURPLE,1498,1
0-PURPLE,1503,1
0-PURPLE,1506,1
0-PURPLE,1507,1
0-PURPLE,1510,1
0-PURPLE,1511,1
0-PURPLE,1516,1
0-PURPLE,1521,1
0-PURPLE,1522,1
0-PURPLE,1524,1
0-PURPLE,1530,1
0-PURPLE,1540,2
0-PURPLE,1545,1
0-PURPLE,1546,2
0-PURPLE,1555,1
0-PURPLE,1559,1
0-PURPLE,1560,1
0-PURPLE,1564,1
0-PURPLE,1567,1
0-PURPLE,1571,1
0-PURPLE,1575,1
0-PURPLE,1578,1
0-PURPLE,1589,1
0-PURPLE,1590,1
0-PURPLE,1591,1
0-PURPLE,1592,1
0-PURPLE,1594,1
0-PURPLE,1601,1
0-PURPLE,1604,1
0-PURPLE,1605,1
0-PURPLE,1606,3
0-PURPLE,1608,1
0-PURPLE,1609,1
0-PURPLE,1611,1
0-PURPLE,1617,1
0-PURPLE,1618,1
0-PURPLE,1620,1
0-PURPLE,1622,1
0-PURPLE,1625,1
0-PURPLE,1636,1
0-PURPLE,1638,1
0-PURPLE,1649,1
0-PURPLE,1653,1
0-PURPLE,1654,1
0-PURPLE,1661,1
0-PURPLE,1664,1
0-PURPLE,1671,2
0-PURPLE,1679,1
0-PURPLE,1684,1
0-PURPLE,1686,1
0-PURPLE,1688,1
0-PURPLE,1694,1
0-PURPLE,1698,1
0-PURPLE,1702,1
0-PURPLE,1706,1
0-PURPLE,1720,1
0-PURPLE,1726,1
0-PURPLE,1730,1
0-PURPLE,1747,2
0-PURPLE,1749,1
0-PURPLE,1750,1
0-PURPLE,1751,1
0-PURPLE,1753,1
0-PURPLE,1781,1
0-PURPLE,1783,1
0-PURPLE,1784,1
0-PURPLE,1788,1
0-PURPLE,1801,1
0-PURPLE,1806,1
0-PURPLE,1829,1
0-PURPLE,1835,2
0-PURPLE,1837,2
0-PURPLE,1838,2
0-PURPLE,1842,1
0-PURPLE,1844,1
0-PURPLE,1851,1
0-PURPLE,1855,1
0-PURPLE,1861,1
0-PURPLE,1863,1
0-PURPLE,1874,1
0-PURPLE,1875,1
0-PURPLE,1882,1
0-PURPLE,1883,1
0-PURPLE,1912,1
0-PURPLE,1918,1
0-PURPLE,1934,2
0-PURPLE,1935,1
0-PURPLE,1950,1
0-PURPLE,1962,1
0-PURPLE,1964,2
0-PURPLE,1967,1
0-PURPLE,1972,1
0-PURPLE,1973,1
0-PURPLE,1991,1
0-PURPLE,2010,1
0-PURPLE,2021,1
0-PURPLE,2022,1
0-PURPLE,2050,1
0-PURPLE,2073,1
0-PURPLE,2076,1
0-PURPLE,2089,1
0-PURPLE,2091,1
0-PURPLE,2097,1
0-PURPLE,2108,1
0-PURPLE,2111,2
0-PURPLE,2151,1
0-PURPLE,2170,1
0-PURPLE,2179,1
0-PURPLE,2210,1
0-PURPLE,2228,1
0-PURPLE,2229,1
0-PURPLE,2257,1
0-PURPLE,2265,1
0-PURPLE,2277,1
0-PURPLE,2288,1
0-PURPLE,2319,1
0-PURPLE,2323,1
0-PURPLE,2339,1
0-PURPLE,2363,1
0-PURPLE,2387,1
0-PURPLE,2393,1
0-PURPLE,2413,1
0-PURPLE,2452,1
0-PURPLE,2473,1
0-PURPLE,2474,1
0-PURPLE,2486,1
0-PURPLE,2487,1
0-PURPLE,2492,1
0-PURPLE,2522,1
0-PURPLE,2546,1
0-PURPLE,2597,1
0-PURPLE,2602,1
0-PURPLE,2636,1
0-PURPLE,2679,1
0-PURPLE,2710,1
0-PURPLE,2757,1
0-PURPLE,2778,1
0-PURPLE,2785,1
0-PURPLE,2810,1
0-PURPLE,2846,1
0-PURPLE,2906,1
0-PURPLE,2963,1
0-PURPLE,2990,1
0-PURPLE,3034,1
0-PURPLE,3076,1
0-PURPLE,3141,1
0-PURPLE,3164,1
0-PURPLE,3201,1
0-PURPLE,3212,1
0-PURPLE,3264,1
0-PURPLE,3266,1
0-PURPLE,3306,1
0-PURPLE,3349,1
0-PURPLE,3429,1
0-PURPLE,3432,1
0-PURPLE,3451,1
0-PURPLE,3496,1
0-PURPLE,3575,1
0-PURPLE,3633,1
0-PURPLE,4065,1
0-PURPLE,4289,1
0-PURPLE,4413,1
0-PURPLE,4580,1
0-PURPLE,4756,1
0-PURPLE,4869,1
0-PURPLE,4940,1
0-PURPLE,4970,1
0-PURPLE,5390,1
0-PURPLE,5621,1
0-PURPLE,5919,1
1-RED (ACP),0,53
1-RED (ACP),6,2
1-RED (ACP),8,2
1-RED (ACP),9,7
1-RED (ACP),10,4
1-RED (ACP),11,8
1-RED (ACP),12,4
1-RED (ACP),13,6
1-RED (ACP),14,6
1-RED (ACP),15,5
1-RED (ACP),16,9
1-RED (ACP),17,5
1-RED (ACP),18,6
1-RED (ACP),19,3
1-RED (ACP),20,3
1-RED (ACP),21,2
1-RED (ACP),23,1
1-RED (ACP),25,5
1-RED (ACP),26,3
1-RED (ACP),27,3
1-RED (ACP),28,2
1-RED (ACP),29,1
1-RED (ACP),33,1
1-RED (ACP),34,1
1-RED (ACP),35,2
1-RED (ACP),36,2
1-RED (ACP),37,2
1-RED (ACP),40,2
1-RED (ACP),41,2
1-RED (ACP),42,2
1-RED (ACP),43,1
1-RED (ACP),45,1
1-RED (ACP),46,2
1-RED (ACP),47,2
1-RED (ACP),48,1
1-RED (ACP),49,2
1-RED (ACP),50,2
1-RED (ACP),52,2
1-RED (ACP),54,1
1-RED (ACP),55,2
1-RED (ACP),56,2
1-RED (ACP),57,2
1-RED (ACP),58,1
1-RED (ACP),59,1
1-RED (ACP),61,1
1-RED (ACP),62,3
1-RED (ACP),63,1
1-RED (ACP),64,1
1-RED (ACP),65,1
1-RED (ACP),66,1
1-RED (ACP),67,1
1-RED (ACP),69,1
1-RED (ACP),70,1
1-RED (ACP),74,1
1-RED (ACP),76,1
1-RED (ACP),78,1
1-RED (ACP),79,2
1-RED (ACP),80,1
1-RED (ACP),84,2
1-RED (ACP),87,1
1-RED (ACP),88,2
1-RED (ACP),89,1
1-RED (ACP),90,1
1-RED (ACP),91,1
1-RED (ACP),92,1
1-RED (ACP),93,2
1-RED (ACP),95,1
1-RED (ACP),96,1
1-RED (ACP),97,2
1-RED (ACP),98,2
1-RED (ACP),100,2
1-RED (ACP),101,4
1-RED (ACP),102,1
1-RED (ACP),105,3
1-RED (ACP),106,2
1-RED (ACP),107,2
1-RED (ACP),108,2
1-RED (ACP),110,1
1-RED (ACP),111,1
1-RED (ACP),112,3
1-RED (ACP),114,2
1-RED (ACP),116,4
1-RED (ACP),117,2
1-RED (ACP),120,1
1-RED (ACP),123,2
1-RED (ACP),124,1
1-RED (ACP),125,1
1-RED (ACP),126,1
1-RED (ACP),127,1
1-RED (ACP),128,1
1-RED (ACP),129,3
1-RED (ACP),132,3
1-RED (ACP),134,2
1-RED (ACP),135,2
1-RED (ACP),137,1
1-RED (ACP),138,3
1-RED (ACP),139,1
1-RED (ACP),140,1
1-RED (ACP),141,2
1-RED (ACP),142,1
1-RED (ACP),144,1
1-RED (ACP),145,1
1-RED (ACP),146,1
1-RED (ACP),147,1
1-RED (ACP),148,7
1-RED (ACP),149,4
1-RED (ACP),150,3
1-RED (ACP),151,3
1-RED (ACP),152,1
1-RED (ACP),153,3
1-RED (ACP),154,3
1-RED (ACP),155,3
1-RED (ACP),156,1
1-RED (ACP),157,1
1-RED (ACP),158,4
1-RED (ACP),159,3
1-RED (ACP),160,2
1-RED (ACP),161,3
1-RED (ACP),162,1
1-RED (ACP),163,2
1-RED (ACP),164,5
1-RED (ACP),165,4
1-RED (ACP),166,5
1-RED (ACP),167,4
1-RED (ACP),168,4
1-RED (ACP),169,2
1-RED (ACP),170,2
1-RED (ACP),171,1
1-RED (ACP),172,4
1-RED (ACP),173,7
1-RED (ACP),174,9
1-RED (ACP),175,4
1-RED (ACP),176,5
1-RED (ACP),177,4
1-RED (ACP),178,10
1-RED (ACP),179,7
1-RED (ACP),180,8
1-RED (ACP),181,8
1-RED (ACP),182,9
1-RED (ACP),183,3
1-RED (ACP),184,7
1-RED (ACP),185,7
1-RED (ACP),186,6
1-RED (ACP),187,8
1-RED (ACP),188,5
1-RED (ACP),189,4
1-RED (ACP),190,2
1-RED (ACP),191,5
1-RED (ACP),192,5
1-RED (ACP),193,6
1-RED (ACP),194,6
1-RED (ACP),195,7
1-RED (ACP),196,9
1-RED (ACP),197,12
1-RED (ACP),198,6
1-RED (ACP),199,6
1-RED (ACP),200,10
1-RED (ACP),201,9
1-RED (ACP),202,6
1-RED (ACP),203,13
1-RED (ACP),204,9
1-RED (ACP),205,4
1-RED (ACP),206,12
1-RED (ACP),207,11
1-RED (ACP),208,15
1-RED (ACP),209,10
1-RED (ACP),210,12
1-RED (ACP),211,12
1-RED (ACP),212,18
1-RED (ACP),213,11
1-RED (ACP),214,12
1-RED (ACP),215,17
1-RED (ACP),216,7
1-RED (ACP),217,14
1-RED (ACP),218,17
1-RED (ACP),219,11
1-RED (ACP),220,10
1-RED (ACP),221,10
1-RED (ACP),222,11
1-RED (ACP),223,19
1-RED (ACP),224,14
1-RED (ACP),225,17
1-RED (ACP),226,12
1-RED (ACP),227,20
1-RED (ACP),228,15
1-RED (ACP),229,18
1-RED (ACP),230,15
1-RED (ACP),231,17
1-RED (ACP),232,11
1-RED (ACP),233,13
1-RED (ACP),234,25
1-RED (ACP),235,14
1-RED (ACP),236,23
1-RED (ACP),237,21
1-RED (ACP),238,20
1-RED (ACP),239,23
1-RED (ACP),240,17
1-RED (ACP),241,22
1-RED (ACP),242,17
1-RED (ACP),243,21
1-RED (ACP),244,23
1-RED (ACP),245,17
1-RED (ACP),246,24
1-RED (ACP),247,26
1-RED (ACP),248,21
1-RED (ACP),249,20
1-RED (ACP),250,27
1-RED (ACP),251,24
1-RED (ACP),252,35
1-RED (ACP),253,17
1-RED (ACP),254,23
1-RED (ACP),255,27
1-RED (ACP),256,24
1-RED (ACP),257,38
1-RED (ACP),258,28
1-RED (ACP),259,19
1-RED (ACP),260,33
1-RED (ACP),261,23
1-RED (ACP),262,29
1-RED (ACP),263,22
1-RED (ACP),264,36
1-RED (ACP),265,35
1-RED (ACP),266,26
1-RED (ACP),267,31
1-RED (ACP),268,28
1-RED (ACP),269,28
1-RED (ACP),270,25
1-RED (ACP),271,30
1-RED (ACP),272,26
1-RED (ACP),273,28
1-RED (ACP),274,43
1-RED (ACP),275,20
1-RED (ACP),276,36
1-RED (ACP),277,27
1-RED (ACP),278,32
1-RED (ACP),279,27
1-RED (ACP),280,29
1-RED (ACP),281,36
1-RED (ACP),282,32
1-RED (ACP),283,42
1-RED (ACP),284,39
1-RED (ACP),285,35
1-RED (ACP),286,40
1-RED (ACP),287,40
1-RED (ACP),288,42
1-RED (ACP),289,38
1-RED (ACP),290,40
1-RED (ACP),291,43
1-RED (ACP),292,39
1-RED (ACP),293,37
1-RED (ACP),294,41
1-RED (ACP),295,30
1-RED (ACP),296,40
1-RED (ACP),297,49
1-RED (ACP),298,50
1-RED (ACP),299,43
1-RED (ACP),300,38
1-RED (ACP),301,42
1-RED (ACP),302,35
1-RED (ACP),303,33
1-RED (ACP),304,46
1-RED (ACP),305,39
1-RED (ACP),306,39
1-RED (ACP),307,43
1-RED (ACP),308,46
1-RED (ACP),309,52
1-RED (ACP),310,52
1-RED (ACP),311,43
1-RED (ACP),312,43
1-RED (ACP),313,42
1-RED (ACP),314,53
1-RED (ACP),315,45
1-RED (ACP),316,55
1-RED (ACP),317,46
1-RED (ACP),318,47
1-RED (ACP),319,56
1-RED (ACP),320,48
1-RED (ACP),321,43
1-RED (ACP),322,50
1-RED (ACP),323,47
1-RED (ACP),324,40
1-RED (ACP),325,74
1-RED (ACP),326,46
1-RED (ACP),327,50
1-RED (ACP),328,74
1-RED (ACP),329,60
1-RED (ACP),330,45
1-RED (ACP),331,65
1-RED (ACP),332,68
1-RED (ACP),333,50
1-RED (ACP),334,50
1-RED (ACP),335,59
1-RED (ACP),336,62
1-RED (ACP),337,72
1-RED (ACP),338,56
1-RED (ACP),339,57
1-RED (ACP),340,62
1-RED (ACP),341,58
1-RED (ACP),342,61
1-RED (ACP),343,41
1-RED (ACP),344,56
1-RED (ACP),345,66
1-RED (ACP),346,82
1-RED (ACP),347,59
1-RED (ACP),348,70
1-RED (ACP),349,74
1-RED (ACP),350,80
1-RED (ACP),351,61
1-RED (ACP),352,62
1-RED (ACP),353,68
1-RED (ACP),354,69
1-RED (ACP),355,70
1-RED (ACP),356,85
1-RED (ACP),357,87
1-RED (ACP),358,81
1-RED (ACP),359,72
1-RED (ACP),360,62
1-RED (ACP),361,61
1-RED (ACP),362,75
1-RED (ACP),363,73
1-RED (ACP),364,52
1-RED (ACP),365,71
1-RED (ACP),366,70
1-RED (ACP),367,76
1-RED (ACP),368,94
1-RED (ACP),369,85
1-RED (ACP),370,70
1-RED (ACP),371,63
1-RED (ACP),372,59
1-RED (ACP),373,81
1-RED (ACP),374,77
1-RED (ACP),375,78
1-RED (ACP),376,76
1-RED (ACP),377,90
1-RED (ACP),378,90
1-RED (ACP),379,84
1-RED (ACP),380,73
1-RED (ACP),381,96
1-RED (ACP),382,61
1-RED (ACP),383,86
1-RED (ACP),384,88
1-RED (ACP),385,80
1-RED (ACP),386,89
1-RED (ACP),387,75
1-RED (ACP),388,71
1-RED (ACP),389,84
1-RED (ACP),390,96
1-RED (ACP),391,91
1-RED (ACP),392,95
1-RED (ACP),393,92
1-RED (ACP),394,76
1-RED (ACP),395,74
1-RED (ACP),396,77
1-RED (ACP),397,80
1-RED (ACP),398,80
1-RED (ACP),399,82
1-RED (ACP),400,98
1-RED (ACP),401,93
1-RED (ACP),402,89
1-RED (ACP),403,100
1-RED (ACP),404,98
1-RED (ACP),405,79
1-RED (ACP),406,95
1-RED (ACP),407,83
1-RED (ACP),408,96
1-RED (ACP),409,100
1-RED (ACP),410,96
1-RED (ACP),411,74
1-RED (ACP),412,93
1-RED (ACP),413,90
1-RED (ACP),414,93
1-RED (ACP),415,86
1-RED (ACP),416,86
1-RED (ACP),417,104
1-RED (ACP),418,85
1-RED (ACP),419,69
1-RED (ACP),420,91
1-RED (ACP),421,80
1-RED (ACP),422,77
1-RED (ACP),423,85
1-RED (ACP),424,125
1-RED (ACP),425,86
1-RED (ACP),426,103
1-RED (ACP),427,92
1-RED (ACP),428,94
1-RED (ACP),429,88
1-RED (ACP),430,98
1-RED (ACP),431,95
1-RED (ACP),432,114
1-RED (ACP),433,101
1-RED (ACP),434,109
1-RED (ACP),435,95
1-RED (ACP),436,108
1-RED (ACP),437,105
1-RED (ACP),438,117
1-RED (ACP),439,106
1-RED (ACP),440,87
1-RED (ACP),441,107
1-RED (ACP),442,101
1-RED (ACP),443,114
1-RED (ACP),444,94
1-RED (ACP),445,111
1-RED (ACP),446,102
1-RED (ACP),447,121
1-RED (ACP),448,116
1-RED (ACP),449,112
1-RED (ACP),450,116
1-RED (ACP),451,88
1-RED (ACP),452,109
1-RED (ACP),453,142
1-RED (ACP),454,93
1-RED (ACP),455,92
1-RED (ACP),456,107
1-RED (ACP),457,105
1-RED (ACP),458,115
1-RED (ACP),459,113
1-RED (ACP),460,106
1-RED (ACP),461,120
1-RED (ACP),462,94
1-RED (ACP),463,104
1-RED (ACP),464,96
1-RED (ACP),465,111
1-RED (ACP),466,95
1-RED (ACP),467,118
1-RED (ACP),468,109
1-RED (ACP),469,95
1-RED (ACP),470,105
1-RED (ACP),471,118
1-RED (ACP),472,113
1-RED (ACP),473,110
1-RED (ACP),474,113
1-RED (ACP),475,122
1-RED (ACP),476,108
1-RED (ACP),477,116
1-RED (ACP),478,124
1-RED (ACP),479,116
1-RED (ACP),480,101
1-RED (ACP),481,112
1-RED (ACP),482,106
1-RED (ACP),483,123
1-RED (ACP),484,115
1-RED (ACP),485,107
1-RED (ACP),486,112
1-RED (ACP),487,115
1-RED (ACP),488,113
1-RED (ACP),489,118
1-RED (ACP),490,115
1-RED (ACP),491,104
1-RED (ACP),492,116
1-RED (ACP),493,109
1-RED (ACP),494,116
1-RED (ACP),495,129
1-RED (ACP),496,94
1-RED (ACP),497,104
1-RED (ACP),498,116
1-RED (ACP),499,114
1-RED (ACP),500,120
1-RED (ACP),501,87
1-RED (ACP),502,95
1-RED (ACP),503,107
1-RED (ACP),504,124
1-RED (ACP),505,126
1-RED (ACP),506,94
1-RED (ACP),507,126
1-RED (ACP),508,103
1-RED (ACP),509,136
1-RED (ACP),510,136
1-RED (ACP),511,115
1-RED (ACP),512,116
1-RED (ACP),513,134
1-RED (ACP),514,89
1-RED (ACP),515,115
1-RED (ACP),516,110
1-RED (ACP),517,115
1-RED (ACP),518,109
1-RED (ACP),519,127
1-RED (ACP),520,114
1-RED (ACP),521,130
1-RED (ACP),522,118
1-RED (ACP),523,108
1-RED (ACP),524,131
1-RED (ACP),525,129
1-RED (ACP),526,108
1-RED (ACP),527,110
1-RED (ACP),528,116
1-RED (ACP),529,126
1-RED (ACP),530,105
1-RED (ACP),531,129
1-RED (ACP),532,126
1-RED (ACP),533,115
1-RED (ACP),534,111
1-RED (ACP),535,117
1-RED (ACP),536,106
1-RED (ACP),537,129
1-RED (ACP),538,105
1-RED (ACP),539,117
1-RED (ACP),540,114
1-RED (ACP),541,126
1-RED (ACP),542,116
1-RED (ACP),543,114
1-RED (ACP),544,116
1-RED (ACP),545,101
1-RED (ACP),546,113
1-RED (ACP),547,129
1-RED (ACP),548,118
1-RED (ACP),549,129
1-RED (ACP),550,117
1-RED (ACP),551,100
1-RED (ACP),552,123
1-RED (ACP),553,132
1-RED (ACP),554,106
1-RED (ACP),555,104
1-RED (ACP),556,100
1-RED (ACP),557,113
1-RED (ACP),558,112
1-RED (ACP),559,121
1-RED (ACP),560,108
1-RED (ACP),561,98
1-RED (ACP),562,104
1-RED (ACP),563,104
1-RED (ACP),564,119
1-RED (ACP),565,124
1-RED (ACP),566,117
1-RED (ACP),567,128
1-RED (ACP),568,109
1-RED (ACP),569,120
1-RED (ACP),570,123
1-RED (ACP),571,124
1-RED (ACP),572,119
1-RED (ACP),573,101
1-RED (ACP),574,113
1-RED (ACP),575,125
1-RED (ACP),576,92
1-RED (ACP),577,111
1-RED (ACP),578,105
1-RED (ACP),579,107
1-RED (ACP),580,136
1-RED (ACP),581,112
1-RED (ACP),582,97
1-RED (ACP),583,121
1-RED (ACP),584,104
1-RED (ACP),585,109
1-RED (ACP),586,104
1-RED (ACP),587,106
1-RED (ACP),588,108
1-RED (ACP),589,108
1-RED (ACP),590,115
1-RED (ACP),591,115
1-RED (ACP),592,113
1-RED (ACP),593,109
1-RED (ACP),594,106
1-RED (ACP),595,99
1-RED (ACP),596,106
1-RED (ACP),597,110
1-RED (ACP),598,125
1-RED (ACP),599,90
1-RED (ACP),600,127
1-RED (ACP),601,102
1-RED (ACP),602,104
1-RED (ACP),603,96
1-RED (ACP),604,114
1-RED (ACP),605,93
1-RED (ACP),606,107
1-RED (ACP),607,95
1-RED (ACP),608,97
1-RED (ACP),609,124
1-RED (ACP),610,111
1-RED (ACP),611,101
1-RED (ACP),612,104
1-RED (ACP),613,111
1-RED (ACP),614,113
1-RED (ACP),615,110
1-RED (ACP),616,108
1-RED (ACP),617,107
1-RED (ACP),618,118
1-RED (ACP),619,101
1-RED (ACP),620,113
1-RED (ACP),621,105
1-RED (ACP),622,103
1-RED (ACP),623,97
1-RED (ACP),624,97
1-RED (ACP),625,94
1-RED (ACP),626,103
1-RED (ACP),627,99
1-RED (ACP),628,98
1-RED (ACP),629,99
1-RED (ACP),630,99
1-RED (ACP),631,106
1-RED (ACP),632,103
1-RED (ACP),633,119
1-RED (ACP),634,106
1-RED (ACP),635,102
1-RED (ACP),636,124
1-RED (ACP),637,106
1-RED (ACP),638,101
1-RED (ACP),639,99
1-RED (ACP),640,89
1-RED (ACP),641,94
1-RED (ACP),642,83
1-RED (ACP),643,91
1-RED (ACP),644,99
1-RED (ACP),645,88
1-RED (ACP),646,110
1-RED (ACP),647,100
1-RED (ACP),648,114
1-RED (ACP),649,90
1-RED (ACP),650,86
1-RED (ACP),651,93
1-RED (ACP),652,93
1-RED (ACP),653,105
1-RED (ACP),654,107
1-RED (ACP),655,111
1-RED (ACP),656,94
1-RED (ACP),657,88
1-RED (ACP),658,102
1-RED (ACP),659,85
1-RED (ACP),660,100
1-RED (ACP),661,89
1-RED (ACP),662,84
1-RED (ACP),663,113
1-RED (ACP),664,78
1-RED (ACP),665,94
1-RED (ACP),666,96
1-RED (ACP),667,66
1-RED (ACP),668,94
1-RED (ACP),669,92
1-RED (ACP),670,110
1-RED (ACP),671,72
1-RED (ACP),672,84
1-RED (ACP),673,110
1-RED (ACP),674,79
1-RED (ACP),675,74
1-RED (ACP),676,84
1-RED (ACP),677,83
1-RED (ACP),678,81
1-RED (ACP),679,88
1-RED (ACP),680,84
1-RED (ACP),681,87
1-RED (ACP),682,89
1-RED (ACP),683,76
1-RED (ACP),684,96
1-RED (ACP),685,91
1-RED (ACP),686,89
1-RED (ACP),687,95
1-RED (ACP),688,97
1-RED (ACP),689,90
1-RED (ACP),690,80
1-RED (ACP),691,82
1-RED (ACP),692,92
1-RED (ACP),693,85
1-RED (ACP),694,76
1-RED (ACP),695,84
1-RED (ACP),696,82
1-RED (ACP),697,80
1-RED (ACP),698,84
1-RED (ACP),699,79
1-RED (ACP),700,55
1-RED (ACP),701,78
1-RED (ACP),702,74
1-RED (ACP),703,83
1-RED (ACP),704,95
1-RED (ACP),705,66
1-RED (ACP),706,89
1-RED (ACP),707,73
1-RED (ACP),708,70
1-RED (ACP),709,91
1-RED (ACP),710,74
1-RED (ACP),711,71
1-RED (ACP),712,78
1-RED (ACP),713,90
1-RED (ACP),714,66
1-RED (ACP),715,78
1-RED (ACP),716,69
1-RED (ACP),717,78
1-RED (ACP),718,85
1-RED (ACP),719,77
1-RED (ACP),720,93
1-RED (ACP),721,69
1-RED (ACP),722,78
1-RED (ACP),723,80
1-RED (ACP),724,84
1-RED (ACP),725,68
1-RED (ACP),726,66
1-RED (ACP),727,68
1-RED (ACP),728,71
1-RED (ACP),729,65
1-RED (ACP),730,50
1-RED (ACP),731,75
1-RED (ACP),732,68
1-RED (ACP),733,83
1-RED (ACP),734,59
1-RED (ACP),735,58
1-RED (ACP),736,67
1-RED (ACP),737,63
1-RED (ACP),738,87
1-RED (ACP),739,79
1-RED (ACP),740,68
1-RED (ACP),741,60
1-RED (ACP),742,62
1-RED (ACP),743,65
1-RED (ACP),744,76
1-RED (ACP),745,77
1-RED (ACP),746,73
1-RED (ACP),747,73
1-RED (ACP),748,59
1-RED (ACP),749,67
1-RED (ACP),750,50
1-RED (ACP),751,69
1-RED (ACP),752,63
1-RED (ACP),753,96
1-RED (ACP),754,68
1-RED (ACP),755,74
1-RED (ACP),756,74
1-RED (ACP),757,74
1-RED (ACP),758,63
1-RED (ACP),759,63
1-RED (ACP),760,73
1-RED (ACP),761,54
1-RED (ACP),762,61
1-RED (ACP),763,63
1-RED (ACP),764,58
1-RED (ACP),765,71
1-RED (ACP),766,61
1-RED (ACP),767,58
1-RED (ACP),768,78
1-RED (ACP),769,59
1-RED (ACP),770,64
1-RED (ACP),771,54
1-RED (ACP),772,61
1-RED (ACP),773,62
1-RED (ACP),774,65
1-RED (ACP),775,58
1-RED (ACP),776,63
1-RED (ACP),777,59
1-RED (ACP),778,58
1-RED (ACP),779,54
1-RED (ACP),780,37
1-RED (ACP),781,59
1-RED (ACP),782,61
1-RED (ACP),783,54
1-RED (ACP),784,58
1-RED (ACP),785,48
1-RED (ACP),786,57
1-RED (ACP),787,60
1-RED (ACP),788,46
1-RED (ACP),789,56
1-RED (ACP),790,41
1-RED (ACP),791,61
1-RED (ACP),792,53
1-RED (ACP),793,48
1-RED (ACP),794,69
1-RED (ACP),795,40
1-RED (ACP),796,58
1-RED (ACP),797,65
1-RED (ACP),798,59
1-RED (ACP),799,55
1-RED (ACP),800,33
1-RED (ACP),801,54
1-RED (ACP),802,60
1-RED (ACP),803,53
1-RED (ACP),804,55
1-RED (ACP),805,55
1-RED (ACP),806,63
1-RED (ACP),807,57
1-RED (ACP),808,53
1-RED (ACP),809,52
1-RED (ACP),810,40
1-RED (ACP),811,45
1-RED (ACP),812,41
1-RED (ACP),813,53
1-RED (ACP),814,48
1-RED (ACP),815,41
1-RED (ACP),816,46
1-RED (ACP),817,50
1-RED (ACP),818,49
1-RED (ACP),819,52
1-RED (ACP),820,53
1-RED (ACP),821,34
1-RED (ACP),822,40
1-RED (ACP),823,39
1-RED (ACP),824,57
1-RED (ACP),825,47
1-RED (ACP),826,55
1-RED (ACP),827,43
1-RED (ACP),828,37
1-RED (ACP),829,43
1-RED (ACP),830,42
1-RED (ACP),831,45
1-RED (ACP),832,36
1-RED (ACP),833,46
1-RED (ACP),834,25
1-RED (ACP),835,43
1-RED (ACP),836,49
1-RED (ACP),837,50
1-RED (ACP),838,30
1-RED (ACP),839,47
1-RED (ACP),840,48
1-RED (ACP),841,48
1-RED (ACP),842,46
1-RED (ACP),843,47
1-RED (ACP),844,45
1-RED (ACP),845,43
1-RED (ACP),846,47
1-RED (ACP),847,46
1-RED (ACP),848,41
1-RED (ACP),849,53
1-RED (ACP),850,51
1-RED (ACP),851,43
1-RED (ACP),852,48
1-RED (ACP),853,36
1-RED (ACP),854,33
1-RED (ACP),855,41
1-RED (ACP),856,43
1-RED (ACP),857,41
1-RED (ACP),858,35
1-RED (ACP),859,35
1-RED (ACP),860,50
1-RED (ACP),861,40
1-RED (ACP),862,39
1-RED (ACP),863,37
1-RED (ACP),864,47
1-RED (ACP),865,41
1-RED (ACP),866,37
1-RED (ACP),867,37
1-RED (ACP),868,42
1-RED (ACP),869,42
1-RED (ACP),870,42
1-RED (ACP),871,44
1-RED (ACP),872,38
1-RED (ACP),873,43
1-RED (ACP),874,42
1-RED (ACP),875,42
1-RED (ACP),876,35
1-RED (ACP),877,25
1-RED (ACP),878,28
1-RED (ACP),879,49
1-RED (ACP),880,41
1-RED (ACP),881,49
1-RED (ACP),882,39
1-RED (ACP),883,38
1-RED (ACP),884,33
1-RED (ACP),885,43
1-RED (ACP),886,37
1-RED (ACP),887,29
1-RED (ACP),888,44
1-RED (ACP),889,36
1-RED (ACP),890,41
1-RED (ACP),891,29
1-RED (ACP),892,39
1-RED (ACP),893,32
1-RED (ACP),894,36
1-RED (ACP),895,34
1-RED (ACP),896,28
1-RED (ACP),897,37
1-RED (ACP),898,45
1-RED (ACP),899,33
1-RED (ACP),900,26
1-RED (ACP),901,42
1-RED (ACP),902,22
1-RED (ACP),903,31
1-RED (ACP),904,29
1-RED (ACP),905,34
1-RED (ACP),906,38
1-RED (ACP),907,31
1-RED (ACP),908,30
1-RED (ACP),909,35
1-RED (ACP),910,31
1-RED (ACP),911,32
1-RED (ACP),912,35
1-RED (ACP),913,34
1-RED (ACP),914,34
1-RED (ACP),915,30
1-RED (ACP),916,32
1-RED (ACP),917,28
1-RED (ACP),918,30
1-RED (ACP),919,35
1-RED (ACP),920,33
1-RED (ACP),921,30
1-RED (ACP),922,20
1-RED (ACP),923,24
1-RED (ACP),924,25
1-RED (ACP),925,24
1-RED (ACP),926,20
1-RED (ACP),927,33
1-RED (ACP),928,35
1-RED (ACP),929,24
1-RED (ACP),930,21
1-RED (ACP),931,32
1-RED (ACP),932,29
1-RED (ACP),933,34
1-RED (ACP),934,21
1-RED (ACP),935,16
1-RED (ACP),936,35
1-RED (ACP),937,37
1-RED (ACP),938,30
1-RED (ACP),939,19
1-RED (ACP),940,25
1-RED (ACP),941,25
1-RED (ACP),942,24
1-RED (ACP),943,22
1-RED (ACP),944,25
1-RED (ACP),945,25
1-RED (ACP),946,28
1-RED (ACP),947,17
1-RED (ACP),948,30
1-RED (ACP),949,26
1-RED (ACP),950,28
1-RED (ACP),951,29
1-RED (ACP),952,32
1-RED (ACP),953,24
1-RED (ACP),954,17
1-RED (ACP),955,22
1-RED (ACP),956,25
1-RED (ACP),957,24
1-RED (ACP),958,22
1-RED (ACP),959,26
1-RED (ACP),960,27
1-RED (ACP),961,23
1-RED (ACP),962,19
1-RED (ACP),963,22
1-RED (ACP),964,33
1-RED (ACP),965,21
1-RED (ACP),966,20
1-RED (ACP),967,20
1-RED (ACP),968,26
1-RED (ACP),969,25
1-RED (ACP),970,24
1-RED (ACP),971,17
1-RED (ACP),972,22
1-RED (ACP),973,25
1-RED (ACP),974,32
1-RED (ACP),975,31
1-RED (ACP),976,15
1-RED (ACP),977,17
1-RED (ACP),978,27
1-RED (ACP),979,30
1-RED (ACP),980,25
1-RED (ACP),981,25
1-RED (ACP),982,25
1-RED (ACP),983,17
1-RED (ACP),984,20
1-RED (ACP),985,24
1-RED (ACP),986,16
1-RED (ACP),987,30
1-RED (ACP),988,27
1-RED (ACP),989,24
1-RED (ACP),990,22
1-RED (ACP),991,23
1-RED (ACP),992,20
1-RED (ACP),993,21
1-RED (ACP),994,21
1-RED (ACP),995,17
1-RED (ACP),996,23
1-RED (ACP),997,20
1-RED (ACP),998,24
1-RED (ACP),999,18
1-RED (ACP),1000,18
1-RED (ACP),1001,20
1-RED (ACP),1002,27
1-RED (ACP),1003,20
1-RED (ACP),1004,11
1-RED (ACP),1005,22
1-RED (ACP),1006,13
1-RED (ACP),1007,18
1-RED (ACP),1008,20
1-RED (ACP),1009,29
1-RED (ACP),1010,14
1-RED (ACP),1011,24
1-RED (ACP),1012,21
1-RED (ACP),1013,11
1-RED (ACP),1014,22
1-RED (ACP),1015,19
1-RED (ACP),1016,14
1-RED (ACP),1017,18
1-RED (ACP),1018,17
1-RED (ACP),1019,18
1-RED (ACP),1020,19
1-RED (ACP),1021,24
1-RED (ACP),1022,16
1-RED (ACP),1023,14
1-RED (ACP),1024,16
1-RED (ACP),1025,8
1-RED (ACP),1026,20
1-RED (ACP),1027,21
1-RED (ACP),1028,17
1-RED (ACP),1029,18
1-RED (ACP),1030,14
1-RED (ACP),1031,23
1-RED (ACP),1032,14
1-RED (ACP),1033,15
1-RED (ACP),1034,15
1-RED (ACP),1035,16
1-RED (ACP),1036,23
1-RED (ACP),1037,17
1-RED (ACP),1038,15
1-RED (ACP),1039,16
1-RED (ACP),1040,22
1-RED (ACP),1041,16
1-RED (ACP),1042,18
1-RED (ACP),1043,14
1-RED (ACP),1044,14
1-RED (ACP),1045,15
1-RED (ACP),1046,18
1-RED (ACP),1047,11
1-RED (ACP),1048,13
1-RED (ACP),1049,14
1-RED (ACP),1050,18
1-RED (ACP),1051,22
1-RED (ACP),1052,13
1-RED (ACP),1053,15
1-RED (ACP),1054,12
1-RED (ACP),1055,20
1-RED (ACP),1056,17
1-RED (ACP),1057,15
1-RED (ACP),1058,10
1-RED (ACP),1059,19
1-RED (ACP),1060,25
1-RED (ACP),1061,13
1-RED (ACP),1062,9
1-RED (ACP),1063,13
1-RED (ACP),1064,14
1-RED (ACP),1065,18
1-RED (ACP),1066,9
1-RED (ACP),1067,14
1-RED (ACP),1068,14
1-RED (ACP),1069,16
1-RED (ACP),1070,16
1-RED (ACP),1071,15
1-RED (ACP),1072,18
1-RED (ACP),1073,15
1-RED (ACP),1074,11
1-RED (ACP),1075,13
1-RED (ACP),1076,19
1-RED (ACP),1077,19
1-RED (ACP),1078,18
1-RED (ACP),1079,18
1-RED (ACP),1080,15
1-RED (ACP),1081,15
1-RED (ACP),1082,16
1-RED (ACP),1083,16
1-RED (ACP),1084,15
1-RED (ACP),1085,10
1-RED (ACP),1086,15
1-RED (ACP),1087,13
1-RED (ACP),1088,7
1-RED (ACP),1089,13
1-RED (ACP),1090,11
1-RED (ACP),1091,16
1-RED (ACP),1092,13
1-RED (ACP),1093,10
1-RED (ACP),1094,10
1-RED (ACP),1095,16
1-RED (ACP),1096,7
1-RED (ACP),1097,7
1-RED (ACP),1098,9
1-RED (ACP),1099,14
1-RED (ACP),1100,8
1-RED (ACP),1101,12
1-RED (ACP),1102,11
1-RED (ACP),1103,8
1-RED (ACP),1104,11
1-RED (ACP),1105,5
1-RED (ACP),1106,17
1-RED (ACP),1107,18
1-RED (ACP),1108,16
1-RED (ACP),1109,12
1-RED (ACP),1110,11
1-RED (ACP),1111,8
1-RED (ACP),1112,9
1-RED (ACP),1113,10
1-RED (ACP),1114,12
1-RED (ACP),1115,7
1-RED (ACP),1116,12
1-RED (ACP),1117,8
1-RED (ACP),1118,8
1-RED (ACP),1119,7
1-RED (ACP),1120,9
1-RED (ACP),1121,8
1-RED (ACP),1122,10
1-RED (ACP),1123,16
1-RED (ACP),1124,11
1-RED (ACP),1125,4
1-RED (ACP),1126,8
1-RED (ACP),1127,12
1-RED (ACP),1128,6
1-RED (ACP),1129,10
1-RED (ACP),1130,4
1-RED (ACP),1131,12
1-RED (ACP),1132,5
1-RED (ACP),1133,9
1-RED (ACP),1134,6
1-RED (ACP),1135,8
1-RED (ACP),1136,15
1-RED (ACP),1137,10
1-RED (ACP),1138,8
1-RED (ACP),1139,7
1-RED (ACP),1140,13
1-RED (ACP),1141,11
1-RED (ACP),1142,10
1-RED (ACP),1143,10
1-RED (ACP),1144,18
1-RED (ACP),1145,10
1-RED (ACP),1146,15
1-RED (ACP),1147,14
1-RED (ACP),1148,8
1-RED (ACP),1149,9
1-RED (ACP),1150,10
1-RED (ACP),1151,6
1-RED (ACP),1152,9
1-RED (ACP),1153,9
1-RED (ACP),1154,8
1-RED (ACP),1155,5
1-RED (ACP),1156,14
1-RED (ACP),1157,11
1-RED (ACP),1158,5
1-RED (ACP),1159,6
1-RED (ACP),1160,11
1-RED (ACP),1161,8
1-RED (ACP),1162,11
1-RED (ACP),1163,10
1-RED (ACP),1164,16
1-RED (ACP),1165,8
1-RED (ACP),1166,11
1-RED (ACP),1167,13
1-RED (ACP),1168,11
1-RED (ACP),1169,9
1-RED (ACP),1170,10
1-RED (ACP),1171,14
1-RED (ACP),1172,11
1-RED (ACP),1173,10
1-RED (ACP),1174,9
1-RED (ACP),1175,10
1-RED (ACP),1176,6
1-RED (ACP),1177,9
1-RED (ACP),1178,7
1-RED (ACP),1179,5
1-RED (ACP),1180,16
1-RED (ACP),1181,6
1-RED (ACP),1182,11
1-RED (ACP),1183,11
1-RED (ACP),1184,5
1-RED (ACP),1185,7
1-RED (ACP),1186,4
1-RED (ACP),1187,11
1-RED (ACP),1188,6
1-RED (ACP),1189,6
1-RED (ACP),1190,5
1-RED (ACP),1191,9
1-RED (ACP),1192,7
1-RED (ACP),1193,10
1-RED (ACP),1194,5
1-RED (ACP),1195,9
1-RED (ACP),1196,7
1-RED (ACP),1197,11
1-RED (ACP),1198,8
1-RED (ACP),1199,6
1-RED (ACP),1200,8
1-RED (ACP),1201,9
1-RED (ACP),1202,4
1-RED (ACP),1203,7
1-RED (ACP),1204,6
1-RED (ACP),1205,10
1-RED (ACP),1206,5
1-RED (ACP),1207,12
1-RED (ACP),1208,12
1-RED (ACP),1209,4
1-RED (ACP),1210,7
1-RED (ACP),1211,4
1-RED (ACP),1212,9
1-RED (ACP),1213,7
1-RED (ACP),1214,14
1-RED (ACP),1215,8
1-RED (ACP),1216,7
1-RED (ACP),1217,8
1-RED (ACP),1218,7
1-RED (ACP),1219,5
1-RED (ACP),1220,4
1-RED (ACP),1221,2
1-RED (ACP),1222,6
1-RED (ACP),1223,11
1-RED (ACP),1224,10
1-RED (ACP),1225,5
1-RED (ACP),1226,11
1-RED (ACP),1227,14
1-RED (ACP),1228,6
1-RED (ACP),1229,2
1-RED (ACP),1230,8
1-RED (ACP),1231,8
1-RED (ACP),1232,6
1-RED (ACP),1233,3
1-RED (ACP),1234,9
1-RED (ACP),1235,6
1-RED (ACP),1236,4
1-RED (ACP),1237,4
1-RED (ACP),1238,7
1-RED (ACP),1239,12
1-RED (ACP),1240,7
1-RED (ACP),1241,9
1-RED (ACP),1242,8
1-RED (ACP),1243,5
1-RED (ACP),1244,6
1-RED (ACP),1245,10
1-RED (ACP),1246,3
1-RED (ACP),1247,6
1-RED (ACP),1248,2
1-RED (ACP),1249,9
1-RED (ACP),1250,4
1-RED (ACP),1251,8
1-RED (ACP),1252,9
1-RED (ACP),1253,8
1-RED (ACP),1254,2
1-RED (ACP),1255,5
1-RED (ACP),1256,5
1-RED (ACP),1257,7
1-RED (ACP),1258,8
1-RED (ACP),1259,8
1-RED (ACP),1260,6
1-RED (ACP),1261,9
1-RED (ACP),1262,10
1-RED (ACP),1263,10
1-RED (ACP),1264,8
1-RED (ACP),1265,5
1-RED (ACP),1266,6
1-RED (ACP),1267,7
1-RED (ACP),1268,4
1-RED (ACP),1269,2
1-RED (ACP),1270,13
1-RED (ACP),1271,11
1-RED (ACP),1272,10
1-RED (ACP),1273,6
1-RED (ACP),1274,6
1-RED (ACP),1275,2
1-RED (ACP),1276,10
1-RED (ACP),1277,5
1-RED (ACP),1278,9
1-RED (ACP),1279,6
1-RED (ACP),1280,6
1-RED (ACP),1281,1
1-RED (ACP),1282,9
1-RED (ACP),1283,11
1-RED (ACP),1284,10
1-RED (ACP),1285,10
1-RED (ACP),1286,6
1-RED (ACP),1287,7
1-RED (ACP),1288,5
1-RED (ACP),1289,1
1-RED (ACP),1291,8
1-RED (ACP),1292,7
1-RED (ACP),1293,9
1-RED (ACP),1294,4
1-RED (ACP),1295,5
1-RED (ACP),1296,3
1-RED (ACP),1297,11
1-RED (ACP),1298,7
1-RED (ACP),1299,5
1-RED (ACP),1300,1
1-RED (ACP),1301,8
1-RED (ACP),1302,7
1-RED (ACP),1303,6
1-RED (ACP),1304,10
1-RED (ACP),1305,8
1-RED (ACP),1306,3
1-RED (ACP),1307,5
1-RED (ACP),1308,5
1-RED (ACP),1309,6
1-RED (ACP),1310,6
1-RED (ACP),1311,6
1-RED (ACP),1312,5
1-RED (ACP),1313,6
1-RED (ACP),1314,5
1-RED (ACP),1315,3
1-RED (ACP),1316,5
1-RED (ACP),1317,4
1-RED (ACP),1318,9
1-RED (ACP),1319,9
1-RED (ACP),1320,8
1-RED (ACP),1321,11
1-RED (ACP),1322,3
1-RED (ACP),1323,4
1-RED (ACP),1324,9
1-RED (ACP),1325,6
1-RED (ACP),1326,4
1-RED (ACP),1327,5
1-RED (ACP),1328,4
1-RED (ACP),1329,7
1-RED (ACP),1330,3
1-RED (ACP),1331,4
1-RED (ACP),1332,11
1-RED (ACP),1333,7
1-RED (ACP),1334,10
1-RED (ACP),1335,6
1-RED (ACP),1336,4
1-RED (ACP),1337,2
1-RED (ACP),1338,5
1-RED (ACP),1339,7
1-RED (ACP),1340,7
1-RED (ACP),1341,10
1-RED (ACP),1342,4
1-RED (ACP),1343,4
1-RED (ACP),1344,10
1-RED (ACP),1345,10
1-RED (ACP),1346,9
1-RED (ACP),1347,6
1-RED (ACP),1348,8
1-RED (ACP),1349,2
1-RED (ACP),1350,2
1-RED (ACP),1351,7
1-RED (ACP),1352,10
1-RED (ACP),1353,4
1-RED (ACP),1354,5
1-RED (ACP),1355,10
1-RED (ACP),1356,4
1-RED (ACP),1357,4
1-RED (ACP),1358,8
1-RED (ACP),1359,5
1-RED (ACP),1360,6
1-RED (ACP),1361,4
1-RED (ACP),1362,4
1-RED (ACP),1363,4
1-RED (ACP),1364,3
1-RED (ACP),1365,6
1-RED (ACP),1366,8
1-RED (ACP),1367,4
1-RED (ACP),1368,10
1-RED (ACP),1369,6
1-RED (ACP),1370,2
1-RED (ACP),1371,3
1-RED (ACP),1372,6
1-RED (ACP),1373,10
1-RED (ACP),1374,3
1-RED (ACP),1375,4
1-RED (ACP),1376,3
1-RED (ACP),1377,2
1-RED (ACP),1378,6
1-RED (ACP),1379,6
1-RED (ACP),1380,4
1-RED (ACP),1381,9
1-RED (ACP),1382,2
1-RED (ACP),1383,3
1-RED (ACP),1384,6
1-RED (ACP),1385,6
1-RED (ACP),1386,6
1-RED (ACP),1387,8
1-RED (ACP),1388,2
1-RED (ACP),1389,3
1-RED (ACP),1390,8
1-RED (ACP),1391,3
1-RED (ACP),1392,7
1-RED (ACP),1393,6
1-RED (ACP),1394,5
1-RED (ACP),1395,6
1-RED (ACP),1396,5
1-RED (ACP),1397,5
1-RED (ACP),1398,1
1-RED (ACP),1399,9
1-RED (ACP),1400,5
1-RED (ACP),1401,4
1-RED (ACP),1402,4
1-RED (ACP),1403,2
1-RED (ACP),1404,4
1-RED (ACP),1405,6
1-RED (ACP),1406,2
1-RED (ACP),1407,4
1-RED (ACP),1408,3
1-RED (ACP),1409,3
1-RED (ACP),1410,4
1-RED (ACP),1411,3
1-RED (ACP),1412,7
1-RED (ACP),1413,3
1-RED (ACP),1414,3
1-RED (ACP),1415,2
1-RED (ACP),1416,3
1-RED (ACP),1417,5
1-RED (ACP),1418,6
1-RED (ACP),1419,10
1-RED (ACP),1420,4
1-RED (ACP),1421,1
1-RED (ACP),1422,1
1-RED (ACP),1423,4
1-RED (ACP),1424,2
1-RED (ACP),1425,6
1-RED (ACP),1426,1
1-RED (ACP),1427,7
1-RED (ACP),1428,4
1-RED (ACP),1429,4
1-RED (ACP),1430,4
1-RED (ACP),1431,6
1-RED (ACP),1432,2
1-RED (ACP),1433,1
1-RED (ACP),1434,3
1-RED (ACP),1435,4
1-RED (ACP),1436,4
1-RED (ACP),1437,4
1-RED (ACP),1438,5
1-RED (ACP),1439,1
1-RED (ACP),1440,2
1-RED (ACP),1441,2
1-RED (ACP),1442,4
1-RED (ACP),1443,2
1-RED (ACP),1444,5
1-RED (ACP),1445,9
1-RED (ACP),1446,2
1-RED (ACP),1447,2
1-RED (ACP),1448,3
1-RED (ACP),1449,3
1-RED (ACP),1450,5
1-RED (ACP),1451,1
1-RED (ACP),1452,9
1-RED (ACP),1453,6
1-RED (ACP),1454,5
1-RED (ACP),1455,7
1-RED (ACP),1456,1
1-RED (ACP),1457,5
1-RED (ACP),1458,1
1-RED (ACP),1459,2
1-RED (ACP),1460,8
1-RED (ACP),1461,4
1-RED (ACP),1462,4
1-RED (ACP),1463,1
1-RED (ACP),1464,2
1-RED (ACP),1465,1
1-RED (ACP),1466,5
1-RED (ACP),1467,6
1-RED (ACP),1468,2
1-RED (ACP),1469,3
1-RED (ACP),1470,4
1-RED (ACP),1471,2
1-RED (ACP),1472,5
1-RED (ACP),1473,5
1-RED (ACP),1474,5
1-RED (ACP),1475,4
1-RED (ACP),1476,6
1-RED (ACP),1477,1
1-RED (ACP),1478,3
1-RED (ACP),1479,4
1-RED (ACP),1480,2
1-RED (ACP),1481,3
1-RED (ACP),1482,7
1-RED (ACP),1483,6
1-RED (ACP),1484,3
1-RED (ACP),1485,3
1-RED (ACP),1486,5
1-RED (ACP),1487,6
1-RED (ACP),1488,5
1-RED (ACP),1489,4
1-RED (ACP),1490,3
1-RED (ACP),1491,3
1-RED (ACP),1492,6
1-RED (ACP),1493,3
1-RED (ACP),1494,7
1-RED (ACP),1495,5
1-RED (ACP),1496,4
1-RED (ACP),1497,5
1-RED (ACP),1498,3
1-RED (ACP),1499,2
1-RED (ACP),1500,4
1-RED (ACP),1501,5
1-RED (ACP),1502,5
1-RED (ACP),1503,2
1-RED (ACP),1504,4
1-RED (ACP),1505,4
1-RED (ACP),1506,1
1-RED (ACP),1507,2
1-RED (ACP),1508,3
1-RED (ACP),1509,1
1-RED (ACP),1510,6
1-RED (ACP),1511,4
1-RED (ACP),1512,5
1-RED (ACP),1513,7
1-RED (ACP),1514,5
1-RED (ACP),1515,6
1-RED (ACP),1516,4
1-RED (ACP),1517,3
1-RED (ACP),1518,3
1-RED (ACP),1519,4
1-RED (ACP),1520,5
1-RED (ACP),1521,6
1-RED (ACP),1522,4
1-RED (ACP),1523,1
1-RED (ACP),1524,2
1-RED (ACP),1525,4
1-RED (ACP),1526,3
1-RED (ACP),1527,3
1-RED (ACP),1528,3
1-RED (ACP),1529,2
1-RED (ACP),1530,2
1-RED (ACP),1531,8
1-RED (ACP),1532,2
1-RED (ACP),1533,4
1-RED (ACP),1534,2
1-RED (ACP),1535,6
1-RED (ACP),1536,4
1-RED (ACP),1537,4
1-RED (ACP),1538,3
1-RED (ACP),1539,2
1-RED (ACP),1540,3
1-RED (ACP),1541,5
1-RED (ACP),1542,9
1-RED (ACP),1543,6
1-RED (ACP),1544,3
1-RED (ACP),1545,7
1-RED (ACP),1546,4
1-RED (ACP),1547,2
1-RED (ACP),1548,2
1-RED (ACP),1549,3
1-RED (ACP),1550,4
1-RED (ACP),1551,3
1-RED (ACP),1552,5
1-RED (ACP),1553,3
1-RED (ACP),1554,1
1-RED (ACP),1555,3
1-RED (ACP),1556,6
1-RED (ACP),1557,2
1-RED (ACP),1558,3
1-RED (ACP),1559,4
1-RED (ACP),1560,2
1-RED (ACP),1561,3
1-RED (ACP),1562,2
1-RED (ACP),1563,4
1-RED (ACP),1564,3
1-RED (ACP),1565,2
1-RED (ACP),1566,4
1-RED (ACP),1567,2
1-RED (ACP),1568,3
1-RED (ACP),1569,5
1-RED (ACP),1570,3
1-RED (ACP),1572,2
1-RED (ACP),1573,2
1-RED (ACP),1574,3
1-RED (ACP),1575,2
1-RED (ACP),1576,1
1-RED (ACP),1577,2
1-RED (ACP),1578,7
1-RED (ACP),1579,2
1-RED (ACP),1580,2
1-RED (ACP),1581,1
1-RED (ACP),1582,2
1-RED (ACP),1583,2
1-RED (ACP),1584,5
1-RED (ACP),1585,2
1-RED (ACP),1586,1
1-RED (ACP),1587,4
1-RED (ACP),1588,3
1-RED (ACP),1589,4
1-RED (ACP),1590,2
1-RED (ACP),1591,5
1-RED (ACP),1592,4
1-RED (ACP),1593,4
1-RED (ACP),1594,5
1-RED (ACP),1595,6
1-RED (ACP),1596,1
1-RED (ACP),1597,2
1-RED (ACP),1598,2
1-RED (ACP),1599,2
1-RED (ACP),1600,9
1-RED (ACP),1601,2
1-RED (ACP),1602,7
1-RED (ACP),1603,3
1-RED (ACP),1604,3
1-RED (ACP),1605,5
1-RED (ACP),1606,2
1-RED (ACP),1607,3
1-RED (ACP),1608,2
1-RED (ACP),1609,3
1-RED (ACP),1610,6
1-RED (ACP),1611,9
1-RED (ACP),1612,3
1-RED (ACP),1613,1
1-RED (ACP),1614,4
1-RED (ACP),1616,6
1-RED (ACP),1617,3
1-RED (ACP),1618,1
1-RED (ACP),1620,1
1-RED (ACP),1621,5
1-RED (ACP),1622,1
1-RED (ACP),1623,1
1-RED (ACP),1624,2
1-RED (ACP),1625,2
1-RED (ACP),1626,6
1-RED (ACP),1627,1
1-RED (ACP),1628,2
1-RED (ACP),1629,2
1-RED (ACP),1630,5
1-RED (ACP),1631,1
1-RED (ACP),1632,7
1-RED (ACP),1633,2
1-RED (ACP),1634,4
1-RED (ACP),1635,3
1-RED (ACP),1636,6
1-RED (ACP),1637,5
1-RED (ACP),1638,3
1-RED (ACP),1639,5
1-RED (ACP),1640,2
1-RED (ACP),1641,1
1-RED (ACP),1642,3
1-RED (ACP),1643,6
1-RED (ACP),1644,1
1-RED (ACP),1645,3
1-RED (ACP),1646,3
1-RED (ACP),1647,4
1-RED (ACP),1648,3
1-RED (ACP),1649,4
1-RED (ACP),1650,3
1-RED (ACP),1651,5
1-RED (ACP),1652,5
1-RED (ACP),1653,2
1-RED (ACP),1654,1
1-RED (ACP),1655,1
1-RED (ACP),1656,3
1-RED (ACP),1657,2
1-RED (ACP),1658,4
1-RED (ACP),1659,5
1-RED (ACP),1660,2
1-RED (ACP),1661,4
1-RED (ACP),1662,5
1-RED (ACP),1663,3
1-RED (ACP),1664,3
1-RED (ACP),1665,3
1-RED (ACP),1667,3
1-RED (ACP),1668,5
1-RED (ACP),1669,3
1-RED (ACP),1670,3
1-RED (ACP),1671,3
1-RED (ACP),1673,2
1-RED (ACP),1674,4
1-RED (ACP),1675,4
1-RED (ACP),1676,5
1-RED (ACP),1677,3
1-RED (ACP),1678,2
1-RED (ACP),1679,1
1-RED (ACP),1680,2
1-RED (ACP),1682,4
1-RED (ACP),1683,4
1-RED (ACP),1684,2
1-RED (ACP),1685,4
1-RED (ACP),1686,1
1-RED (ACP),1687,4
1-RED (ACP),1688,2
1-RED (ACP),1689,1
1-RED (ACP),1690,5
1-RED (ACP),1691,4
1-RED (ACP),1693,1
1-RED (ACP),1694,2
1-RED (ACP),1695,6
1-RED (ACP),1696,2
1-RED (ACP),1697,3
1-RED (ACP),1698,1
1-RED (ACP),1699,1
1-RED (ACP),1700,2
1-RED (ACP),1701,3
1-RED (ACP),1702,1
1-RED (ACP),1703,3
1-RED (ACP),1704,2
1-RED (ACP),1706,2
1-RED (ACP),1707,2
1-RED (ACP),1708,2
1-RED (ACP),1709,3
1-RED (ACP),1710,1
1-RED (ACP),1711,1
1-RED (ACP),1712,2
1-RED (ACP),1713,2
1-RED (ACP),1714,5
1-RED (ACP),1715,1
1-RED (ACP),1716,1
1-RED (ACP),1717,1
1-RED (ACP),1718,3
1-RED (ACP),1719,2
1-RED (ACP),1721,1
1-RED (ACP),1722,3
1-RED (ACP),1723,6
1-RED (ACP),1724,2
1-RED (ACP),1725,3
1-RED (ACP),1726,4
1-RED (ACP),1727,3
1-RED (ACP),1728,3
1-RED (ACP),1729,3
1-RED (ACP),1730,3
1-RED (ACP),1731,2
1-RED (ACP),1732,3
1-RED (ACP),1733,2
1-RED (ACP),1734,2
1-RED (ACP),1735,2
1-RED (ACP),1736,4
1-RED (ACP),1737,3
1-RED (ACP),1738,3
1-RED (ACP),1739,5
1-RED (ACP),1740,1
1-RED (ACP),1741,2
1-RED (ACP),1742,3
1-RED (ACP),1743,6
1-RED (ACP),1745,1
1-RED (ACP),1746,3
1-RED (ACP),1747,2
1-RED (ACP),1748,2
1-RED (ACP),1749,3
1-RED (ACP),1751,4
1-RED (ACP),1752,2
1-RED (ACP),1753,3
1-RED (ACP),1754,2
1-RED (ACP),1755,1
1-RED (ACP),1756,2
1-RED (ACP),1757,1
1-RED (ACP),1759,4
1-RED (ACP),1760,5
1-RED (ACP),1762,3
1-RED (ACP),1763,3
1-RED (ACP),1764,2
1-RED (ACP),1765,2
1-RED (ACP),1766,4
1-RED (ACP),1767,1
1-RED (ACP),1768,4
1-RED (ACP),1770,5
1-RED (ACP),1771,5
1-RED (ACP),1772,1
1-RED (ACP),1773,2
1-RED (ACP),1775,1
1-RED (ACP),1776,3
1-RED (ACP),1777,4
1-RED (ACP),1778,2
1-RED (ACP),1779,3
1-RED (ACP),1780,2
1-RED (ACP),1781,4
1-RED (ACP),1782,2
1-RED (ACP),1783,5
1-RED (ACP),1784,2
1-RED (ACP),1785,4
1-RED (ACP),1786,1
1-RED (ACP),1787,7
1-RED (ACP),1788,3
1-RED (ACP),1789,2
1-RED (ACP),1790,1
1-RED (ACP),1791,3
1-RED (ACP),1792,1
1-RED (ACP),1793,4
1-RED (ACP),1794,2
1-RED (ACP),1795,1
1-RED (ACP),1796,2
1-RED (ACP),1797,7
1-RED (ACP),1798,2
1-RED (ACP),1799,3
1-RED (ACP),1800,2
1-RED (ACP),1801,2
1-RED (ACP),1802,4
1-RED (ACP),1803,2
1-RED (ACP),1804,1
1-RED (ACP),1805,3
1-RED (ACP),1807,1
1-RED (ACP),1808,2
1-RED (ACP),1809,1
1-RED (ACP),1810,1
1-RED (ACP),1811,2
1-RED (ACP),1812,2
1-RED (ACP),1813,2
1-RED (ACP),1814,1
1-RED (ACP),1815,2
1-RED (ACP),1816,4
1-RED (ACP),1817,5
1-RED (ACP),1819,2
1-RED (ACP),1820,1
1-RED (ACP),1821,4
1-RED (ACP),1823,3
1-RED (ACP),1824,2
1-RED (ACP),1825,1
1-RED (ACP),1826,3
1-RED (ACP),1827,1
1-RED (ACP),1828,2
1-RED (ACP),1831,2
1-RED (ACP),1832,2
1-RED (ACP),1833,3
1-RED (ACP),1834,1
1-RED (ACP),1835,2
1-RED (ACP),1837,4
1-RED (ACP),1838,3
1-RED (ACP),1839,2
1-RED (ACP),1840,3
1-RED (ACP),1842,1
1-RED (ACP),1843,1
1-RED (ACP),1844,3
1-RED (ACP),1845,2
1-RED (ACP),1846,1
1-RED (ACP),1847,2
1-RED (ACP),1848,3
1-RED (ACP),1849,2
1-RED (ACP),1850,5
1-RED (ACP),1851,3
1-RED (ACP),1852,4
1-RED (ACP),1853,3
1-RED (ACP),1854,3
1-RED (ACP),1855,1
1-RED (ACP),1857,4
1-RED (ACP),1858,1
1-RED (ACP),1860,3
1-RED (ACP),1862,3
1-RED (ACP),1863,4
1-RED (ACP),1864,2
1-RED (ACP),1865,1
1-RED (ACP),1866,3
1-RED (ACP),1867,3
1-RED (ACP),1868,3
1-RED (ACP),1870,2
1-RED (ACP),1871,1
1-RED (ACP),1872,2
1-RED (ACP),1873,2
1-RED (ACP),1874,6
1-RED (ACP),1875,8
1-RED (ACP),1877,1
1-RED (ACP),1878,1
1-RED (ACP),1880,5
1-RED (ACP),1881,2
1-RED (ACP),1882,2
1-RED (ACP),1883,4
1-RED (ACP),1884,1
1-RED (ACP),1886,2
1-RED (ACP),1887,1
1-RED (ACP),1888,1
1-RED (ACP),1889,1
1-RED (ACP),1892,1
1-RED (ACP),1893,3
1-RED (ACP),1894,1
1-RED (ACP),1895,2
1-RED (ACP),1896,2
1-RED (ACP),1897,3
1-RED (ACP),1898,1
1-RED (ACP),1899,4
1-RED (ACP),1900,2
1-RED (ACP),1901,1
1-RED (ACP),1903,1
1-RED (ACP),1904,1
1-RED (ACP),1905,2
1-RED (ACP),1906,1
1-RED (ACP),1907,4
1-RED (ACP),1908,1
1-RED (ACP),1909,3
1-RED (ACP),1910,2
1-RED (ACP),1911,3
1-RED (ACP),1912,1
1-RED (ACP),1913,1
1-RED (ACP),1914,1
1-RED (ACP),1915,4
1-RED (ACP),1916,2
1-RED (ACP),1917,1
1-RED (ACP),1919,2
1-RED (ACP),1920,4
1-RED (ACP),1922,3
1-RED (ACP),1923,3
1-RED (ACP),1925,4
1-RED (ACP),1926,2
1-RED (ACP),1927,1
1-RED (ACP),1928,3
1-RED (ACP),1929,3
1-RED (ACP),1931,1
1-RED (ACP),1932,1
1-RED (ACP),1934,2
1-RED (ACP),1935,1
1-RED (ACP),1936,2
1-RED (ACP),1938,3
1-RED (ACP),1939,2
1-RED (ACP),1940,4
1-RED (ACP),1942,1
1-RED (ACP),1943,1
1-RED (ACP),1944,2
1-RED (ACP),1945,2
1-RED (ACP),1946,1
1-RED (ACP),1947,1
1-RED (ACP),1949,3
1-RED (ACP),1950,4
1-RED (ACP),1951,4
1-RED (ACP),1952,2
1-RED (ACP),1953,3
1-RED (ACP),1954,2
1-RED (ACP),1956,3
1-RED (ACP),1957,2
1-RED (ACP),1958,2
1-RED (ACP),1959,2
1-RED (ACP),1960,3
1-RED (ACP),1961,4
1-RED (ACP),1962,3
1-RED (ACP),1963,3
1-RED (ACP),1964,4
1-RED (ACP),1965,2
1-RED (ACP),1966,5
1-RED (ACP),1967,2
1-RED (ACP),1968,1
1-RED (ACP),1970,2
1-RED (ACP),1971,2
1-RED (ACP),1972,1
1-RED (ACP),1973,2
1-RED (ACP),1974,2
1-RED (ACP),1976,4
1-RED (ACP),1977,4
1-RED (ACP),1978,3
1-RED (ACP),1979,3
1-RED (ACP),1980,2
1-RED (ACP),1981,1
1-RED (ACP),1982,2
1-RED (ACP),1983,1
1-RED (ACP),1984,2
1-RED (ACP),1985,2
1-RED (ACP),1986,2
1-RED (ACP),1987,3
1-RED (ACP),1988,1
1-RED (ACP),1989,1
1-RED (ACP),1990,3
1-RED (ACP),1991,2
1-RED (ACP),1992,2
1-RED (ACP),1993,1
1-RED (ACP),1994,1
1-RED (ACP),1995,1
1-RED (ACP),1996,4
1-RED (ACP),1997,1
1-RED (ACP),1998,2
1-RED (ACP),2000,1
1-RED (ACP),2001,1
1-RED (ACP),2002,4
1-RED (ACP),2003,2
1-RED (ACP),2005,1
1-RED (ACP),2006,2
1-RED (ACP),2007,2
1-RED (ACP),2008,2
1-RED (ACP),2009,1
1-RED (ACP),2010,1
1-RED (ACP),2012,1
1-RED (ACP),2013,2
1-RED (ACP),2015,1
1-RED (ACP),2016,3
1-RED (ACP),2017,1
1-RED (ACP),2018,3
1-RED (ACP),2019,3
1-RED (ACP),2020,1
1-RED (ACP),2021,3
1-RED (ACP),2022,2
1-RED (ACP),2023,2
1-RED (ACP),2024,2
1-RED (ACP),2025,3
1-RED (ACP),2026,1
1-RED (ACP),2027,1
1-RED (ACP),2028,2
1-RED (ACP),2029,1
1-RED (ACP),2031,2
1-RED (ACP),2032,2
1-RED (ACP),2033,3
1-RED (ACP),2034,1
1-RED (ACP),2035,5
1-RED (ACP),2037,2
1-RED (ACP),2038,2
1-RED (ACP),2039,5
1-RED (ACP),2040,1
1-RED (ACP),2041,1
1-RED (ACP),2042,1
1-RED (ACP),2043,3
1-RED (ACP),2044,3
1-RED (ACP),2045,2
1-RED (ACP),2046,3
1-RED (ACP),2047,1
1-RED (ACP),2049,1
1-RED (ACP),2050,2
1-RED (ACP),2051,2
1-RED (ACP),2052,2
1-RED (ACP),2053,2
1-RED (ACP),2055,1
1-RED (ACP),2056,1
1-RED (ACP),2057,1
1-RED (ACP),2058,1
1-RED (ACP),2059,2
1-RED (ACP),2060,1
1-RED (ACP),2061,3
1-RED (ACP),2063,3
1-RED (ACP),2064,2
1-RED (ACP),2065,3
1-RED (ACP),2069,1
1-RED (ACP),2070,1
1-RED (ACP),2071,2
1-RED (ACP),2072,2
1-RED (ACP),2074,3
1-RED (ACP),2076,4
1-RED (ACP),2077,3
1-RED (ACP),2078,1
1-RED (ACP),2079,1
1-RED (ACP),2080,3
1-RED (ACP),2081,3
1-RED (ACP),2082,1
1-RED (ACP),2083,1
1-RED (ACP),2085,1
1-RED (ACP),2086,1
1-RED (ACP),2087,1
1-RED (ACP),2088,2
1-RED (ACP),2089,1
1-RED (ACP),2090,1
1-RED (ACP),2091,3
1-RED (ACP),2093,1
1-RED (ACP),2094,2
1-RED (ACP),2095,2
1-RED (ACP),2096,1
1-RED (ACP),2097,2
1-RED (ACP),2098,1
1-RED (ACP),2099,1
1-RED (ACP),2101,1
1-RED (ACP),2102,3
1-RED (ACP),2104,2
1-RED (ACP),2106,1
1-RED (ACP),2107,2
1-RED (ACP),2109,2
1-RED (ACP),2110,4
1-RED (ACP),2112,1
1-RED (ACP),2113,3
1-RED (ACP),2116,2
1-RED (ACP),2117,3
1-RED (ACP),2118,1
1-RED (ACP),2119,2
1-RED (ACP),2120,1
1-RED (ACP),2121,2
1-RED (ACP),2122,1
1-RED (ACP),2123,2
1-RED (ACP),2124,3
1-RED (ACP),2125,2
1-RED (ACP),2126,4
1-RED (ACP),2127,1
1-RED (ACP),2129,1
1-RED (ACP),2130,2
1-RED (ACP),2132,2
1-RED (ACP),2134,1
1-RED (ACP),2135,4
1-RED (ACP),2136,4
1-RED (ACP),2137,2
1-RED (ACP),2138,2
1-RED (ACP),2139,4
1-RED (ACP),2140,4
1-RED (ACP),2141,1
1-RED (ACP),2142,1
1-RED (ACP),2143,3
1-RED (ACP),2144,2
1-RED (ACP),2145,3
1-RED (ACP),2146,2
1-RED (ACP),2147,2
1-RED (ACP),2149,3
1-RED (ACP),2150,1
1-RED (ACP),2151,4
1-RED (ACP),2155,2
1-RED (ACP),2158,1
1-RED (ACP),2159,2
1-RED (ACP),2161,3
1-RED (ACP),2162,1
1-RED (ACP),2163,3
1-RED (ACP),2164,3
1-RED (ACP),2166,1
1-RED (ACP),2167,2
1-RED (ACP),2168,3
1-RED (ACP),2169,1
1-RED (ACP),2170,1
1-RED (ACP),2172,2
1-RED (ACP),2175,1
1-RED (ACP),2176,3
1-RED (ACP),2178,3
1-RED (ACP),2179,3
1-RED (ACP),2180,2
1-RED (ACP),2181,1
1-RED (ACP),2182,1
1-RED (ACP),2183,1
1-RED (ACP),2184,3
1-RED (ACP),2185,2
1-RED (ACP),2186,2
1-RED (ACP),2188,4
1-RED (ACP),2189,1
1-RED (ACP),2190,3
1-RED (ACP),2192,3
1-RED (ACP),2193,1
1-RED (ACP),2194,1
1-RED (ACP),2195,2
1-RED (ACP),2197,5
1-RED (ACP),2199,2
1-RED (ACP),2200,2
1-RED (ACP),2202,1
1-RED (ACP),2203,1
1-RED (ACP),2205,2
1-RED (ACP),2206,3
1-RED (ACP),2210,2
1-RED (ACP),2212,1
1-RED (ACP),2213,1
1-RED (ACP),2214,1
1-RED (ACP),2215,1
1-RED (ACP),2216,2
1-RED (ACP),2218,3
1-RED (ACP),2219,1
1-RED (ACP),2220,1
1-RED (ACP),2221,1
1-RED (ACP),2222,4
1-RED (ACP),2223,4
1-RED (ACP),2225,1
1-RED (ACP),2226,3
1-RED (ACP),2229,2
1-RED (ACP),2232,1
1-RED (ACP),2233,2
1-RED (ACP),2234,3
1-RED (ACP),2235,3
1-RED (ACP),2238,1
1-RED (ACP),2239,1
1-RED (ACP),2241,1
1-RED (ACP),2242,1
1-RED (ACP),2243,1
1-RED (ACP),2244,3
1-RED (ACP),2245,1
1-RED (ACP),2248,2
1-RED (ACP),2249,1
1-RED (ACP),2250,2
1-RED (ACP),2252,1
1-RED (ACP),2253,4
1-RED (ACP),2254,1
1-RED (ACP),2256,2
1-RED (ACP),2257,1
1-RED (ACP),2258,2
1-RED (ACP),2259,2
1-RED (ACP),2260,1
1-RED (ACP),2261,1
1-RED (ACP),2262,1
1-RED (ACP),2263,1
1-RED (ACP),2264,1
1-RED (ACP),2265,1
1-RED (ACP),2267,3
1-RED (ACP),2268,4
1-RED (ACP),2269,1
1-RED (ACP),2271,1
1-RED (ACP),2272,1
1-RED (ACP),2273,1
1-RED (ACP),2274,1
1-RED (ACP),2276,1
1-RED (ACP),2277,1
1-RED (ACP),2278,3
1-RED (ACP),2279,1
1-RED (ACP),2281,2
1-RED (ACP),2283,1
1-RED (ACP),2284,1
1-RED (ACP),2285,2
1-RED (ACP),2286,2
1-RED (ACP),2287,1
1-RED (ACP),2288,2
1-RED (ACP),2289,3
1-RED (ACP),2290,1
1-RED (ACP),2291,1
1-RED (ACP),2293,1
1-RED (ACP),2294,1
1-RED (ACP),2296,2
1-RED (ACP),2297,1
1-RED (ACP),2298,1
1-RED (ACP),2301,2
1-RED (ACP),2302,1
1-RED (ACP),2303,1
1-RED (ACP),2304,1
1-RED (ACP),2305,1
1-RED (ACP),2306,1
1-RED (ACP),2307,2
1-RED (ACP),2308,1
1-RED (ACP),2309,2
1-RED (ACP),2310,1
1-RED (ACP),2311,1
1-RED (ACP),2312,1
1-RED (ACP),2313,3
1-RED (ACP),2314,1
1-RED (ACP),2317,3
1-RED (ACP),2318,1
1-RED (ACP),2319,2
1-RED (ACP),2320,1
1-RED (ACP),2321,1
1-RED (ACP),2322,2
1-RED (ACP),2323,2
1-RED (ACP),2324,1
1-RED (ACP),2325,2
1-RED (ACP),2327,1
1-RED (ACP),2329,1
1-RED (ACP),2332,1
1-RED (ACP),2333,2
1-RED (ACP),2334,2
1-RED (ACP),2336,2
1-RED (ACP),2337,3
1-RED (ACP),2338,2
1-RED (ACP),2339,4
1-RED (ACP),2342,2
1-RED (ACP),2343,1
1-RED (ACP),2344,2
1-RED (ACP),2345,1
1-RED (ACP),2347,1
1-RED (ACP),2348,2
1-RED (ACP),2349,2
1-RED (ACP),2350,2
1-RED (ACP),2351,1
1-RED (ACP),2352,1
1-RED (ACP),2353,2
1-RED (ACP),2355,2
1-RED (ACP),2356,1
1-RED (ACP),2357,2
1-RED (ACP),2360,1
1-RED (ACP),2361,3
1-RED (ACP),2362,1
1-RED (ACP),2363,1
1-RED (ACP),2364,1
1-RED (ACP),2365,2
1-RED (ACP),2366,2
1-RED (ACP),2368,2
1-RED (ACP),2369,1
1-RED (ACP),2370,1
1-RED (ACP),2371,1
1-RED (ACP),2372,2
1-RED (ACP),2373,1
1-RED (ACP),2374,1
1-RED (ACP),2376,1
1-RED (ACP),2377,1
1-RED (ACP),2379,1
1-RED (ACP),2382,2
1-RED (ACP),2383,3
1-RED (ACP),2384,1
1-RED (ACP),2385,1
1-RED (ACP),2386,2
1-RED (ACP),2387,1
1-RED (ACP),2388,2
1-RED (ACP),2389,2
1-RED (ACP),2390,2
1-RED (ACP),2391,2
1-RED (ACP),2393,1
1-RED (ACP),2395,1
1-RED (ACP),2396,1
1-RED (ACP),2397,1
1-RED (ACP),2398,1
1-RED (ACP),2401,1
1-RED (ACP),2402,1
1-RED (ACP),2403,2
1-RED (ACP),2404,2
1-RED (ACP),2405,2
1-RED (ACP),2409,1
1-RED (ACP),2410,2
1-RED (ACP),2411,2
1-RED (ACP),2412,1
1-RED (ACP),2413,1
1-RED (ACP),2414,1
1-RED (ACP),2415,2
1-RED (ACP),2417,1
1-RED (ACP),2419,2
1-RED (ACP),2420,3
1-RED (ACP),2421,1
1-RED (ACP),2422,1
1-RED (ACP),2423,1
1-RED (ACP),2424,1
1-RED (ACP),2425,1
1-RED (ACP),2426,2
1-RED (ACP),2427,1
1-RED (ACP),2428,1
1-RED (ACP),2429,1
1-RED (ACP),2431,1
1-RED (ACP),2432,2
1-RED (ACP),2433,1
1-RED (ACP),2434,1
1-RED (ACP),2435,3
1-RED (ACP),2436,1
1-RED (ACP),2439,3
1-RED (ACP),2441,2
1-RED (ACP),2442,1
1-RED (ACP),2443,1
1-RED (ACP),2444,1
1-RED (ACP),2445,1
1-RED (ACP),2446,3
1-RED (ACP),2447,2
1-RED (ACP),2448,2
1-RED (ACP),2449,3
1-RED (ACP),2450,2
1-RED (ACP),2451,1
1-RED (ACP),2453,4
1-RED (ACP),2454,1
1-RED (ACP),2456,2
1-RED (ACP),2457,2
1-RED (ACP),2458,1
1-RED (ACP),2460,1
1-RED (ACP),2461,2
1-RED (ACP),2463,4
1-RED (ACP),2465,2
1-RED (ACP),2466,1
1-RED (ACP),2467,1
1-RED (ACP),2471,1
1-RED (ACP),2474,1
1-RED (ACP),2475,2
1-RED (ACP),2477,1
1-RED (ACP),2478,1
1-RED (ACP),2479,2
1-RED (ACP),2481,1
1-RED (ACP),2482,2
1-RED (ACP),2483,1
1-RED (ACP),2484,1
1-RED (ACP),2485,1
1-RED (ACP),2486,1
1-RED (ACP),2488,2
1-RED (ACP),2491,3
1-RED (ACP),2492,1
1-RED (ACP),2495,3
1-RED (ACP),2497,1
1-RED (ACP),2498,1
1-RED (ACP),2499,2
1-RED (ACP),2501,1
1-RED (ACP),2502,1
1-RED (ACP),2503,1
1-RED (ACP),2505,1
1-RED (ACP),2507,1
1-RED (ACP),2508,1
1-RED (ACP),2510,2
1-RED (ACP),2511,1
1-RED (ACP),2512,1
1-RED (ACP),2513,3
1-RED (ACP),2514,1
1-RED (ACP),2519,1
1-RED (ACP),2521,2
1-RED (ACP),2522,2
1-RED (ACP),2523,2
1-RED (ACP),2525,1
1-RED (ACP),2526,1
1-RED (ACP),2527,1
1-RED (ACP),2528,5
1-RED (ACP),2529,4
1-RED (ACP),2531,1
1-RED (ACP),2532,1
1-RED (ACP),2534,2
1-RED (ACP),2535,1
1-RED (ACP),2537,2
1-RED (ACP),2539,3
1-RED (ACP),2541,1
1-RED (ACP),2542,1
1-RED (ACP),2543,1
1-RED (ACP),2545,2
1-RED (ACP),2547,1
1-RED (ACP),2548,1
1-RED (ACP),2550,1
1-RED (ACP),2552,2
1-RED (ACP),2553,1
1-RED (ACP),2554,2
1-RED (ACP),2555,3
1-RED (ACP),2558,3
1-RED (ACP),2561,1
1-RED (ACP),2562,1
1-RED (ACP),2563,2
1-RED (ACP),2564,2
1-RED (ACP),2565,1
1-RED (ACP),2566,2
1-RED (ACP),2567,3
1-RED (ACP),2568,1
1-RED (ACP),2569,3
1-RED (ACP),2570,1
1-RED (ACP),2572,3
1-RED (ACP),2573,1
1-RED (ACP),2574,1
1-RED (ACP),2576,2
1-RED (ACP),2577,1
1-RED (ACP),2578,1
1-RED (ACP),2579,1
1-RED (ACP),2580,1
1-RED (ACP),2581,1
1-RED (ACP),2585,1
1-RED (ACP),2586,1
1-RED (ACP),2590,1
1-RED (ACP),2591,1
1-RED (ACP),2593,1
1-RED (ACP),2597,1
1-RED (ACP),2601,1
1-RED (ACP),2602,1
1-RED (ACP),2603,1
1-RED (ACP),2604,2
1-RED (ACP),2605,1
1-RED (ACP),2606,1
1-RED (ACP),2607,1
1-RED (ACP),2609,1
1-RED (ACP),2610,2
1-RED (ACP),2612,1
1-RED (ACP),2613,1
1-RED (ACP),2615,1
1-RED (ACP),2617,1
1-RED (ACP),2618,2
1-RED (ACP),2619,2
1-RED (ACP),2620,2
1-RED (ACP),2621,2
1-RED (ACP),2622,2
1-RED (ACP),2624,2
1-RED (ACP),2630,1
1-RED (ACP),2631,2
1-RED (ACP),2632,1
1-RED (ACP),2636,1
1-RED (ACP),2637,1
1-RED (ACP),2638,1
1-RED (ACP),2639,2
1-RED (ACP),2642,1
1-RED (ACP),2643,1
1-RED (ACP),2645,1
1-RED (ACP),2646,1
1-RED (ACP),2647,3
1-RED (ACP),2651,1
1-RED (ACP),2656,1
1-RED (ACP),2659,2
1-RED (ACP),2660,2
1-RED (ACP),2661,2
1-RED (ACP),2662,1
1-RED (ACP),2663,2
1-RED (ACP),2664,1
1-RED (ACP),2666,1
1-RED (ACP),2667,1
1-RED (ACP),2669,3
1-RED (ACP),2670,2
1-RED (ACP),2672,2
1-RED (ACP),2673,1
1-RED (ACP),2675,2
1-RED (ACP),2678,3
1-RED (ACP),2682,1
1-RED (ACP),2683,1
1-RED (ACP),2684,2
1-RED (ACP),2685,1
1-RED (ACP),2686,1
1-RED (ACP),2687,2
1-RED (ACP),2692,1
1-RED (ACP),2694,1
1-RED (ACP),2695,1
1-RED (ACP),2696,1
1-RED (ACP),2697,1
1-RED (ACP),2698,1
1-RED (ACP),2702,1
1-RED (ACP),2703,1
1-RED (ACP),2704,2
1-RED (ACP),2707,1
1-RED (ACP),2709,1
1-RED (ACP),2710,1
1-RED (ACP),2711,3
1-RED (ACP),2712,2
1-RED (ACP),2719,1
1-RED (ACP),2724,1
1-RED (ACP),2726,1
1-RED (ACP),2727,2
1-RED (ACP),2728,1
1-RED (ACP),2730,1
1-RED (ACP),2732,2
1-RED (ACP),2734,1
1-RED (ACP),2735,2
1-RED (ACP),2736,1
1-RED (ACP),2737,2
1-RED (ACP),2740,2
1-RED (ACP),2742,3
1-RED (ACP),2743,1
1-RED (ACP),2744,1
1-RED (ACP),2745,1
1-RED (ACP),2747,2
1-RED (ACP),2748,3
1-RED (ACP),2749,1
1-RED (ACP),2751,1
1-RED (ACP),2752,3
1-RED (ACP),2753,1
1-RED (ACP),2754,1
1-RED (ACP),2755,1
1-RED (ACP),2757,1
1-RED (ACP),2760,2
1-RED (ACP),2765,2
1-RED (ACP),2769,2
1-RED (ACP),2772,1
1-RED (ACP),2774,2
1-RED (ACP),2775,1
1-RED (ACP),2776,2
1-RED (ACP),2777,1
1-RED (ACP),2778,1
1-RED (ACP),2779,2
1-RED (ACP),2782,2
1-RED (ACP),2787,2
1-RED (ACP),2790,2
1-RED (ACP),2791,1
1-RED (ACP),2792,3
1-RED (ACP),2795,1
1-RED (ACP),2796,1
1-RED (ACP),2797,1
1-RED (ACP),2800,1
1-RED (ACP),2801,1
1-RED (ACP),2804,4
1-RED (ACP),2806,2
1-RED (ACP),2807,3
1-RED (ACP),2808,3
1-RED (ACP),2810,1
1-RED (ACP),2812,2
1-RED (ACP),2814,2
1-RED (ACP),2815,1
1-RED (ACP),2816,1
1-RED (ACP),2821,1
1-RED (ACP),2823,2
1-RED (ACP),2824,1
1-RED (ACP),2825,1
1-RED (ACP),2826,1
1-RED (ACP),2827,1
1-RED (ACP),2828,2
1-RED (ACP),2831,1
1-RED (ACP),2836,1
1-RED (ACP),2837,1
1-RED (ACP),2840,2
1-RED (ACP),2841,2
1-RED (ACP),2842,1
1-RED (ACP),2844,2
1-RED (ACP),2845,1
1-RED (ACP),2848,2
1-RED (ACP),2849,3
1-RED (ACP),2853,2
1-RED (ACP),2854,1
1-RED (ACP),2857,1
1-RED (ACP),2860,1
1-RED (ACP),2861,1
1-RED (ACP),2862,1
1-RED (ACP),2863,2
1-RED (ACP),2864,1
1-RED (ACP),2865,1
1-RED (ACP),2870,1
1-RED (ACP),2871,1
1-RED (ACP),2873,1
1-RED (ACP),2878,2
1-RED (ACP),2879,1
1-RED (ACP),2881,2
1-RED (ACP),2882,3
1-RED (ACP),2884,2
1-RED (ACP),2886,1
1-RED (ACP),2887,1
1-RED (ACP),2888,1
1-RED (ACP),2890,1
1-RED (ACP),2891,1
1-RED (ACP),2901,1
1-RED (ACP),2902,1
1-RED (ACP),2903,1
1-RED (ACP),2904,2
1-RED (ACP),2905,1
1-RED (ACP),2910,1
1-RED (ACP),2911,1
1-RED (ACP),2912,1
1-RED (ACP),2916,2
1-RED (ACP),2917,1
1-RED (ACP),2921,1
1-RED (ACP),2923,2
1-RED (ACP),2924,1
1-RED (ACP),2926,1
1-RED (ACP),2928,2
1-RED (ACP),2929,1
1-RED (ACP),2930,1
1-RED (ACP),2932,1
1-RED (ACP),2933,1
1-RED (ACP),2934,1
1-RED (ACP),2935,2
1-RED (ACP),2941,2
1-RED (ACP),2945,1
1-RED (ACP),2948,3
1-RED (ACP),2949,1
1-RED (ACP),2950,1
1-RED (ACP),2952,1
1-RED (ACP),2953,1
1-RED (ACP),2960,2
1-RED (ACP),2961,1
1-RED (ACP),2962,1
1-RED (ACP),2966,2
1-RED (ACP),2971,1
1-RED (ACP),2972,1
1-RED (ACP),2974,1
1-RED (ACP),2975,2
1-RED (ACP),2979,1
1-RED (ACP),2981,2
1-RED (ACP),2986,1
1-RED (ACP),2987,1
1-RED (ACP),2991,2
1-RED (ACP),2992,1
1-RED (ACP),2995,1
1-RED (ACP),2996,1
1-RED (ACP),2997,1
1-RED (ACP),2998,2
1-RED (ACP),2999,1
1-RED (ACP),3001,2
1-RED (ACP),3003,1
1-RED (ACP),3006,1
1-RED (ACP),3007,1
1-RED (ACP),3013,1
1-RED (ACP),3014,1
1-RED (ACP),3017,1
1-RED (ACP),3018,2
1-RED (ACP),3019,1
1-RED (ACP),3020,1
1-RED (ACP),3022,2
1-RED (ACP),3024,1
1-RED (ACP),3025,1
1-RED (ACP),3032,1
1-RED (ACP),3038,1
1-RED (ACP),3045,2
1-RED (ACP),3046,1
1-RED (ACP),3047,1
1-RED (ACP),3048,1
1-RED (ACP),3055,1
1-RED (ACP),3057,1
1-RED (ACP),3059,1
1-RED (ACP),3060,2
1-RED (ACP),3063,1
1-RED (ACP),3064,1
1-RED (ACP),3069,1
1-RED (ACP),3070,1
1-RED (ACP),3073,1
1-RED (ACP),3078,1
1-RED (ACP),3079,1
1-RED (ACP),3082,1
1-RED (ACP),3083,1
1-RED (ACP),3085,1
1-RED (ACP),3087,1
1-RED (ACP),3089,1
1-RED (ACP),3090,1
1-RED (ACP),3094,1
1-RED (ACP),3095,2
1-RED (ACP),3096,1
1-RED (ACP),3098,2
1-RED (ACP),3099,1
1-RED (ACP),3100,1
1-RED (ACP),3102,1
1-RED (ACP),3103,2
1-RED (ACP),3104,1
1-RED (ACP),3110,1
1-RED (ACP),3112,2
1-RED (ACP),3114,1
1-RED (ACP),3115,1
1-RED (ACP),3119,1
1-RED (ACP),3125,1
1-RED (ACP),3126,1
1-RED (ACP),3127,2
1-RED (ACP),3128,2
1-RED (ACP),3132,1
1-RED (ACP),3133,1
1-RED (ACP),3136,1
1-RED (ACP),3139,1
1-RED (ACP),3141,1
1-RED (ACP),3142,1
1-RED (ACP),3145,2
1-RED (ACP),3147,1
1-RED (ACP),3149,1
1-RED (ACP),3150,2
1-RED (ACP),3152,1
1-RED (ACP),3157,1
1-RED (ACP),3160,1
1-RED (ACP),3161,1
1-RED (ACP),3162,2
1-RED (ACP),3163,1
1-RED (ACP),3166,3
1-RED (ACP),3169,1
1-RED (ACP),3171,1
1-RED (ACP),3172,1
1-RED (ACP),3173,1
1-RED (ACP),3175,1
1-RED (ACP),3176,2
1-RED (ACP),3183,1
1-RED (ACP),3192,1
1-RED (ACP),3194,1
1-RED (ACP),3196,1
1-RED (ACP),3197,1
1-RED (ACP),3198,1
1-RED (ACP),3201,1
1-RED (ACP),3205,1
1-RED (ACP),3209,1
1-RED (ACP),3210,2
1-RED (ACP),3212,1
1-RED (ACP),3220,1
1-RED (ACP),3221,1
1-RED (ACP),3222,1
1-RED (ACP),3223,1
1-RED (ACP),3224,1
1-RED (ACP),3225,1
1-RED (ACP),3226,1
1-RED (ACP),3229,1
1-RED (ACP),3231,1
1-RED (ACP),3232,3
1-RED (ACP),3234,1
1-RED (ACP),3243,1
1-RED (ACP),3248,1
1-RED (ACP),3251,3
1-RED (ACP),3255,1
1-RED (ACP),3258,1
1-RED (ACP),3262,1
1-RED (ACP),3264,1
1-RED (ACP),3265,1
1-RED (ACP),3267,2
1-RED (ACP),3268,1
1-RED (ACP),3270,2
1-RED (ACP),3272,1
1-RED (ACP),3273,1
1-RED (ACP),3276,1
1-RED (ACP),3282,1
1-RED (ACP),3283,1
1-RED (ACP),3284,1
1-RED (ACP),3285,1
1-RED (ACP),3291,2
1-RED (ACP),3292,1
1-RED (ACP),3293,1
1-RED (ACP),3295,1
1-RED (ACP),3298,1
1-RED (ACP),3303,3
1-RED (ACP),3305,1
1-RED (ACP),3307,2
1-RED (ACP),3309,2
1-RED (ACP),3315,1
1-RED (ACP),3318,1
1-RED (ACP),3321,1
1-RED (ACP),3323,2
1-RED (ACP),3324,1
1-RED (ACP),3327,1
1-RED (ACP),3330,1
1-RED (ACP),3332,1
1-RED (ACP),3346,1
1-RED (ACP),3347,1
1-RED (ACP),3348,1
1-RED (ACP),3350,1
1-RED (ACP),3356,1
1-RED (ACP),3364,1
1-RED (ACP),3365,1
1-RED (ACP),3366,2
1-RED (ACP),3367,1
1-RED (ACP),3371,1
1-RED (ACP),3373,1
1-RED (ACP),3380,2
1-RED (ACP),3382,1
1-RED (ACP),3383,1
1-RED (ACP),3385,1
1-RED (ACP),3387,1
1-RED (ACP),3390,2
1-RED (ACP),3391,1
1-RED (ACP),3394,1
1-RED (ACP),3395,1
1-RED (ACP),3396,1
1-RED (ACP),3398,2
1-RED (ACP),3400,1
1-RED (ACP),3401,1
1-RED (ACP),3406,2
1-RED (ACP),3409,1
1-RED (ACP),3415,2
1-RED (ACP),3416,1
1-RED (ACP),3421,1
1-RED (ACP),3422,1
1-RED (ACP),3432,1
1-RED (ACP),3437,1
1-RED (ACP),3438,1
1-RED (ACP),3442,1
1-RED (ACP),3447,1
1-RED (ACP),3450,1
1-RED (ACP),3451,1
1-RED (ACP),3454,1
1-RED (ACP),3457,2
1-RED (ACP),3459,1
1-RED (ACP),3460,1
1-RED (ACP),3466,1
1-RED (ACP),3467,1
1-RED (ACP),3472,1
1-RED (ACP),3476,1
1-RED (ACP),3483,1
1-RED (ACP),3485,1
1-RED (ACP),3488,1
1-RED (ACP),3490,1
1-RED (ACP),3491,1
1-RED (ACP),3500,1
1-RED (ACP),3503,1
1-RED (ACP),3505,1
1-RED (ACP),3507,2
1-RED (ACP),3517,2
1-RED (ACP),3518,1
1-RED (ACP),3521,1
1-RED (ACP),3526,1
1-RED (ACP),3527,1
1-RED (ACP),3531,2
1-RED (ACP),3538,1
1-RED (ACP),3542,1
1-RED (ACP),3552,1
1-RED (ACP),3554,1
1-RED (ACP),3557,2
1-RED (ACP),3560,3
1-RED (ACP),3564,1
1-RED (ACP),3565,1
1-RED (ACP),3567,1
1-RED (ACP),3584,1
1-RED (ACP),3590,1
1-RED (ACP),3594,1
1-RED (ACP),3606,1
1-RED (ACP),3608,1
1-RED (ACP),3609,2
1-RED (ACP),3611,1
1-RED (ACP),3616,1
1-RED (ACP),3617,1
1-RED (ACP),3619,1
1-RED (ACP),3620,1
1-RED (ACP),3625,1
1-RED (ACP),3638,1
1-RED (ACP),3646,1
1-RED (ACP),3648,1
1-RED (ACP),3649,1
1-RED (ACP),3650,1
1-RED (ACP),3651,1
1-RED (ACP),3662,2
1-RED (ACP),3665,1
1-RED (ACP),3667,1
1-RED (ACP),3670,1
1-RED (ACP),3676,1
1-RED (ACP),3677,1
1-RED (ACP),3678,2
1-RED (ACP),3679,1
1-RED (ACP),3681,1
1-RED (ACP),3683,2
1-RED (ACP),3694,1
1-RED (ACP),3695,1
1-RED (ACP),3700,1
1-RED (ACP),3704,1
1-RED (ACP),3709,1
1-RED (ACP),3720,1
1-RED (ACP),3721,1
1-RED (ACP),3722,1
1-RED (ACP),3724,1
1-RED (ACP),3725,1
1-RED (ACP),3728,2
1-RED (ACP),3732,1
1-RED (ACP),3734,1
1-RED (ACP),3740,1
1-RED (ACP),3744,1
1-RED (ACP),3748,2
1-RED (ACP),3758,2
1-RED (ACP),3772,1
1-RED (ACP),3775,1
1-RED (ACP),3777,3
1-RED (ACP),3779,2
1-RED (ACP),3780,1
1-RED (ACP),3783,1
1-RED (ACP),3785,2
1-RED (ACP),3792,1
1-RED (ACP),3794,1
1-RED (ACP),3795,1
1-RED (ACP),3803,1
1-RED (ACP),3804,2
1-RED (ACP),3807,1
1-RED (ACP),3811,1
1-RED (ACP),3814,1
1-RED (ACP),3815,2
1-RED (ACP),3816,1
1-RED (ACP),3820,1
1-RED (ACP),3822,1
1-RED (ACP),3823,1
1-RED (ACP),3829,1
1-RED (ACP),3844,1
1-RED (ACP),3849,1
1-RED (ACP),3850,1
1-RED (ACP),3857,1
1-RED (ACP),3863,1
1-RED (ACP),3867,1
1-RED (ACP),3868,2
1-RED (ACP),3872,1
1-RED (ACP),3873,1
1-RED (ACP),3878,1
1-RED (ACP),3880,1
1-RED (ACP),3881,1
1-RED (ACP),3886,1
1-RED (ACP),3895,1
1-RED (ACP),3911,1
1-RED (ACP),3912,1
1-RED (ACP),3916,1
1-RED (ACP),3922,1
1-RED (ACP),3925,1
1-RED (ACP),3927,1
1-RED (ACP),3935,1
1-RED (ACP),3938,1
1-RED (ACP),3939,1
1-RED (ACP),3941,1
1-RED (ACP),3942,1
1-RED (ACP),3948,1
1-RED (ACP),3955,2
1-RED (ACP),3956,1
1-RED (ACP),3958,1
1-RED (ACP),3959,1
1-RED (ACP),3965,1
1-RED (ACP),3969,1
1-RED (ACP),3970,1
1-RED (ACP),3977,1
1-RED (ACP),3982,1
1-RED (ACP),3992,2
1-RED (ACP),4005,2
1-RED (ACP),4006,1
1-RED (ACP),4012,1
1-RED (ACP),4016,1
1-RED (ACP),4021,1
1-RED (ACP),4026,1
1-RED (ACP),4037,1
1-RED (ACP),4046,2
1-RED (ACP),4057,1
1-RED (ACP),4059,1
1-RED (ACP),4072,1
1-RED (ACP),4073,1
1-RED (ACP),4086,1
1-RED (ACP),4107,1
1-RED (ACP),4110,1
1-RED (ACP),4112,2
1-RED (ACP),4115,1
1-RED (ACP),4128,1
1-RED (ACP),4129,1
1-RED (ACP),4130,2
1-RED (ACP),4145,1
1-RED (ACP),4146,1
1-RED (ACP),4155,1
1-RED (ACP),4157,2
1-RED (ACP),4159,1
1-RED (ACP),4160,1
1-RED (ACP),4166,1
1-RED (ACP),4169,1
1-RED (ACP),4176,1
1-RED (ACP),4182,1
1-RED (ACP),4188,1
1-RED (ACP),4191,1
1-RED (ACP),4207,1
1-RED (ACP),4217,1
1-RED (ACP),4242,1
1-RED (ACP),4250,1
1-RED (ACP),4255,1
1-RED (ACP),4256,1
1-RED (ACP),4280,1
1-RED (ACP),4298,1
1-RED (ACP),4299,1
1-RED (ACP),4311,1
1-RED (ACP),4320,1
1-RED (ACP),4325,1
1-RED (ACP),4328,1
1-RED (ACP),4338,1
1-RED (ACP),4341,1
1-RED (ACP),4344,1
1-RED (ACP),4348,1
1-RED (ACP),4354,1
1-RED (ACP),4359,1
1-RED (ACP),4361,2
1-RED (ACP),4362,1
1-RED (ACP),4363,1
1-RED (ACP),4364,1
1-RED (ACP),4369,1
1-RED (ACP),4371,2
1-RED (ACP),4378,1
1-RED (ACP),4382,1
1-RED (ACP),4384,1
1-RED (ACP),4387,1
1-RED (ACP),4393,1
1-RED (ACP),4404,1
1-RED (ACP),4409,1
1-RED (ACP),4423,1
1-RED (ACP),4427,1
1-RED (ACP),4433,1
1-RED (ACP),4439,1
1-RED (ACP),4445,1
1-RED (ACP),4458,1
1-RED (ACP),4462,1
1-RED (ACP),4479,1
1-RED (ACP),4488,1
1-RED (ACP),4490,1
1-RED (ACP),4491,1
1-RED (ACP),4492,1
1-RED (ACP),4493,1
1-RED (ACP),4504,1
1-RED (ACP),4505,1
1-RED (ACP),4507,1
1-RED (ACP),4510,1
1-RED (ACP),4512,1
1-RED (ACP),4523,1
1-RED (ACP),4524,1
1-RED (ACP),4526,1
1-RED (ACP),4528,1
1-RED (ACP),4530,1
1-RED (ACP),4531,1
1-RED (ACP),4538,1
1-RED (ACP),4544,1
1-RED (ACP),4549,1
1-RED (ACP),4551,2
1-RED (ACP),4566,1
1-RED (ACP),4591,1
1-RED (ACP),4596,1
1-RED (ACP),4597,1
1-RED (ACP),4602,1
1-RED (ACP),4608,1
1-RED (ACP),4610,1
1-RED (ACP),4614,1
1-RED (ACP),4615,1
1-RED (ACP),4616,1
1-RED (ACP),4620,1
1-RED (ACP),4622,1
1-RED (ACP),4627,1
1-RED (ACP),4628,2
1-RED (ACP),4630,1
1-RED (ACP),4636,1
1-RED (ACP),4640,1
1-RED (ACP),4655,1
1-RED (ACP),4671,1
1-RED (ACP),4674,1
1-RED (ACP),4675,1
1-RED (ACP),4693,1
1-RED (ACP),4694,1
1-RED (ACP),4702,1
1-RED (ACP),4704,1
1-RED (ACP),4705,2
1-RED (ACP),4706,1
1-RED (ACP),4709,1
1-RED (ACP),4716,1
1-RED (ACP),4717,1
1-RED (ACP),4720,1
1-RED (ACP),4724,1
1-RED (ACP),4737,1
1-RED (ACP),4738,1
1-RED (ACP),4755,1
1-RED (ACP),4759,1
1-RED (ACP),4768,1
1-RED (ACP),4771,1
1-RED (ACP),4791,1
1-RED (ACP),4800,1
1-RED (ACP),4802,1
1-RED (ACP),4804,1
1-RED (ACP),4814,1
1-RED (ACP),4821,1
1-RED (ACP),4825,1
1-RED (ACP),4831,1
1-RED (ACP),4835,1
1-RED (ACP),4839,1
1-RED (ACP),4869,1
1-RED (ACP),4870,1
1-RED (ACP),4879,1
1-RED (ACP),4882,1
1-RED (ACP),4906,1
1-RED (ACP),4925,1
1-RED (ACP),4927,1
1-RED (ACP),4935,1
1-RED (ACP),4941,1
1-RED (ACP),4953,1
1-RED (ACP),4957,1
1-RED (ACP),4968,1
1-RED (ACP),4970,1
1-RED (ACP),4972,1
1-RED (ACP),4980,1
1-RED (ACP),4990,1
1-RED (ACP),4991,1
1-RED (ACP),4998,1
1-RED (ACP),5003,1
1-RED (ACP),5007,1
1-RED (ACP),5008,1
1-RED (ACP),5017,1
1-RED (ACP),5025,1
1-RED (ACP),5044,1
1-RED (ACP),5049,1
1-RED (ACP),5060,2
1-RED (ACP),5063,1
1-RED (ACP),5072,1
1-RED (ACP),5074,1
1-RED (ACP),5093,2
1-RED (ACP),5099,1
1-RED (ACP),5101,1
1-RED (ACP),5110,1
1-RED (ACP),5111,2
1-RED (ACP),5113,1
1-RED (ACP),5125,1
1-RED (ACP),5132,1
1-RED (ACP),5142,1
1-RED (ACP),5144,1
1-RED (ACP),5147,1
1-RED (ACP),5151,1
1-RED (ACP),5162,1
1-RED (ACP),5173,1
1-RED (ACP),5200,1
1-RED (ACP),5201,1
1-RED (ACP),5203,1
1-RED (ACP),5220,1
1-RED (ACP),5223,2
1-RED (ACP),5230,1
1-RED (ACP),5234,1
1-RED (ACP),5237,1
1-RED (ACP),5248,1
1-RED (ACP),5268,1
1-RED (ACP),5277,1
1-RED (ACP),5280,1
1-RED (ACP),5285,1
1-RED (ACP),5304,1
1-RED (ACP),5316,1
1-RED (ACP),5326,1
1-RED (ACP),5328,1
1-RED (ACP),5339,1
1-RED (ACP),5342,2
1-RED (ACP),5352,1
1-RED (ACP),5363,1
1-RED (ACP),5380,1
1-RED (ACP),5382,1
1-RED (ACP),5399,1
1-RED (ACP),5410,1
1-RED (ACP),5421,1
1-RED (ACP),5437,1
1-RED (ACP),5446,1
1-RED (ACP),5448,1
1-RED (ACP),5449,1
1-RED (ACP),5450,1
1-RED (ACP),5458,1
1-RED (ACP),5464,1
1-RED (ACP),5478,1
1-RED (ACP),5483,1
1-RED (ACP),5488,1
1-RED (ACP),5501,2
1-RED (ACP),5502,1
1-RED (ACP),5516,1
1-RED (ACP),5528,1
1-RED (ACP),5536,1
1-RED (ACP),5538,1
1-RED (ACP),5554,1
1-RED (ACP),5566,1
1-RED (ACP),5577,1
1-RED (ACP),5635,1
1-RED (ACP),5637,1
1-RED (ACP),5650,1
1-RED (ACP),5655,2
1-RED (ACP),5658,1
1-RED (ACP),5680,1
1-RED (ACP),5689,1
1-RED (ACP),5712,1
1-RED (ACP),5725,1
1-RED (ACP),5740,1
1-RED (ACP),5745,1
1-RED (ACP),5746,1
1-RED (ACP),5759,1
1-RED (ACP),5772,1
1-RED (ACP),5774,1
1-RED (ACP),5785,1
1-RED (ACP),5846,1
1-RED (ACP),5875,1
1-RED (ACP),5890,1
1-RED (ACP),5909,1
1-RED (ACP),5931,1
1-RED (ACP),5934,1
1-RED (ACP),5938,1
1-RED (ACP),5944,1
1-RED (ACP),5965,1
1-RED (ACP),5976,1
1-RED (ACP),6042,1
1-RED (ACP),6055,1
1-RED (ACP),6058,1
1-RED (ACP),6063,1
1-RED (ACP),6064,1
1-RED (ACP),6066,1
1-RED (ACP),6085,1
1-RED (ACP),6097,1
1-RED (ACP),6121,1
1-RED (ACP),6148,1
1-RED (ACP),6200,1
1-RED (ACP),6210,1
1-RED (ACP),6233,1
1-RED (ACP),6296,1
1-RED (ACP),6302,1
1-RED (ACP),6362,1
1-RED (ACP),6381,1
1-RED (ACP),6389,1
1-RED (ACP),6428,1
1-RED (ACP),6490,1
1-RED (ACP),6501,1
1-RED (ACP),6535,1
1-RED (ACP),6605,1
1-RED (ACP),6644,1
1-RED (ACP),6679,1
1-RED (ACP),6683,1
1-RED (ACP),6758,1
1-RED (ACP),6820,1
1-RED (ACP),6839,1
1-RED (ACP),6842,1
1-RED (ACP),6868,1
1-RED (ACP),6892,1
1-RED (ACP),6897,1
1-RED (ACP),6898,1
1-RED (ACP),6927,1
1-RED (ACP),7089,1
1-RED (ACP),7108,1
1-RED (ACP),7124,1
1-RED (ACP),7193,1
1-RED (ACP),7204,1
1-RED (ACP),7299,1
1-RED (ACP),7309,1
1-RED (ACP),7352,1
1-RED (ACP),7423,1
1-RED (ACP),7424,1
1-RED (ACP),7443,1
1-RED (ACP),7510,1
1-RED (ACP),7525,1
1-RED (ACP),7562,1
1-RED (ACP),7619,1
1-RED (ACP),7651,1
1-RED (ACP),7653,1
1-RED (ACP),7719,1
1-RED (ACP),7735,1
1-RED (ACP),7757,1
1-RED (ACP),7811,1
1-RED (ACP),7814,1
1-RED (ACP),7823,1
1-RED (ACP),7853,1
1-RED (ACP),7874,1
1-RED (ACP),7893,1
1-RED (ACP),7961,1
1-RED (ACP),8186,1
1-RED (ACP),8202,1
1-RED (ACP),8240,1
1-RED (ACP),8295,1
1-RED (ACP),8392,1
1-RED (ACP),8530,1
1-RED (ACP),8781,1
1-RED (ACP),9019,1
1-RED (ACP),9096,1
1-RED (ACP),9232,1
1-RED (ACP),9390,1
1-RED (ACP),9433,1
1-RED (ACP),9526,1
1-RED (ACP),9554,1
1-RED (ACP),9600,1
1-RED (ACP),9737,1
1-RED (ACP),9832,1
1-RED (ACP),9837,1
1-RED (ACP),9856,1
1-RED (ACP),9902,1
1-RED (ACP),9953,1
1-RED (ACP),9981,1
1-RED (ACP),10016,1
1-RED (ACP),10051,1
1-RED (ACP),10139,1
1-RED (ACP),10184,1
1-RED (ACP),10237,1
1-RED (ACP),10321,1
1-RED (ACP),10335,1
1-RED (ACP),10414,1
1-RED (ACP),10769,1
1-RED (ACP),10935,1
1-RED (ACP),10947,1
1-RED (ACP),11115,1
1-RED (ACP),11196,1
1-RED (ACP),11352,1
1-RED (ACP),11739,1
1-RED (ACP),11776,1
1-RED (ACP),12082,1
1-RED (ACP),12256,1
1-RED (ACP),12271,1
1-RED (ACP),12355,1
1-RED (ACP),12550,1
1-RED (ACP),13021,1
1-RED (ACP),13308,1
1-RED (ACP),13341,1
1-RED (ACP),13694,1
1-RED (ACP),13744,1
1-RED (ACP),13759,1
1-RED (ACP),13820,1
1-RED (ACP),13943,1
1-RED (ACP),15964,1
1-RED (ACP),17065,1
1-RED (ACP),17818,1
1-RED (ACP),18121,1
1-RED (ACP),18472,1
1-RED (ACP),18958,1
1-RED (ACP),19286,1
1-RED (ACP),23046,1
2-RED (PCP),0,57
2-RED (PCP),6,1
2-RED (PCP),9,2
2-RED (PCP),10,4
2-RED (PCP),11,3
2-RED (PCP),12,3
2-RED (PCP),13,1
2-RED (PCP),14,2
2-RED (PCP),15,1
2-RED (PCP),16,1
2-RED (PCP),17,2
2-RED (PCP),18,1
2-RED (PCP),19,2
2-RED (PCP),21,1
2-RED (PCP),22,1
2-RED (PCP),23,1
2-RED (PCP),25,2
2-RED (PCP),26,2
2-RED (PCP),27,2
2-RED (PCP),28,1
2-RED (PCP),29,2
2-RED (PCP),31,1
2-RED (PCP),32,1
2-RED (PCP),36,1
2-RED (PCP),37,3
2-RED (PCP),38,1
2-RED (PCP),39,1
2-RED (PCP),41,1
2-RED (PCP),42,1
2-RED (PCP),43,2
2-RED (PCP),44,1
2-RED (PCP),46,3
2-RED (PCP),47,2
2-RED (PCP),48,1
2-RED (PCP),49,1
2-RED (PCP),50,5
2-RED (PCP),54,1
2-RED (PCP),55,2
2-RED (PCP),56,1
2-RED (PCP),58,1
2-RED (PCP),60,1
2-RED (PCP),61,1
2-RED (PCP),64,1
2-RED (PCP),66,1
2-RED (PCP),67,2
2-RED (PCP),70,1
2-RED (PCP),72,1
2-RED (PCP),75,1
2-RED (PCP),76,1
2-RED (PCP),77,1
2-RED (PCP),78,1
2-RED (PCP),79,4
2-RED (PCP),82,1
2-RED (PCP),83,2
2-RED (PCP),84,2
2-RED (PCP),85,1
2-RED (PCP),87,1
2-RED (PCP),88,1
2-RED (PCP),89,1
2-RED (PCP),90,2
2-RED (PCP),91,2
2-RED (PCP),92,2
2-RED (PCP),93,1
2-RED (PCP),94,1
2-RED (PCP),99,2
2-RED (PCP),102,1
2-RED (PCP),105,1
2-RED (PCP),106,2
2-RED (PCP),107,1
2-RED (PCP),110,1
2-RED (PCP),111,1
2-RED (PCP),112,1
2-RED (PCP),114,1
2-RED (PCP),116,2
2-RED (PCP),117,4
2-RED (PCP),122,1
2-RED (PCP),123,1
2-RED (PCP),124,2
2-RED (PCP),125,3
2-RED (PCP),126,3
2-RED (PCP),128,1
2-RED (PCP),129,2
2-RED (PCP),131,1
2-RED (PCP),132,2
2-RED (PCP),133,1
2-RED (PCP),134,2
2-RED (PCP),135,1
2-RED (PCP),139,2
2-RED (PCP),140,1
2-RED (PCP),142,1
2-RED (PCP),143,1
2-RED (PCP),144,1
2-RED (PCP),145,1
2-RED (PCP),148,2
2-RED (PCP),149,2
2-RED (PCP),150,1
2-RED (PCP),153,1
2-RED (PCP),155,1
2-RED (PCP),156,1
2-RED (PCP),158,1
2-RED (PCP),159,3
2-RED (PCP),160,1
2-RED (PCP),161,4
2-RED (PCP),162,1
2-RED (PCP),163,2
2-RED (PCP),164,3
2-RED (PCP),165,1
2-RED (PCP),166,2
2-RED (PCP),167,1
2-RED (PCP),168,3
2-RED (PCP),170,4
2-RED (PCP),171,2
2-RED (PCP),172,4
2-RED (PCP),173,2
2-RED (PCP),175,1
2-RED (PCP),176,2
2-RED (PCP),177,5
2-RED (PCP),178,2
2-RED (PCP),179,2
2-RED (PCP),180,3
2-RED (PCP),181,3
2-RED (PCP),182,4
2-RED (PCP),183,4
2-RED (PCP),184,2
2-RED (PCP),185,3
2-RED (PCP),186,1
2-RED (PCP),187,1
2-RED (PCP),188,1
2-RED (PCP),189,4
2-RED (PCP),190,2
2-RED (PCP),191,2
2-RED (PCP),192,1
2-RED (PCP),193,1
2-RED (PCP),194,3
2-RED (PCP),195,6
2-RED (PCP),196,2
2-RED (PCP),197,4
2-RED (PCP),198,4
2-RED (PCP),199,1
2-RED (PCP),200,5
2-RED (PCP),201,2
2-RED (PCP),202,3
2-RED (PCP),203,5
2-RED (PCP),204,3
2-RED (PCP),205,3
2-RED (PCP),206,1
2-RED (PCP),207,7
2-RED (PCP),208,9
2-RED (PCP),209,6
2-RED (PCP),210,4
2-RED (PCP),211,6
2-RED (PCP),212,6
2-RED (PCP),213,5
2-RED (PCP),214,9
2-RED (PCP),215,5
2-RED (PCP),216,6
2-RED (PCP),217,8
2-RED (PCP),218,14
2-RED (PCP),219,4
2-RED (PCP),220,4
2-RED (PCP),221,12
2-RED (PCP),222,11
2-RED (PCP),223,7
2-RED (PCP),224,2
2-RED (PCP),225,7
2-RED (PCP),226,8
2-RED (PCP),227,9
2-RED (PCP),228,6
2-RED (PCP),229,3
2-RED (PCP),230,6
2-RED (PCP),231,5
2-RED (PCP),232,8
2-RED (PCP),233,5
2-RED (PCP),234,7
2-RED (PCP),235,7
2-RED (PCP),236,13
2-RED (PCP),237,13
2-RED (PCP),238,9
2-RED (PCP),239,8
2-RED (PCP),240,8
2-RED (PCP),241,13
2-RED (PCP),242,18
2-RED (PCP),243,12
2-RED (PCP),244,9
2-RED (PCP),245,14
2-RED (PCP),246,4
2-RED (PCP),247,7
2-RED (PCP),248,15
2-RED (PCP),249,16
2-RED (PCP),250,10
2-RED (PCP),251,12
2-RED (PCP),252,13
2-RED (PCP),253,9
2-RED (PCP),254,13
2-RED (PCP),255,10
2-RED (PCP),256,5
2-RED (PCP),257,13
2-RED (PCP),258,17
2-RED (PCP),259,14
2-RED (PCP),260,19
2-RED (PCP),261,12
2-RED (PCP),262,18
2-RED (PCP),263,4
2-RED (PCP),264,19
2-RED (PCP),265,14
2-RED (PCP),266,14
2-RED (PCP),267,12
2-RED (PCP),268,22
2-RED (PCP),269,18
2-RED (PCP),270,14
2-RED (PCP),271,16
2-RED (PCP),272,14
2-RED (PCP),273,18
2-RED (PCP),274,19
2-RED (PCP),275,25
2-RED (PCP),276,20
2-RED (PCP),277,18
2-RED (PCP),278,24
2-RED (PCP),279,14
2-RED (PCP),280,26
2-RED (PCP),281,12
2-RED (PCP),282,18
2-RED (PCP),283,19
2-RED (PCP),284,23
2-RED (PCP),285,20
2-RED (PCP),286,16
2-RED (PCP),287,29
2-RED (PCP),288,16
2-RED (PCP),289,26
2-RED (PCP),290,20
2-RED (PCP),291,20
2-RED (PCP),292,32
2-RED (PCP),293,20
2-RED (PCP),294,24
2-RED (PCP),295,22
2-RED (PCP),296,19
2-RED (PCP),297,16
2-RED (PCP),298,29
2-RED (PCP),299,17
2-RED (PCP),300,31
2-RED (PCP),301,19
2-RED (PCP),302,24
2-RED (PCP),303,24
2-RED (PCP),304,23
2-RED (PCP),305,37
2-RED (PCP),306,24
2-RED (PCP),307,22
2-RED (PCP),308,23
2-RED (PCP),309,38
2-RED (PCP),310,26
2-RED (PCP),311,23
2-RED (PCP),312,23
2-RED (PCP),313,30
2-RED (PCP),314,38
2-RED (PCP),315,21
2-RED (PCP),316,26
2-RED (PCP),317,30
2-RED (PCP),318,29
2-RED (PCP),319,35
2-RED (PCP),320,32
2-RED (PCP),321,29
2-RED (PCP),322,29
2-RED (PCP),323,33
2-RED (PCP),324,28
2-RED (PCP),325,28
2-RED (PCP),326,33
2-RED (PCP),327,34
2-RED (PCP),328,35
2-RED (PCP),329,31
2-RED (PCP),330,33
2-RED (PCP),331,41
2-RED (PCP),332,33
2-RED (PCP),333,35
2-RED (PCP),334,36
2-RED (PCP),335,46
2-RED (PCP),336,32
2-RED (PCP),337,37
2-RED (PCP),338,49
2-RED (PCP),339,40
2-RED (PCP),340,46
2-RED (PCP),341,41
2-RED (PCP),342,40
2-RED (PCP),343,34
2-RED (PCP),344,41
2-RED (PCP),345,59
2-RED (PCP),346,43
2-RED (PCP),347,47
2-RED (PCP),348,27
2-RED (PCP),349,34
2-RED (PCP),350,39
2-RED (PCP),351,38
2-RED (PCP),352,44
2-RED (PCP),353,40
2-RED (PCP),354,33
2-RED (PCP),355,46
2-RED (PCP),356,37
2-RED (PCP),357,33
2-RED (PCP),358,46
2-RED (PCP),359,49
2-RED (PCP),360,33
2-RED (PCP),361,40
2-RED (PCP),362,57
2-RED (PCP),363,39
2-RED (PCP),364,43
2-RED (PCP),365,38
2-RED (PCP),366,44
2-RED (PCP),367,34
2-RED (PCP),368,43
2-RED (PCP),369,54
2-RED (PCP),370,40
2-RED (PCP),371,46
2-RED (PCP),372,40
2-RED (PCP),373,61
2-RED (PCP),374,53
2-RED (PCP),375,47
2-RED (PCP),376,50
2-RED (PCP),377,53
2-RED (PCP),378,56
2-RED (PCP),379,47
2-RED (PCP),380,57
2-RED (PCP),381,52
2-RED (PCP),382,47
2-RED (PCP),383,45
2-RED (PCP),384,60
2-RED (PCP),385,72
2-RED (PCP),386,61
2-RED (PCP),387,52
2-RED (PCP),388,54
2-RED (PCP),389,66
2-RED (PCP),390,58
2-RED (PCP),391,47
2-RED (PCP),392,61
2-RED (PCP),393,51
2-RED (PCP),394,51
2-RED (PCP),395,45
2-RED (PCP),396,52
2-RED (PCP),397,74
2-RED (PCP),398,62
2-RED (PCP),399,75
2-RED (PCP),400,64
2-RED (PCP),401,63
2-RED (PCP),402,59
2-RED (PCP),403,72
2-RED (PCP),404,54
2-RED (PCP),405,56
2-RED (PCP),406,70
2-RED (PCP),407,77
2-RED (PCP),408,63
2-RED (PCP),409,66
2-RED (PCP),410,50
2-RED (PCP),411,65
2-RED (PCP),412,67
2-RED (PCP),413,64
2-RED (PCP),414,72
2-RED (PCP),415,74
2-RED (PCP),416,53
2-RED (PCP),417,58
2-RED (PCP),418,71
2-RED (PCP),419,87
2-RED (PCP),420,80
2-RED (PCP),421,88
2-RED (PCP),422,69
2-RED (PCP),423,72
2-RED (PCP),424,64
2-RED (PCP),425,58
2-RED (PCP),426,69
2-RED (PCP),427,76
2-RED (PCP),428,72
2-RED (PCP),429,81
2-RED (PCP),430,75
2-RED (PCP),431,75
2-RED (PCP),432,77
2-RED (PCP),433,81
2-RED (PCP),434,80
2-RED (PCP),435,61
2-RED (PCP),436,80
2-RED (PCP),437,83
2-RED (PCP),438,67
2-RED (PCP),439,72
2-RED (PCP),440,83
2-RED (PCP),441,63
2-RED (PCP),442,73
2-RED (PCP),443,60
2-RED (PCP),444,64
2-RED (PCP),445,86
2-RED (PCP),446,87
2-RED (PCP),447,70
2-RED (PCP),448,83
2-RED (PCP),449,65
2-RED (PCP),450,85
2-RED (PCP),451,63
2-RED (PCP),452,64
2-RED (PCP),453,65
2-RED (PCP),454,73
2-RED (PCP),455,74
2-RED (PCP),456,84
2-RED (PCP),457,71
2-RED (PCP),458,84
2-RED (PCP),459,67
2-RED (PCP),460,77
2-RED (PCP),461,74
2-RED (PCP),462,97
2-RED (PCP),463,76
2-RED (PCP),464,78
2-RED (PCP),465,86
2-RED (PCP),466,87
2-RED (PCP),467,80
2-RED (PCP),468,72
2-RED (PCP),469,90
2-RED (PCP),470,72
2-RED (PCP),471,91
2-RED (PCP),472,83
2-RED (PCP),473,91
2-RED (PCP),474,82
2-RED (PCP),475,94
2-RED (PCP),476,82
2-RED (PCP),477,72
2-RED (PCP),478,77
2-RED (PCP),479,82
2-RED (PCP),480,86
2-RED (PCP),481,85
2-RED (PCP),482,67
2-RED (PCP),483,97
2-RED (PCP),484,68
2-RED (PCP),485,81
2-RED (PCP),486,99
2-RED (PCP),487,57
2-RED (PCP),488,79
2-RED (PCP),489,93
2-RED (PCP),490,62
2-RED (PCP),491,96
2-RED (PCP),492,103
2-RED (PCP),493,96
2-RED (PCP),494,81
2-RED (PCP),495,102
2-RED (PCP),496,83
2-RED (PCP),497,69
2-RED (PCP),498,78
2-RED (PCP),499,90
2-RED (PCP),500,86
2-RED (PCP),501,84
2-RED (PCP),502,71
2-RED (PCP),503,97
2-RED (PCP),504,88
2-RED (PCP),505,80
2-RED (PCP),506,101
2-RED (PCP),507,89
2-RED (PCP),508,96
2-RED (PCP),509,77
2-RED (PCP),510,97
2-RED (PCP),511,97
2-RED (PCP),512,81
2-RED (PCP),513,97
2-RED (PCP),514,82
2-RED (PCP),515,97
2-RED (PCP),516,101
2-RED (PCP),517,99
2-RED (PCP),518,70
2-RED (PCP),519,82
2-RED (PCP),520,88
2-RED (PCP),521,95
2-RED (PCP),522,96
2-RED (PCP),523,87
2-RED (PCP),524,77
2-RED (PCP),525,93
2-RED (PCP),526,85
2-RED (PCP),527,82
2-RED (PCP),528,86
2-RED (PCP),529,86
2-RED (PCP),530,99
2-RED (PCP),531,93
2-RED (PCP),532,98
2-RED (PCP),533,85
2-RED (PCP),534,94
2-RED (PCP),535,95
2-RED (PCP),536,97
2-RED (PCP),537,83
2-RED (PCP),538,98
2-RED (PCP),539,105
2-RED (PCP),540,81
2-RED (PCP),541,90
2-RED (PCP),542,90
2-RED (PCP),543,90
2-RED (PCP),544,101
2-RED (PCP),545,85
2-RED (PCP),546,88
2-RED (PCP),547,98
2-RED (PCP),548,91
2-RED (PCP),549,93
2-RED (PCP),550,86
2-RED (PCP),551,81
2-RED (PCP),552,95
2-RED (PCP),553,87
2-RED (PCP),554,90
2-RED (PCP),555,103
2-RED (PCP),556,103
2-RED (PCP),557,99
2-RED (PCP),558,100
2-RED (PCP),559,93
2-RED (PCP),560,93
2-RED (PCP),561,75
2-RED (PCP),562,105
2-RED (PCP),563,95
2-RED (PCP),564,78
2-RED (PCP),565,81
2-RED (PCP),566,99
2-RED (PCP),567,98
2-RED (PCP),568,81
2-RED (PCP),569,83
2-RED (PCP),570,70
2-RED (PCP),571,97
2-RED (PCP),572,86
2-RED (PCP),573,82
2-RED (PCP),574,110
2-RED (PCP),575,88
2-RED (PCP),576,84
2-RED (PCP),577,79
2-RED (PCP),578,88
2-RED (PCP),579,91
2-RED (PCP),580,90
2-RED (PCP),581,98
2-RED (PCP),582,91
2-RED (PCP),583,90
2-RED (PCP),584,95
2-RED (PCP),585,78
2-RED (PCP),586,91
2-RED (PCP),587,99
2-RED (PCP),588,88
2-RED (PCP),589,99
2-RED (PCP),590,84
2-RED (PCP),591,106
2-RED (PCP),592,109
2-RED (PCP),593,92
2-RED (PCP),594,95
2-RED (PCP),595,107
2-RED (PCP),596,80
2-RED (PCP),597,83
2-RED (PCP),598,84
2-RED (PCP),599,90
2-RED (PCP),600,69
2-RED (PCP),601,90
2-RED (PCP),602,80
2-RED (PCP),603,73
2-RED (PCP),604,92
2-RED (PCP),605,88
2-RED (PCP),606,92
2-RED (PCP),607,94
2-RED (PCP),608,102
2-RED (PCP),609,93
2-RED (PCP),610,87
2-RED (PCP),611,83
2-RED (PCP),612,93
2-RED (PCP),613,83
2-RED (PCP),614,97
2-RED (PCP),615,85
2-RED (PCP),616,92
2-RED (PCP),617,65
2-RED (PCP),618,94
2-RED (PCP),619,71
2-RED (PCP),620,80
2-RED (PCP),621,87
2-RED (PCP),622,87
2-RED (PCP),623,90
2-RED (PCP),624,85
2-RED (PCP),625,84
2-RED (PCP),626,85
2-RED (PCP),627,85
2-RED (PCP),628,87
2-RED (PCP),629,90
2-RED (PCP),630,78
2-RED (PCP),631,96
2-RED (PCP),632,94
2-RED (PCP),633,80
2-RED (PCP),634,72
2-RED (PCP),635,81
2-RED (PCP),636,74
2-RED (PCP),637,87
2-RED (PCP),638,88
2-RED (PCP),639,89
2-RED (PCP),640,74
2-RED (PCP),641,95
2-RED (PCP),642,92
2-RED (PCP),643,86
2-RED (PCP),644,72
2-RED (PCP),645,84
2-RED (PCP),646,71
2-RED (PCP),647,81
2-RED (PCP),648,77
2-RED (PCP),649,69
2-RED (PCP),650,86
2-RED (PCP),651,87
2-RED (PCP),652,85
2-RED (PCP),653,90
2-RED (PCP),654,88
2-RED (PCP),655,85
2-RED (PCP),656,91
2-RED (PCP),657,81
2-RED (PCP),658,82
2-RED (PCP),659,69
2-RED (PCP),660,76
2-RED (PCP),661,88
2-RED (PCP),662,86
2-RED (PCP),663,80
2-RED (PCP),664,87
2-RED (PCP),665,75
2-RED (PCP),666,84
2-RED (PCP),667,74
2-RED (PCP),668,71
2-RED (PCP),669,92
2-RED (PCP),670,75
2-RED (PCP),671,87
2-RED (PCP),672,79
2-RED (PCP),673,74
2-RED (PCP),674,91
2-RED (PCP),675,73
2-RED (PCP),676,78
2-RED (PCP),677,75
2-RED (PCP),678,68
2-RED (PCP),679,69
2-RED (PCP),680,77
2-RED (PCP),681,80
2-RED (PCP),682,68
2-RED (PCP),683,70
2-RED (PCP),684,76
2-RED (PCP),685,69
2-RED (PCP),686,73
2-RED (PCP),687,71
2-RED (PCP),688,61
2-RED (PCP),689,91
2-RED (PCP),690,81
2-RED (PCP),691,78
2-RED (PCP),692,74
2-RED (PCP),693,66
2-RED (PCP),694,65
2-RED (PCP),695,73
2-RED (PCP),696,54
2-RED (PCP),697,66
2-RED (PCP),698,62
2-RED (PCP),699,67
2-RED (PCP),700,70
2-RED (PCP),701,66
2-RED (PCP),702,66
2-RED (PCP),703,46
2-RED (PCP),704,80
2-RED (PCP),705,83
2-RED (PCP),706,73
2-RED (PCP),707,66
2-RED (PCP),708,65
2-RED (PCP),709,63
2-RED (PCP),710,83
2-RED (PCP),711,62
2-RED (PCP),712,70
2-RED (PCP),713,72
2-RED (PCP),714,77
2-RED (PCP),715,68
2-RED (PCP),716,62
2-RED (PCP),717,69
2-RED (PCP),718,63
2-RED (PCP),719,60
2-RED (PCP),720,70
2-RED (PCP),721,66
2-RED (PCP),722,68
2-RED (PCP),723,56
2-RED (PCP),724,54
2-RED (PCP),725,67
2-RED (PCP),726,57
2-RED (PCP),727,58
2-RED (PCP),728,59
2-RED (PCP),729,66
2-RED (PCP),730,60
2-RED (PCP),731,59
2-RED (PCP),732,67
2-RED (PCP),733,62
2-RED (PCP),734,68
2-RED (PCP),735,67
2-RED (PCP),736,60
2-RED (PCP),737,65
2-RED (PCP),738,65
2-RED (PCP),739,56
2-RED (PCP),740,64
2-RED (PCP),741,61
2-RED (PCP),742,49
2-RED (PCP),743,60
2-RED (PCP),744,41
2-RED (PCP),745,75
2-RED (PCP),746,70
2-RED (PCP),747,83
2-RED (PCP),748,67
2-RED (PCP),749,67
2-RED (PCP),750,73
2-RED (PCP),751,79
2-RED (PCP),752,57
2-RED (PCP),753,50
2-RED (PCP),754,64
2-RED (PCP),755,59
2-RED (PCP),756,55
2-RED (PCP),757,50
2-RED (PCP),758,53
2-RED (PCP),759,67
2-RED (PCP),760,58
2-RED (PCP),761,60
2-RED (PCP),762,44
2-RED (PCP),763,62
2-RED (PCP),764,56
2-RED (PCP),765,61
2-RED (PCP),766,50
2-RED (PCP),767,74
2-RED (PCP),768,53
2-RED (PCP),769,64
2-RED (PCP),770,44
2-RED (PCP),771,44
2-RED (PCP),772,57
2-RED (PCP),773,55
2-RED (PCP),774,61
2-RED (PCP),775,47
2-RED (PCP),776,48
2-RED (PCP),777,50
2-RED (PCP),778,61
2-RED (PCP),779,48
2-RED (PCP),780,52
2-RED (PCP),781,53
2-RED (PCP),782,65
2-RED (PCP),783,48
2-RED (PCP),784,48
2-RED (PCP),785,49
2-RED (PCP),786,65
2-RED (PCP),787,53
2-RED (PCP),788,32
2-RED (PCP),789,46
2-RED (PCP),790,49
2-RED (PCP),791,43
2-RED (PCP),792,53
2-RED (PCP),793,45
2-RED (PCP),794,56
2-RED (PCP),795,42
2-RED (PCP),796,56
2-RED (PCP),797,49
2-RED (PCP),798,51
2-RED (PCP),799,49
2-RED (PCP),800,50
2-RED (PCP),801,36
2-RED (PCP),802,44
2-RED (PCP),803,53
2-RED (PCP),804,39
2-RED (PCP),805,55
2-RED (PCP),806,51
2-RED (PCP),807,46
2-RED (PCP),808,53
2-RED (PCP),809,49
2-RED (PCP),810,48
2-RED (PCP),811,57
2-RED (PCP),812,42
2-RED (PCP),813,61
2-RED (PCP),814,40
2-RED (PCP),815,45
2-RED (PCP),816,42
2-RED (PCP),817,49
2-RED (PCP),818,44
2-RED (PCP),819,39
2-RED (PCP),820,39
2-RED (PCP),821,38
2-RED (PCP),822,36
2-RED (PCP),823,48
2-RED (PCP),824,48
2-RED (PCP),825,43
2-RED (PCP),826,46
2-RED (PCP),827,53
2-RED (PCP),828,24
2-RED (PCP),829,53
2-RED (PCP),830,45
2-RED (PCP),831,49
2-RED (PCP),832,36
2-RED (PCP),833,37
2-RED (PCP),834,42
2-RED (PCP),835,42
2-RED (PCP),836,38
2-RED (PCP),837,46
2-RED (PCP),838,33
2-RED (PCP),839,45
2-RED (PCP),840,41
2-RED (PCP),841,45
2-RED (PCP),842,49
2-RED (PCP),843,32
2-RED (PCP),844,43
2-RED (PCP),845,37
2-RED (PCP),846,29
2-RED (PCP),847,46
2-RED (PCP),848,43
2-RED (PCP),849,31
2-RED (PCP),850,33
2-RED (PCP),851,29
2-RED (PCP),852,38
2-RED (PCP),853,42
2-RED (PCP),854,39
2-RED (PCP),855,32
2-RED (PCP),856,58
2-RED (PCP),857,41
2-RED (PCP),858,37
2-RED (PCP),859,38
2-RED (PCP),860,38
2-RED (PCP),861,33
2-RED (PCP),862,54
2-RED (PCP),863,32
2-RED (PCP),864,43
2-RED (PCP),865,45
2-RED (PCP),866,27
2-RED (PCP),867,37
2-RED (PCP),868,48
2-RED (PCP),869,34
2-RED (PCP),870,38
2-RED (PCP),871,35
2-RED (PCP),872,41
2-RED (PCP),873,23
2-RED (PCP),874,39
2-RED (PCP),875,36
2-RED (PCP),876,39
2-RED (PCP),877,27
2-RED (PCP),878,35
2-RED (PCP),879,23
2-RED (PCP),880,42
2-RED (PCP),881,43
2-RED (PCP),882,28
2-RED (PCP),883,31
2-RED (PCP),884,25
2-RED (PCP),885,28
2-RED (PCP),886,33
2-RED (PCP),887,34
2-RED (PCP),888,30
2-RED (PCP),889,37
2-RED (PCP),890,19
2-RED (PCP),891,43
2-RED (PCP),892,34
2-RED (PCP),893,32
2-RED (PCP),894,28
2-RED (PCP),895,32
2-RED (PCP),896,32
2-RED (PCP),897,16
2-RED (PCP),898,33
2-RED (PCP),899,35
2-RED (PCP),900,27
2-RED (PCP),901,25
2-RED (PCP),902,35
2-RED (PCP),903,30
2-RED (PCP),904,26
2-RED (PCP),905,30
2-RED (PCP),906,28
2-RED (PCP),907,31
2-RED (PCP),908,29
2-RED (PCP),909,28
2-RED (PCP),910,28
2-RED (PCP),911,31
2-RED (PCP),912,39
2-RED (PCP),913,26
2-RED (PCP),914,30
2-RED (PCP),915,31
2-RED (PCP),916,35
2-RED (PCP),917,29
2-RED (PCP),918,26
2-RED (PCP),919,28
2-RED (PCP),920,33
2-RED (PCP),921,25
2-RED (PCP),922,27
2-RED (PCP),923,31
2-RED (PCP),924,29
2-RED (PCP),925,32
2-RED (PCP),926,29
2-RED (PCP),927,26
2-RED (PCP),928,34
2-RED (PCP),929,29
2-RED (PCP),930,23
2-RED (PCP),931,27
2-RED (PCP),932,36
2-RED (PCP),933,26
2-RED (PCP),934,17
2-RED (PCP),935,38
2-RED (PCP),936,24
2-RED (PCP),937,23
2-RED (PCP),938,20
2-RED (PCP),939,26
2-RED (PCP),940,35
2-RED (PCP),941,20
2-RED (PCP),942,20
2-RED (PCP),943,27
2-RED (PCP),944,23
2-RED (PCP),945,28
2-RED (PCP),946,25
2-RED (PCP),947,18
2-RED (PCP),948,31
2-RED (PCP),949,26
2-RED (PCP),950,21
2-RED (PCP),951,27
2-RED (PCP),952,27
2-RED (PCP),953,27
2-RED (PCP),954,23
2-RED (PCP),955,25
2-RED (PCP),956,33
2-RED (PCP),957,22
2-RED (PCP),958,21
2-RED (PCP),959,22
2-RED (PCP),960,29
2-RED (PCP),961,20
2-RED (PCP),962,30
2-RED (PCP),963,19
2-RED (PCP),964,24
2-RED (PCP),965,22
2-RED (PCP),966,25
2-RED (PCP),967,20
2-RED (PCP),968,23
2-RED (PCP),969,19
2-RED (PCP),970,25
2-RED (PCP),971,25
2-RED (PCP),972,19
2-RED (PCP),973,21
2-RED (PCP),974,18
2-RED (PCP),975,25
2-RED (PCP),976,21
2-RED (PCP),977,22
2-RED (PCP),978,21
2-RED (PCP),979,17
2-RED (PCP),980,22
2-RED (PCP),981,12
2-RED (PCP),982,20
2-RED (PCP),983,19
2-RED (PCP),984,26
2-RED (PCP),985,18
2-RED (PCP),986,24
2-RED (PCP),987,22
2-RED (PCP),988,32
2-RED (PCP),989,21
2-RED (PCP),990,20
2-RED (PCP),991,25
2-RED (PCP),992,15
2-RED (PCP),993,20
2-RED (PCP),994,24
2-RED (PCP),995,20
2-RED (PCP),996,15
2-RED (PCP),997,14
2-RED (PCP),998,22
2-RED (PCP),999,13
2-RED (PCP),1000,21
2-RED (PCP),1001,20
2-RED (PCP),1002,16
2-RED (PCP),1003,21
2-RED (PCP),1004,24
2-RED (PCP),1005,20
2-RED (PCP),1006,20
2-RED (PCP),1007,21
2-RED (PCP),1008,19
2-RED (PCP),1009,19
2-RED (PCP),1010,30
2-RED (PCP),1011,19
2-RED (PCP),1012,18
2-RED (PCP),1013,20
2-RED (PCP),1014,26
2-RED (PCP),1015,20
2-RED (PCP),1016,18
2-RED (PCP),1017,22
2-RED (PCP),1018,29
2-RED (PCP),1019,21
2-RED (PCP),1020,16
2-RED (PCP),1021,14
2-RED (PCP),1022,17
2-RED (PCP),1023,17
2-RED (PCP),1024,19
2-RED (PCP),1025,17
2-RED (PCP),1026,19
2-RED (PCP),1027,16
2-RED (PCP),1028,18
2-RED (PCP),1029,9
2-RED (PCP),1030,13
2-RED (PCP),1031,19
2-RED (PCP),1032,20
2-RED (PCP),1033,9
2-RED (PCP),1034,19
2-RED (PCP),1035,15
2-RED (PCP),1036,18
2-RED (PCP),1037,18
2-RED (PCP),1038,20
2-RED (PCP),1039,11
2-RED (PCP),1040,9
2-RED (PCP),1041,9
2-RED (PCP),1042,16
2-RED (PCP),1043,18
2-RED (PCP),1044,13
2-RED (PCP),1045,10
2-RED (PCP),1046,14
2-RED (PCP),1047,10
2-RED (PCP),1048,17
2-RED (PCP),1049,13
2-RED (PCP),1050,21
2-RED (PCP),1051,23
2-RED (PCP),1052,14
2-RED (PCP),1053,11
2-RED (PCP),1054,19
2-RED (PCP),1055,19
2-RED (PCP),1056,20
2-RED (PCP),1057,15
2-RED (PCP),1058,10
2-RED (PCP),1059,24
2-RED (PCP),1060,19
2-RED (PCP),1061,14
2-RED (PCP),1062,11
2-RED (PCP),1063,12
2-RED (PCP),1064,16
2-RED (PCP),1065,17
2-RED (PCP),1066,16
2-RED (PCP),1067,14
2-RED (PCP),1068,21
2-RED (PCP),1069,13
2-RED (PCP),1070,23
2-RED (PCP),1071,16
2-RED (PCP),1072,18
2-RED (PCP),1073,16
2-RED (PCP),1074,15
2-RED (PCP),1075,7
2-RED (PCP),1076,18
2-RED (PCP),1077,17
2-RED (PCP),1078,9
2-RED (PCP),1079,10
2-RED (PCP),1080,17
2-RED (PCP),1081,12
2-RED (PCP),1082,14
2-RED (PCP),1083,14
2-RED (PCP),1084,13
2-RED (PCP),1085,9
2-RED (PCP),1086,13
2-RED (PCP),1087,13
2-RED (PCP),1088,7
2-RED (PCP),1089,16
2-RED (PCP),1090,14
2-RED (PCP),1091,10
2-RED (PCP),1092,11
2-RED (PCP),1093,10
2-RED (PCP),1094,6
2-RED (PCP),1095,16
2-RED (PCP),1096,14
2-RED (PCP),1097,14
2-RED (PCP),1098,11
2-RED (PCP),1099,16
2-RED (PCP),1100,7
2-RED (PCP),1101,16
2-RED (PCP),1102,13
2-RED (PCP),1103,8
2-RED (PCP),1104,15
2-RED (PCP),1105,6
2-RED (PCP),1106,17
2-RED (PCP),1107,13
2-RED (PCP),1108,11
2-RED (PCP),1109,7
2-RED (PCP),1110,10
2-RED (PCP),1111,15
2-RED (PCP),1112,16
2-RED (PCP),1113,12
2-RED (PCP),1114,12
2-RED (PCP),1115,11
2-RED (PCP),1116,11
2-RED (PCP),1117,10
2-RED (PCP),1118,11
2-RED (PCP),1119,5
2-RED (PCP),1120,9
2-RED (PCP),1121,12
2-RED (PCP),1122,14
2-RED (PCP),1123,15
2-RED (PCP),1124,13
2-RED (PCP),1125,12
2-RED (PCP),1126,8
2-RED (PCP),1127,8
2-RED (PCP),1128,13
2-RED (PCP),1129,6
2-RED (PCP),1130,13
2-RED (PCP),1131,7
2-RED (PCP),1132,8
2-RED (PCP),1133,12
2-RED (PCP),1134,7
2-RED (PCP),1135,5
2-RED (PCP),1136,12
2-RED (PCP),1137,6
2-RED (PCP),1138,4
2-RED (PCP),1139,11
2-RED (PCP),1140,13
2-RED (PCP),1141,7
2-RED (PCP),1142,11
2-RED (PCP),1143,9
2-RED (PCP),1144,7
2-RED (PCP),1145,12
2-RED (PCP),1146,15
2-RED (PCP),1147,8
2-RED (PCP),1148,8
2-RED (PCP),1149,15
2-RED (PCP),1150,15
2-RED (PCP),1151,7
2-RED (PCP),1152,15
2-RED (PCP),1153,8
2-RED (PCP),1154,10
2-RED (PCP),1155,9
2-RED (PCP),1156,8
2-RED (PCP),1157,10
2-RED (PCP),1158,9
2-RED (PCP),1159,5
2-RED (PCP),1160,7
2-RED (PCP),1161,10
2-RED (PCP),1162,11
2-RED (PCP),1163,11
2-RED (PCP),1164,9
2-RED (PCP),1165,8
2-RED (PCP),1166,10
2-RED (PCP),1167,11
2-RED (PCP),1168,6
2-RED (PCP),1169,4
2-RED (PCP),1170,8
2-RED (PCP),1171,11
2-RED (PCP),1172,13
2-RED (PCP),1173,7
2-RED (PCP),1174,12
2-RED (PCP),1175,15
2-RED (PCP),1176,13
2-RED (PCP),1177,6
2-RED (PCP),1178,10
2-RED (PCP),1179,11
2-RED (PCP),1180,17
2-RED (PCP),1181,3
2-RED (PCP),1182,7
2-RED (PCP),1183,6
2-RED (PCP),1184,10
2-RED (PCP),1185,14
2-RED (PCP),1186,14
2-RED (PCP),1187,10
2-RED (PCP),1188,6
2-RED (PCP),1189,13
2-RED (PCP),1190,14
2-RED (PCP),1191,14
2-RED (PCP),1192,10
2-RED (PCP),1193,12
2-RED (PCP),1194,2
2-RED (PCP),1195,7
2-RED (PCP),1196,11
2-RED (PCP),1197,9
2-RED (PCP),1198,7
2-RED (PCP),1199,9
2-RED (PCP),1200,6
2-RED (PCP),1201,6
2-RED (PCP),1202,6
2-RED (PCP),1203,5
2-RED (PCP),1204,15
2-RED (PCP),1205,7
2-RED (PCP),1206,10
2-RED (PCP),1207,12
2-RED (PCP),1208,3
2-RED (PCP),1209,6
2-RED (PCP),1210,9
2-RED (PCP),1211,6
2-RED (PCP),1212,16
2-RED (PCP),1213,11
2-RED (PCP),1214,6
2-RED (PCP),1215,8
2-RED (PCP),1216,5
2-RED (PCP),1217,6
2-RED (PCP),1218,10
2-RED (PCP),1219,10
2-RED (PCP),1220,10
2-RED (PCP),1221,9
2-RED (PCP),1222,9
2-RED (PCP),1223,9
2-RED (PCP),1224,7
2-RED (PCP),1225,8
2-RED (PCP),1226,1
2-RED (PCP),1227,7
2-RED (PCP),1228,9
2-RED (PCP),1229,5
2-RED (PCP),1230,6
2-RED (PCP),1231,4
2-RED (PCP),1232,12
2-RED (PCP),1233,6
2-RED (PCP),1234,2
2-RED (PCP),1235,16
2-RED (PCP),1236,6
2-RED (PCP),1237,7
2-RED (PCP),1238,5
2-RED (PCP),1239,8
2-RED (PCP),1240,7
2-RED (PCP),1241,7
2-RED (PCP),1242,8
2-RED (PCP),1243,5
2-RED (PCP),1244,9
2-RED (PCP),1245,11
2-RED (PCP),1246,11
2-RED (PCP),1247,6
2-RED (PCP),1248,7
2-RED (PCP),1249,6
2-RED (PCP),1250,5
2-RED (PCP),1251,15
2-RED (PCP),1252,7
2-RED (PCP),1253,5
2-RED (PCP),1254,6
2-RED (PCP),1255,6
2-RED (PCP),1256,11
2-RED (PCP),1257,3
2-RED (PCP),1258,3
2-RED (PCP),1259,4
2-RED (PCP),1260,13
2-RED (PCP),1261,7
2-RED (PCP),1262,5
2-RED (PCP),1263,5
2-RED (PCP),1264,8
2-RED (PCP),1265,5
2-RED (PCP),1266,5
2-RED (PCP),1267,5
2-RED (PCP),1268,3
2-RED (PCP),1269,4
2-RED (PCP),1270,10
2-RED (PCP),1271,4
2-RED (PCP),1272,13
2-RED (PCP),1273,5
2-RED (PCP),1274,9
2-RED (PCP),1275,2
2-RED (PCP),1276,4
2-RED (PCP),1277,3
2-RED (PCP),1278,8
2-RED (PCP),1279,7
2-RED (PCP),1280,7
2-RED (PCP),1281,5
2-RED (PCP),1282,7
2-RED (PCP),1283,6
2-RED (PCP),1284,8
2-RED (PCP),1285,6
2-RED (PCP),1286,5
2-RED (PCP),1287,5
2-RED (PCP),1288,9
2-RED (PCP),1289,10
2-RED (PCP),1290,10
2-RED (PCP),1291,2
2-RED (PCP),1292,2
2-RED (PCP),1293,4
2-RED (PCP),1294,6
2-RED (PCP),1295,5
2-RED (PCP),1296,8
2-RED (PCP),1297,2
2-RED (PCP),1298,5
2-RED (PCP),1299,3
2-RED (PCP),1300,5
2-RED (PCP),1301,7
2-RED (PCP),1302,6
2-RED (PCP),1303,5
2-RED (PCP),1304,2
2-RED (PCP),1305,6
2-RED (PCP),1306,6
2-RED (PCP),1307,3
2-RED (PCP),1308,3
2-RED (PCP),1309,4
2-RED (PCP),1310,3
2-RED (PCP),1311,7
2-RED (PCP),1312,7
2-RED (PCP),1313,4
2-RED (PCP),1314,2
2-RED (PCP),1315,8
2-RED (PCP),1316,2
2-RED (PCP),1317,9
2-RED (PCP),1318,5
2-RED (PCP),1319,8
2-RED (PCP),1320,4
2-RED (PCP),1321,2
2-RED (PCP),1322,5
2-RED (PCP),1323,5
2-RED (PCP),1324,9
2-RED (PCP),1325,7
2-RED (PCP),1326,7
2-RED (PCP),1327,3
2-RED (PCP),1328,1
2-RED (PCP),1329,6
2-RED (PCP),1330,4
2-RED (PCP),1331,4
2-RED (PCP),1332,7
2-RED (PCP),1333,4
2-RED (PCP),1334,5
2-RED (PCP),1335,6
2-RED (PCP),1336,3
2-RED (PCP),1337,7
2-RED (PCP),1338,6
2-RED (PCP),1339,6
2-RED (PCP),1340,1
2-RED (PCP),1341,4
2-RED (PCP),1342,8
2-RED (PCP),1343,3
2-RED (PCP),1344,6
2-RED (PCP),1345,7
2-RED (PCP),1346,6
2-RED (PCP),1347,3
2-RED (PCP),1348,8
2-RED (PCP),1349,6
2-RED (PCP),1350,3
2-RED (PCP),1351,2
2-RED (PCP),1352,5
2-RED (PCP),1353,5
2-RED (PCP),1354,8
2-RED (PCP),1355,3
2-RED (PCP),1356,4
2-RED (PCP),1357,3
2-RED (PCP),1358,6
2-RED (PCP),1359,6
2-RED (PCP),1360,9
2-RED (PCP),1361,9
2-RED (PCP),1362,8
2-RED (PCP),1363,5
2-RED (PCP),1364,4
2-RED (PCP),1365,5
2-RED (PCP),1366,7
2-RED (PCP),1367,2
2-RED (PCP),1368,6
2-RED (PCP),1369,5
2-RED (PCP),1370,6
2-RED (PCP),1371,8
2-RED (PCP),1372,5
2-RED (PCP),1373,5
2-RED (PCP),1374,2
2-RED (PCP),1375,4
2-RED (PCP),1376,5
2-RED (PCP),1377,3
2-RED (PCP),1378,5
2-RED (PCP),1379,5
2-RED (PCP),1380,6
2-RED (PCP),1381,2
2-RED (PCP),1382,5
2-RED (PCP),1383,10
2-RED (PCP),1384,3
2-RED (PCP),1385,2
2-RED (PCP),1386,6
2-RED (PCP),1387,7
2-RED (PCP),1388,4
2-RED (PCP),1389,2
2-RED (PCP),1390,6
2-RED (PCP),1391,3
2-RED (PCP),1392,7
2-RED (PCP),1393,4
2-RED (PCP),1394,5
2-RED (PCP),1395,2
2-RED (PCP),1396,4
2-RED (PCP),1397,5
2-RED (PCP),1398,7
2-RED (PCP),1399,4
2-RED (PCP),1400,6
2-RED (PCP),1401,7
2-RED (PCP),1402,5
2-RED (PCP),1403,2
2-RED (PCP),1404,3
2-RED (PCP),1405,2
2-RED (PCP),1406,4
2-RED (PCP),1407,5
2-RED (PCP),1408,5
2-RED (PCP),1409,5
2-RED (PCP),1410,10
2-RED (PCP),1411,2
2-RED (PCP),1412,6
2-RED (PCP),1413,3
2-RED (PCP),1414,6
2-RED (PCP),1415,2
2-RED (PCP),1416,3
2-RED (PCP),1417,6
2-RED (PCP),1418,4
2-RED (PCP),1419,8
2-RED (PCP),1420,4
2-RED (PCP),1421,3
2-RED (PCP),1422,7
2-RED (PCP),1423,2
2-RED (PCP),1424,5
2-RED (PCP),1425,4
2-RED (PCP),1426,6
2-RED (PCP),1427,3
2-RED (PCP),1428,1
2-RED (PCP),1429,5
2-RED (PCP),1430,4
2-RED (PCP),1431,5
2-RED (PCP),1432,2
2-RED (PCP),1433,3
2-RED (PCP),1434,7
2-RED (PCP),1435,4
2-RED (PCP),1436,5
2-RED (PCP),1437,4
2-RED (PCP),1438,5
2-RED (PCP),1439,2
2-RED (PCP),1440,1
2-RED (PCP),1441,5
2-RED (PCP),1442,4
2-RED (PCP),1443,3
2-RED (PCP),1444,3
2-RED (PCP),1445,4
2-RED (PCP),1446,4
2-RED (PCP),1447,2
2-RED (PCP),1448,2
2-RED (PCP),1449,2
2-RED (PCP),1450,6
2-RED (PCP),1451,2
2-RED (PCP),1452,4
2-RED (PCP),1453,4
2-RED (PCP),1454,6
2-RED (PCP),1455,5
2-RED (PCP),1456,3
2-RED (PCP),1457,2
2-RED (PCP),1458,5
2-RED (PCP),1459,2
2-RED (PCP),1460,3
2-RED (PCP),1461,4
2-RED (PCP),1462,2
2-RED (PCP),1463,5
2-RED (PCP),1464,5
2-RED (PCP),1465,4
2-RED (PCP),1466,3
2-RED (PCP),1467,4
2-RED (PCP),1468,7
2-RED (PCP),1469,5
2-RED (PCP),1470,2
2-RED (PCP),1471,1
2-RED (PCP),1472,3
2-RED (PCP),1473,4
2-RED (PCP),1474,7
2-RED (PCP),1475,1
2-RED (PCP),1476,4
2-RED (PCP),1477,4
2-RED (PCP),1478,3
2-RED (PCP),1479,5
2-RED (PCP),1480,3
2-RED (PCP),1481,2
2-RED (PCP),1482,2
2-RED (PCP),1483,2
2-RED (PCP),1484,1
2-RED (PCP),1485,3
2-RED (PCP),1486,2
2-RED (PCP),1487,5
2-RED (PCP),1488,1
2-RED (PCP),1489,1
2-RED (PCP),1490,1
2-RED (PCP),1491,1
2-RED (PCP),1492,4
2-RED (PCP),1493,6
2-RED (PCP),1494,2
2-RED (PCP),1496,4
2-RED (PCP),1497,5
2-RED (PCP),1498,6
2-RED (PCP),1499,6
2-RED (PCP),1500,1
2-RED (PCP),1501,2
2-RED (PCP),1502,2
2-RED (PCP),1503,7
2-RED (PCP),1504,4
2-RED (PCP),1505,1
2-RED (PCP),1506,1
2-RED (PCP),1507,2
2-RED (PCP),1508,8
2-RED (PCP),1509,2
2-RED (PCP),1510,5
2-RED (PCP),1511,1
2-RED (PCP),1512,1
2-RED (PCP),1514,2
2-RED (PCP),1515,6
2-RED (PCP),1516,2
2-RED (PCP),1518,4
2-RED (PCP),1519,3
2-RED (PCP),1520,4
2-RED (PCP),1521,4
2-RED (PCP),1522,3
2-RED (PCP),1523,2
2-RED (PCP),1525,4
2-RED (PCP),1526,2
2-RED (PCP),1527,4
2-RED (PCP),1528,7
2-RED (PCP),1530,1
2-RED (PCP),1531,2
2-RED (PCP),1532,3
2-RED (PCP),1533,7
2-RED (PCP),1534,4
2-RED (PCP),1535,2
2-RED (PCP),1536,3
2-RED (PCP),1537,4
2-RED (PCP),1538,1
2-RED (PCP),1539,3
2-RED (PCP),1540,3
2-RED (PCP),1541,4
2-RED (PCP),1542,4
2-RED (PCP),1543,5
2-RED (PCP),1544,6
2-RED (PCP),1545,5
2-RED (PCP),1546,4
2-RED (PCP),1547,1
2-RED (PCP),1548,5
2-RED (PCP),1549,6
2-RED (PCP),1550,1
2-RED (PCP),1551,4
2-RED (PCP),1552,2
2-RED (PCP),1553,5
2-RED (PCP),1554,6
2-RED (PCP),1556,2
2-RED (PCP),1557,2
2-RED (PCP),1558,1
2-RED (PCP),1559,2
2-RED (PCP),1560,4
2-RED (PCP),1561,3
2-RED (PCP),1562,2
2-RED (PCP),1563,5
2-RED (PCP),1564,2
2-RED (PCP),1565,2
2-RED (PCP),1566,3
2-RED (PCP),1567,4
2-RED (PCP),1568,3
2-RED (PCP),1569,5
2-RED (PCP),1570,2
2-RED (PCP),1571,9
2-RED (PCP),1573,2
2-RED (PCP),1574,2
2-RED (PCP),1575,5
2-RED (PCP),1577,4
2-RED (PCP),1578,3
2-RED (PCP),1579,5
2-RED (PCP),1580,2
2-RED (PCP),1581,4
2-RED (PCP),1583,2
2-RED (PCP),1584,6
2-RED (PCP),1585,5
2-RED (PCP),1586,5
2-RED (PCP),1587,12
2-RED (PCP),1588,2
2-RED (PCP),1589,5
2-RED (PCP),1590,4
2-RED (PCP),1591,2
2-RED (PCP),1592,4
2-RED (PCP),1593,3
2-RED (PCP),1594,5
2-RED (PCP),1595,4
2-RED (PCP),1596,4
2-RED (PCP),1597,4
2-RED (PCP),1598,1
2-RED (PCP),1599,2
2-RED (PCP),1600,3
2-RED (PCP),1601,5
2-RED (PCP),1602,5
2-RED (PCP),1603,1
2-RED (PCP),1604,3
2-RED (PCP),1605,3
2-RED (PCP),1606,4
2-RED (PCP),1607,2
2-RED (PCP),1608,2
2-RED (PCP),1609,5
2-RED (PCP),1610,3
2-RED (PCP),1611,4
2-RED (PCP),1612,2
2-RED (PCP),1613,8
2-RED (PCP),1614,6
2-RED (PCP),1615,2
2-RED (PCP),1616,7
2-RED (PCP),1617,2
2-RED (PCP),1618,4
2-RED (PCP),1619,4
2-RED (PCP),1620,1
2-RED (PCP),1621,1
2-RED (PCP),1622,4
2-RED (PCP),1623,2
2-RED (PCP),1624,3
2-RED (PCP),1625,6
2-RED (PCP),1626,1
2-RED (PCP),1627,1
2-RED (PCP),1628,3
2-RED (PCP),1629,3
2-RED (PCP),1630,3
2-RED (PCP),1631,4
2-RED (PCP),1632,2
2-RED (PCP),1633,3
2-RED (PCP),1634,6
2-RED (PCP),1635,2
2-RED (PCP),1637,3
2-RED (PCP),1638,4
2-RED (PCP),1639,5
2-RED (PCP),1640,1
2-RED (PCP),1641,2
2-RED (PCP),1642,1
2-RED (PCP),1643,4
2-RED (PCP),1644,3
2-RED (PCP),1645,1
2-RED (PCP),1646,6
2-RED (PCP),1647,5
2-RED (PCP),1649,3
2-RED (PCP),1650,6
2-RED (PCP),1651,1
2-RED (PCP),1652,1
2-RED (PCP),1653,2
2-RED (PCP),1654,2
2-RED (PCP),1655,1
2-RED (PCP),1656,5
2-RED (PCP),1657,7
2-RED (PCP),1658,1
2-RED (PCP),1659,2
2-RED (PCP),1660,2
2-RED (PCP),1661,2
2-RED (PCP),1662,3
2-RED (PCP),1663,2
2-RED (PCP),1664,2
2-RED (PCP),1665,4
2-RED (PCP),1666,7
2-RED (PCP),1667,2
2-RED (PCP),1668,5
2-RED (PCP),1669,4
2-RED (PCP),1671,2
2-RED (PCP),1672,3
2-RED (PCP),1673,2
2-RED (PCP),1674,2
2-RED (PCP),1675,4
2-RED (PCP),1676,6
2-RED (PCP),1677,4
2-RED (PCP),1678,1
2-RED (PCP),1679,3
2-RED (PCP),1680,5
2-RED (PCP),1681,4
2-RED (PCP),1682,2
2-RED (PCP),1683,1
2-RED (PCP),1684,3
2-RED (PCP),1685,2
2-RED (PCP),1686,5
2-RED (PCP),1687,2
2-RED (PCP),1688,2
2-RED (PCP),1689,4
2-RED (PCP),1690,2
2-RED (PCP),1691,2
2-RED (PCP),1692,8
2-RED (PCP),1693,2
2-RED (PCP),1694,2
2-RED (PCP),1695,2
2-RED (PCP),1696,3
2-RED (PCP),1697,2
2-RED (PCP),1698,2
2-RED (PCP),1699,4
2-RED (PCP),1700,1
2-RED (PCP),1702,5
2-RED (PCP),1703,4
2-RED (PCP),1704,1
2-RED (PCP),1705,2
2-RED (PCP),1707,3
2-RED (PCP),1708,4
2-RED (PCP),1709,5
2-RED (PCP),1710,1
2-RED (PCP),1711,2
2-RED (PCP),1712,3
2-RED (PCP),1713,2
2-RED (PCP),1714,2
2-RED (PCP),1716,3
2-RED (PCP),1717,2
2-RED (PCP),1718,1
2-RED (PCP),1719,1
2-RED (PCP),1721,1
2-RED (PCP),1722,2
2-RED (PCP),1723,2
2-RED (PCP),1724,2
2-RED (PCP),1725,3
2-RED (PCP),1726,1
2-RED (PCP),1727,1
2-RED (PCP),1728,2
2-RED (PCP),1729,2
2-RED (PCP),1730,3
2-RED (PCP),1731,5
2-RED (PCP),1732,3
2-RED (PCP),1733,4
2-RED (PCP),1734,3
2-RED (PCP),1735,2
2-RED (PCP),1736,4
2-RED (PCP),1737,3
2-RED (PCP),1738,4
2-RED (PCP),1739,2
2-RED (PCP),1741,4
2-RED (PCP),1742,5
2-RED (PCP),1744,3
2-RED (PCP),1745,1
2-RED (PCP),1746,5
2-RED (PCP),1747,1
2-RED (PCP),1748,2
2-RED (PCP),1749,5
2-RED (PCP),1750,2
2-RED (PCP),1751,3
2-RED (PCP),1752,2
2-RED (PCP),1753,1
2-RED (PCP),1754,1
2-RED (PCP),1755,1
2-RED (PCP),1756,4
2-RED (PCP),1758,3
2-RED (PCP),1759,3
2-RED (PCP),1760,4
2-RED (PCP),1761,3
2-RED (PCP),1762,2
2-RED (PCP),1763,1
2-RED (PCP),1764,4
2-RED (PCP),1765,4
2-RED (PCP),1766,2
2-RED (PCP),1767,2
2-RED (PCP),1768,1
2-RED (PCP),1769,5
2-RED (PCP),1770,2
2-RED (PCP),1771,1
2-RED (PCP),1772,5
2-RED (PCP),1773,2
2-RED (PCP),1775,1
2-RED (PCP),1776,4
2-RED (PCP),1777,2
2-RED (PCP),1778,2
2-RED (PCP),1779,2
2-RED (PCP),1780,2
2-RED (PCP),1781,1
2-RED (PCP),1782,1
2-RED (PCP),1783,2
2-RED (PCP),1784,1
2-RED (PCP),1785,3
2-RED (PCP),1786,1
2-RED (PCP),1787,1
2-RED (PCP),1788,1
2-RED (PCP),1789,5
2-RED (PCP),1790,1
2-RED (PCP),1792,3
2-RED (PCP),1793,1
2-RED (PCP),1794,1
2-RED (PCP),1795,2
2-RED (PCP),1796,3
2-RED (PCP),1797,4
2-RED (PCP),1798,2
2-RED (PCP),1799,3
2-RED (PCP),1800,4
2-RED (PCP),1801,1
2-RED (PCP),1803,3
2-RED (PCP),1804,5
2-RED (PCP),1805,2
2-RED (PCP),1807,3
2-RED (PCP),1808,2
2-RED (PCP),1809,1
2-RED (PCP),1810,2
2-RED (PCP),1811,1
2-RED (PCP),1813,4
2-RED (PCP),1814,2
2-RED (PCP),1816,1
2-RED (PCP),1817,2
2-RED (PCP),1818,2
2-RED (PCP),1819,1
2-RED (PCP),1820,3
2-RED (PCP),1821,2
2-RED (PCP),1822,3
2-RED (PCP),1823,2
2-RED (PCP),1824,1
2-RED (PCP),1825,4
2-RED (PCP),1827,1
2-RED (PCP),1829,4
2-RED (PCP),1830,2
2-RED (PCP),1831,4
2-RED (PCP),1832,3
2-RED (PCP),1833,3
2-RED (PCP),1834,6
2-RED (PCP),1835,5
2-RED (PCP),1836,1
2-RED (PCP),1837,5
2-RED (PCP),1838,3
2-RED (PCP),1840,1
2-RED (PCP),1841,2
2-RED (PCP),1842,2
2-RED (PCP),1844,3
2-RED (PCP),1845,3
2-RED (PCP),1846,4
2-RED (PCP),1847,2
2-RED (PCP),1848,1
2-RED (PCP),1849,3
2-RED (PCP),1850,1
2-RED (PCP),1851,2
2-RED (PCP),1852,1
2-RED (PCP),1853,1
2-RED (PCP),1854,1
2-RED (PCP),1855,2
2-RED (PCP),1856,2
2-RED (PCP),1857,2
2-RED (PCP),1858,1
2-RED (PCP),1859,1
2-RED (PCP),1860,3
2-RED (PCP),1861,3
2-RED (PCP),1862,3
2-RED (PCP),1863,3
2-RED (PCP),1864,3
2-RED (PCP),1865,1
2-RED (PCP),1866,2
2-RED (PCP),1867,1
2-RED (PCP),1868,1
2-RED (PCP),1869,4
2-RED (PCP),1870,3
2-RED (PCP),1871,2
2-RED (PCP),1872,6
2-RED (PCP),1873,7
2-RED (PCP),1874,2
2-RED (PCP),1875,3
2-RED (PCP),1876,5
2-RED (PCP),1877,3
2-RED (PCP),1879,1
2-RED (PCP),1880,2
2-RED (PCP),1881,3
2-RED (PCP),1882,1
2-RED (PCP),1883,2
2-RED (PCP),1884,3
2-RED (PCP),1886,1
2-RED (PCP),1887,6
2-RED (PCP),1888,3
2-RED (PCP),1889,1
2-RED (PCP),1890,4
2-RED (PCP),1891,2
2-RED (PCP),1892,1
2-RED (PCP),1894,1
2-RED (PCP),1895,3
2-RED (PCP),1897,4
2-RED (PCP),1898,3
2-RED (PCP),1900,2
2-RED (PCP),1901,3
2-RED (PCP),1902,3
2-RED (PCP),1903,5
2-RED (PCP),1904,3
2-RED (PCP),1905,4
2-RED (PCP),1906,3
2-RED (PCP),1907,2
2-RED (PCP),1908,4
2-RED (PCP),1909,1
2-RED (PCP),1910,1
2-RED (PCP),1911,3
2-RED (PCP),1912,3
2-RED (PCP),1913,1
2-RED (PCP),1914,3
2-RED (PCP),1915,3
2-RED (PCP),1916,1
2-RED (PCP),1918,3
2-RED (PCP),1920,1
2-RED (PCP),1922,2
2-RED (PCP),1923,4
2-RED (PCP),1924,2
2-RED (PCP),1925,2
2-RED (PCP),1927,1
2-RED (PCP),1928,2
2-RED (PCP),1930,2
2-RED (PCP),1931,3
2-RED (PCP),1932,2
2-RED (PCP),1933,2
2-RED (PCP),1934,1
2-RED (PCP),1935,2
2-RED (PCP),1936,1
2-RED (PCP),1937,2
2-RED (PCP),1938,1
2-RED (PCP),1939,2
2-RED (PCP),1940,4
2-RED (PCP),1942,3
2-RED (PCP),1943,2
2-RED (PCP),1944,2
2-RED (PCP),1945,1
2-RED (PCP),1947,1
2-RED (PCP),1950,3
2-RED (PCP),1951,2
2-RED (PCP),1952,2
2-RED (PCP),1953,1
2-RED (PCP),1954,2
2-RED (PCP),1955,1
2-RED (PCP),1956,3
2-RED (PCP),1957,4
2-RED (PCP),1958,1
2-RED (PCP),1961,2
2-RED (PCP),1962,1
2-RED (PCP),1963,3
2-RED (PCP),1964,2
2-RED (PCP),1965,2
2-RED (PCP),1966,1
2-RED (PCP),1967,1
2-RED (PCP),1968,3
2-RED (PCP),1970,4
2-RED (PCP),1971,3
2-RED (PCP),1972,4
2-RED (PCP),1973,1
2-RED (PCP),1974,2
2-RED (PCP),1975,2
2-RED (PCP),1976,1
2-RED (PCP),1977,2
2-RED (PCP),1978,2
2-RED (PCP),1979,1
2-RED (PCP),1980,1
2-RED (PCP),1981,2
2-RED (PCP),1982,1
2-RED (PCP),1984,3
2-RED (PCP),1985,1
2-RED (PCP),1987,1
2-RED (PCP),1988,2
2-RED (PCP),1989,1
2-RED (PCP),1990,1
2-RED (PCP),1991,2
2-RED (PCP),1992,3
2-RED (PCP),1993,3
2-RED (PCP),1995,1
2-RED (PCP),1996,3
2-RED (PCP),1997,4
2-RED (PCP),1998,1
2-RED (PCP),1999,2
2-RED (PCP),2000,1
2-RED (PCP),2001,1
2-RED (PCP),2002,1
2-RED (PCP),2005,1
2-RED (PCP),2006,3
2-RED (PCP),2008,1
2-RED (PCP),2009,2
2-RED (PCP),2010,2
2-RED (PCP),2011,1
2-RED (PCP),2012,1
2-RED (PCP),2013,1
2-RED (PCP),2014,1
2-RED (PCP),2015,3
2-RED (PCP),2016,3
2-RED (PCP),2017,3
2-RED (PCP),2018,2
2-RED (PCP),2019,2
2-RED (PCP),2020,1
2-RED (PCP),2022,2
2-RED (PCP),2023,4
2-RED (PCP),2025,6
2-RED (PCP),2026,2
2-RED (PCP),2027,2
2-RED (PCP),2028,1
2-RED (PCP),2029,3
2-RED (PCP),2030,2
2-RED (PCP),2031,2
2-RED (PCP),2032,1
2-RED (PCP),2033,3
2-RED (PCP),2034,5
2-RED (PCP),2035,3
2-RED (PCP),2037,1
2-RED (PCP),2038,1
2-RED (PCP),2039,1
2-RED (PCP),2041,3
2-RED (PCP),2042,2
2-RED (PCP),2043,2
2-RED (PCP),2044,1
2-RED (PCP),2045,4
2-RED (PCP),2046,1
2-RED (PCP),2047,4
2-RED (PCP),2048,2
2-RED (PCP),2049,2
2-RED (PCP),2050,1
2-RED (PCP),2051,4
2-RED (PCP),2053,2
2-RED (PCP),2055,1
2-RED (PCP),2056,3
2-RED (PCP),2057,1
2-RED (PCP),2058,3
2-RED (PCP),2059,1
2-RED (PCP),2060,2
2-RED (PCP),2061,3
2-RED (PCP),2062,1
2-RED (PCP),2063,1
2-RED (PCP),2065,2
2-RED (PCP),2067,3
2-RED (PCP),2068,1
2-RED (PCP),2070,2
2-RED (PCP),2071,2
2-RED (PCP),2072,3
2-RED (PCP),2073,1
2-RED (PCP),2075,2
2-RED (PCP),2076,3
2-RED (PCP),2077,3
2-RED (PCP),2078,4
2-RED (PCP),2079,1
2-RED (PCP),2080,1
2-RED (PCP),2081,4
2-RED (PCP),2082,2
2-RED (PCP),2084,1
2-RED (PCP),2085,1
2-RED (PCP),2087,1
2-RED (PCP),2088,2
2-RED (PCP),2090,2
2-RED (PCP),2091,2
2-RED (PCP),2093,2
2-RED (PCP),2094,2
2-RED (PCP),2095,1
2-RED (PCP),2096,2
2-RED (PCP),2097,1
2-RED (PCP),2098,4
2-RED (PCP),2099,3
2-RED (PCP),2100,1
2-RED (PCP),2101,2
2-RED (PCP),2102,2
2-RED (PCP),2103,1
2-RED (PCP),2105,1
2-RED (PCP),2106,2
2-RED (PCP),2107,2
2-RED (PCP),2108,1
2-RED (PCP),2109,1
2-RED (PCP),2110,1
2-RED (PCP),2111,2
2-RED (PCP),2114,2
2-RED (PCP),2115,2
2-RED (PCP),2116,3
2-RED (PCP),2118,3
2-RED (PCP),2120,5
2-RED (PCP),2121,4
2-RED (PCP),2122,4
2-RED (PCP),2123,2
2-RED (PCP),2125,1
2-RED (PCP),2126,1
2-RED (PCP),2128,2
2-RED (PCP),2130,1
2-RED (PCP),2131,1
2-RED (PCP),2132,2
2-RED (PCP),2134,3
2-RED (PCP),2135,2
2-RED (PCP),2136,2
2-RED (PCP),2138,1
2-RED (PCP),2140,3
2-RED (PCP),2141,2
2-RED (PCP),2142,1
2-RED (PCP),2143,1
2-RED (PCP),2144,3
2-RED (PCP),2145,1
2-RED (PCP),2147,2
2-RED (PCP),2149,1
2-RED (PCP),2150,2
2-RED (PCP),2152,1
2-RED (PCP),2153,3
2-RED (PCP),2154,2
2-RED (PCP),2155,1
2-RED (PCP),2156,1
2-RED (PCP),2157,2
2-RED (PCP),2158,1
2-RED (PCP),2159,2
2-RED (PCP),2160,3
2-RED (PCP),2161,1
2-RED (PCP),2162,4
2-RED (PCP),2163,4
2-RED (PCP),2165,1
2-RED (PCP),2166,1
2-RED (PCP),2167,3
2-RED (PCP),2168,2
2-RED (PCP),2170,5
2-RED (PCP),2172,3
2-RED (PCP),2173,1
2-RED (PCP),2174,3
2-RED (PCP),2176,1
2-RED (PCP),2177,3
2-RED (PCP),2178,1
2-RED (PCP),2180,1
2-RED (PCP),2183,1
2-RED (PCP),2185,3
2-RED (PCP),2186,3
2-RED (PCP),2187,1
2-RED (PCP),2188,2
2-RED (PCP),2189,1
2-RED (PCP),2192,2
2-RED (PCP),2193,2
2-RED (PCP),2194,3
2-RED (PCP),2195,2
2-RED (PCP),2197,3
2-RED (PCP),2198,1
2-RED (PCP),2199,1
2-RED (PCP),2201,1
2-RED (PCP),2203,1
2-RED (PCP),2204,2
2-RED (PCP),2205,5
2-RED (PCP),2206,1
2-RED (PCP),2209,3
2-RED (PCP),2210,3
2-RED (PCP),2211,1
2-RED (PCP),2212,3
2-RED (PCP),2214,1
2-RED (PCP),2215,2
2-RED (PCP),2217,1
2-RED (PCP),2219,2
2-RED (PCP),2220,1
2-RED (PCP),2221,2
2-RED (PCP),2222,1
2-RED (PCP),2225,1
2-RED (PCP),2226,1
2-RED (PCP),2227,2
2-RED (PCP),2228,3
2-RED (PCP),2229,2
2-RED (PCP),2232,2
2-RED (PCP),2233,2
2-RED (PCP),2235,2
2-RED (PCP),2237,3
2-RED (PCP),2238,1
2-RED (PCP),2239,2
2-RED (PCP),2243,3
2-RED (PCP),2245,1
2-RED (PCP),2246,1
2-RED (PCP),2248,2
2-RED (PCP),2250,3
2-RED (PCP),2251,2
2-RED (PCP),2252,4
2-RED (PCP),2253,2
2-RED (PCP),2255,1
2-RED (PCP),2256,3
2-RED (PCP),2257,2
2-RED (PCP),2259,1
2-RED (PCP),2260,1
2-RED (PCP),2261,1
2-RED (PCP),2262,1
2-RED (PCP),2264,1
2-RED (PCP),2265,2
2-RED (PCP),2266,1
2-RED (PCP),2268,1
2-RED (PCP),2270,3
2-RED (PCP),2272,1
2-RED (PCP),2273,1
2-RED (PCP),2274,3
2-RED (PCP),2275,1
2-RED (PCP),2277,3
2-RED (PCP),2279,2
2-RED (PCP),2281,1
2-RED (PCP),2282,1
2-RED (PCP),2283,2
2-RED (PCP),2284,1
2-RED (PCP),2285,1
2-RED (PCP),2286,1
2-RED (PCP),2288,2
2-RED (PCP),2289,1
2-RED (PCP),2290,1
2-RED (PCP),2293,1
2-RED (PCP),2294,2
2-RED (PCP),2295,1
2-RED (PCP),2297,2
2-RED (PCP),2298,2
2-RED (PCP),2301,4
2-RED (PCP),2302,4
2-RED (PCP),2303,3
2-RED (PCP),2304,2
2-RED (PCP),2306,1
2-RED (PCP),2307,2
2-RED (PCP),2308,3
2-RED (PCP),2309,1
2-RED (PCP),2311,5
2-RED (PCP),2312,2
2-RED (PCP),2313,1
2-RED (PCP),2316,2
2-RED (PCP),2320,1
2-RED (PCP),2322,4
2-RED (PCP),2323,5
2-RED (PCP),2324,1
2-RED (PCP),2325,1
2-RED (PCP),2327,3
2-RED (PCP),2328,2
2-RED (PCP),2329,3
2-RED (PCP),2331,1
2-RED (PCP),2333,1
2-RED (PCP),2334,1
2-RED (PCP),2335,2
2-RED (PCP),2337,1
2-RED (PCP),2338,2
2-RED (PCP),2339,1
2-RED (PCP),2341,2
2-RED (PCP),2342,1
2-RED (PCP),2343,1
2-RED (PCP),2345,1
2-RED (PCP),2346,1
2-RED (PCP),2348,1
2-RED (PCP),2349,2
2-RED (PCP),2350,1
2-RED (PCP),2351,3
2-RED (PCP),2352,2
2-RED (PCP),2353,2
2-RED (PCP),2354,2
2-RED (PCP),2356,2
2-RED (PCP),2358,1
2-RED (PCP),2359,2
2-RED (PCP),2360,2
2-RED (PCP),2361,1
2-RED (PCP),2362,2
2-RED (PCP),2364,1
2-RED (PCP),2367,2
2-RED (PCP),2369,4
2-RED (PCP),2371,1
2-RED (PCP),2372,1
2-RED (PCP),2373,1
2-RED (PCP),2374,1
2-RED (PCP),2375,1
2-RED (PCP),2376,2
2-RED (PCP),2378,3
2-RED (PCP),2380,1
2-RED (PCP),2381,5
2-RED (PCP),2382,1
2-RED (PCP),2383,2
2-RED (PCP),2384,2
2-RED (PCP),2385,1
2-RED (PCP),2388,2
2-RED (PCP),2389,3
2-RED (PCP),2390,2
2-RED (PCP),2393,2
2-RED (PCP),2394,1
2-RED (PCP),2396,1
2-RED (PCP),2398,1
2-RED (PCP),2399,2
2-RED (PCP),2400,2
2-RED (PCP),2401,1
2-RED (PCP),2402,1
2-RED (PCP),2403,1
2-RED (PCP),2404,2
2-RED (PCP),2405,3
2-RED (PCP),2406,1
2-RED (PCP),2407,2
2-RED (PCP),2408,1
2-RED (PCP),2411,1
2-RED (PCP),2412,1
2-RED (PCP),2413,4
2-RED (PCP),2415,1
2-RED (PCP),2416,3
2-RED (PCP),2417,2
2-RED (PCP),2418,1
2-RED (PCP),2419,4
2-RED (PCP),2420,1
2-RED (PCP),2421,1
2-RED (PCP),2424,2
2-RED (PCP),2431,2
2-RED (PCP),2432,2
2-RED (PCP),2433,3
2-RED (PCP),2435,3
2-RED (PCP),2436,1
2-RED (PCP),2437,3
2-RED (PCP),2439,1
2-RED (PCP),2441,1
2-RED (PCP),2442,1
2-RED (PCP),2445,1
2-RED (PCP),2446,3
2-RED (PCP),2448,1
2-RED (PCP),2449,1
2-RED (PCP),2450,1
2-RED (PCP),2451,3
2-RED (PCP),2453,1
2-RED (PCP),2455,1
2-RED (PCP),2456,1
2-RED (PCP),2457,1
2-RED (PCP),2459,2
2-RED (PCP),2460,1
2-RED (PCP),2463,1
2-RED (PCP),2464,1
2-RED (PCP),2465,2
2-RED (PCP),2466,2
2-RED (PCP),2469,1
2-RED (PCP),2470,1
2-RED (PCP),2471,2
2-RED (PCP),2473,1
2-RED (PCP),2474,1
2-RED (PCP),2475,1
2-RED (PCP),2476,1
2-RED (PCP),2477,2
2-RED (PCP),2479,1
2-RED (PCP),2481,1
2-RED (PCP),2482,1
2-RED (PCP),2487,2
2-RED (PCP),2491,4
2-RED (PCP),2493,1
2-RED (PCP),2495,1
2-RED (PCP),2496,1
2-RED (PCP),2497,1
2-RED (PCP),2498,1
2-RED (PCP),2500,2
2-RED (PCP),2501,1
2-RED (PCP),2504,1
2-RED (PCP),2506,1
2-RED (PCP),2507,2
2-RED (PCP),2508,2
2-RED (PCP),2510,2
2-RED (PCP),2512,1
2-RED (PCP),2513,1
2-RED (PCP),2517,2
2-RED (PCP),2518,1
2-RED (PCP),2519,1
2-RED (PCP),2520,4
2-RED (PCP),2523,2
2-RED (PCP),2526,7
2-RED (PCP),2528,1
2-RED (PCP),2529,4
2-RED (PCP),2531,4
2-RED (PCP),2532,2
2-RED (PCP),2534,2
2-RED (PCP),2536,1
2-RED (PCP),2538,1
2-RED (PCP),2539,1
2-RED (PCP),2540,1
2-RED (PCP),2541,1
2-RED (PCP),2542,2
2-RED (PCP),2547,4
2-RED (PCP),2548,3
2-RED (PCP),2549,2
2-RED (PCP),2550,1
2-RED (PCP),2551,1
2-RED (PCP),2553,2
2-RED (PCP),2554,1
2-RED (PCP),2555,1
2-RED (PCP),2556,1
2-RED (PCP),2558,1
2-RED (PCP),2559,1
2-RED (PCP),2564,1
2-RED (PCP),2566,1
2-RED (PCP),2567,1
2-RED (PCP),2569,4
2-RED (PCP),2571,1
2-RED (PCP),2573,2
2-RED (PCP),2576,2
2-RED (PCP),2577,3
2-RED (PCP),2578,2
2-RED (PCP),2579,2
2-RED (PCP),2581,1
2-RED (PCP),2585,1
2-RED (PCP),2588,1
2-RED (PCP),2590,1
2-RED (PCP),2594,1
2-RED (PCP),2596,3
2-RED (PCP),2598,2
2-RED (PCP),2599,3
2-RED (PCP),2601,1
2-RED (PCP),2602,2
2-RED (PCP),2603,1
2-RED (PCP),2605,1
2-RED (PCP),2606,1
2-RED (PCP),2607,1
2-RED (PCP),2608,1
2-RED (PCP),2611,1
2-RED (PCP),2612,2
2-RED (PCP),2613,1
2-RED (PCP),2614,1
2-RED (PCP),2615,2
2-RED (PCP),2616,1
2-RED (PCP),2617,2
2-RED (PCP),2619,2
2-RED (PCP),2621,3
2-RED (PCP),2622,2
2-RED (PCP),2623,1
2-RED (PCP),2624,1
2-RED (PCP),2625,3
2-RED (PCP),2626,1
2-RED (PCP),2628,1
2-RED (PCP),2629,2
2-RED (PCP),2637,1
2-RED (PCP),2638,2
2-RED (PCP),2640,1
2-RED (PCP),2641,1
2-RED (PCP),2642,1
2-RED (PCP),2643,1
2-RED (PCP),2644,1
2-RED (PCP),2649,1
2-RED (PCP),2651,1
2-RED (PCP),2652,2
2-RED (PCP),2655,1
2-RED (PCP),2656,1
2-RED (PCP),2658,1
2-RED (PCP),2660,1
2-RED (PCP),2661,1
2-RED (PCP),2662,1
2-RED (PCP),2663,1
2-RED (PCP),2664,1
2-RED (PCP),2665,1
2-RED (PCP),2666,1
2-RED (PCP),2667,3
2-RED (PCP),2669,2
2-RED (PCP),2672,1
2-RED (PCP),2673,1
2-RED (PCP),2674,1
2-RED (PCP),2682,2
2-RED (PCP),2684,1
2-RED (PCP),2685,1
2-RED (PCP),2686,2
2-RED (PCP),2687,1
2-RED (PCP),2689,1
2-RED (PCP),2694,1
2-RED (PCP),2700,2
2-RED (PCP),2703,1
2-RED (PCP),2704,1
2-RED (PCP),2708,2
2-RED (PCP),2710,1
2-RED (PCP),2711,2
2-RED (PCP),2714,2
2-RED (PCP),2715,1
2-RED (PCP),2716,4
2-RED (PCP),2717,2
2-RED (PCP),2718,2
2-RED (PCP),2719,1
2-RED (PCP),2720,3
2-RED (PCP),2722,1
2-RED (PCP),2723,1
2-RED (PCP),2724,1
2-RED (PCP),2725,2
2-RED (PCP),2727,1
2-RED (PCP),2729,1
2-RED (PCP),2730,1
2-RED (PCP),2732,2
2-RED (PCP),2733,1
2-RED (PCP),2734,1
2-RED (PCP),2736,1
2-RED (PCP),2737,2
2-RED (PCP),2738,2
2-RED (PCP),2744,3
2-RED (PCP),2749,1
2-RED (PCP),2750,1
2-RED (PCP),2751,1
2-RED (PCP),2752,2
2-RED (PCP),2753,1
2-RED (PCP),2756,1
2-RED (PCP),2757,1
2-RED (PCP),2758,1
2-RED (PCP),2762,1
2-RED (PCP),2764,1
2-RED (PCP),2765,1
2-RED (PCP),2766,1
2-RED (PCP),2767,1
2-RED (PCP),2769,1
2-RED (PCP),2771,2
2-RED (PCP),2779,2
2-RED (PCP),2785,2
2-RED (PCP),2789,2
2-RED (PCP),2790,2
2-RED (PCP),2791,1
2-RED (PCP),2792,1
2-RED (PCP),2797,2
2-RED (PCP),2802,3
2-RED (PCP),2803,1
2-RED (PCP),2808,1
2-RED (PCP),2810,1
2-RED (PCP),2811,2
2-RED (PCP),2817,1
2-RED (PCP),2819,1
2-RED (PCP),2821,1
2-RED (PCP),2823,1
2-RED (PCP),2825,1
2-RED (PCP),2826,1
2-RED (PCP),2827,2
2-RED (PCP),2828,1
2-RED (PCP),2829,1
2-RED (PCP),2831,1
2-RED (PCP),2834,1
2-RED (PCP),2836,1
2-RED (PCP),2839,1
2-RED (PCP),2840,1
2-RED (PCP),2843,1
2-RED (PCP),2844,1
2-RED (PCP),2845,2
2-RED (PCP),2850,1
2-RED (PCP),2851,1
2-RED (PCP),2852,1
2-RED (PCP),2856,2
2-RED (PCP),2857,1
2-RED (PCP),2858,2
2-RED (PCP),2859,1
2-RED (PCP),2861,1
2-RED (PCP),2863,1
2-RED (PCP),2866,1
2-RED (PCP),2869,2
2-RED (PCP),2872,1
2-RED (PCP),2873,1
2-RED (PCP),2875,1
2-RED (PCP),2880,1
2-RED (PCP),2884,1
2-RED (PCP),2889,1
2-RED (PCP),2891,1
2-RED (PCP),2893,2
2-RED (PCP),2898,1
2-RED (PCP),2899,2
2-RED (PCP),2901,1
2-RED (PCP),2903,1
2-RED (PCP),2909,1
2-RED (PCP),2912,2
2-RED (PCP),2914,1
2-RED (PCP),2916,1
2-RED (PCP),2918,1
2-RED (PCP),2920,2
2-RED (PCP),2921,1
2-RED (PCP),2923,1
2-RED (PCP),2925,1
2-RED (PCP),2926,2
2-RED (PCP),2928,2
2-RED (PCP),2931,1
2-RED (PCP),2934,2
2-RED (PCP),2937,1
2-RED (PCP),2938,2
2-RED (PCP),2944,1
2-RED (PCP),2945,2
2-RED (PCP),2946,2
2-RED (PCP),2947,1
2-RED (PCP),2950,1
2-RED (PCP),2951,2
2-RED (PCP),2958,2
2-RED (PCP),2959,1
2-RED (PCP),2961,1
2-RED (PCP),2962,1
2-RED (PCP),2965,1
2-RED (PCP),2968,1
2-RED (PCP),2970,2
2-RED (PCP),2971,1
2-RED (PCP),2974,1
2-RED (PCP),2978,1
2-RED (PCP),2981,2
2-RED (PCP),2983,1
2-RED (PCP),2984,2
2-RED (PCP),2988,1
2-RED (PCP),2990,1
2-RED (PCP),2996,2
2-RED (PCP),3002,1
2-RED (PCP),3005,1
2-RED (PCP),3007,2
2-RED (PCP),3010,1
2-RED (PCP),3011,1
2-RED (PCP),3013,1
2-RED (PCP),3016,1
2-RED (PCP),3017,1
2-RED (PCP),3018,2
2-RED (PCP),3019,1
2-RED (PCP),3020,2
2-RED (PCP),3022,1
2-RED (PCP),3024,1
2-RED (PCP),3025,2
2-RED (PCP),3026,1
2-RED (PCP),3028,2
2-RED (PCP),3030,2
2-RED (PCP),3031,1
2-RED (PCP),3032,2
2-RED (PCP),3034,2
2-RED (PCP),3036,2
2-RED (PCP),3037,2
2-RED (PCP),3038,1
2-RED (PCP),3040,2
2-RED (PCP),3045,1
2-RED (PCP),3046,1
2-RED (PCP),3047,1
2-RED (PCP),3054,1
2-RED (PCP),3055,2
2-RED (PCP),3056,1
2-RED (PCP),3058,1
2-RED (PCP),3059,1
2-RED (PCP),3061,1
2-RED (PCP),3062,2
2-RED (PCP),3066,4
2-RED (PCP),3067,1
2-RED (PCP),3069,1
2-RED (PCP),3076,1
2-RED (PCP),3077,1
2-RED (PCP),3078,1
2-RED (PCP),3083,2
2-RED (PCP),3086,1
2-RED (PCP),3087,1
2-RED (PCP),3088,1
2-RED (PCP),3090,1
2-RED (PCP),3092,2
2-RED (PCP),3095,1
2-RED (PCP),3097,1
2-RED (PCP),3098,1
2-RED (PCP),3100,1
2-RED (PCP),3101,1
2-RED (PCP),3102,1
2-RED (PCP),3106,1
2-RED (PCP),3107,2
2-RED (PCP),3109,1
2-RED (PCP),3110,1
2-RED (PCP),3111,1
2-RED (PCP),3112,4
2-RED (PCP),3116,1
2-RED (PCP),3117,1
2-RED (PCP),3118,4
2-RED (PCP),3120,3
2-RED (PCP),3122,2
2-RED (PCP),3125,2
2-RED (PCP),3128,1
2-RED (PCP),3131,1
2-RED (PCP),3133,1
2-RED (PCP),3135,1
2-RED (PCP),3136,1
2-RED (PCP),3138,2
2-RED (PCP),3139,1
2-RED (PCP),3140,1
2-RED (PCP),3141,2
2-RED (PCP),3142,1
2-RED (PCP),3144,1
2-RED (PCP),3148,1
2-RED (PCP),3151,2
2-RED (PCP),3152,1
2-RED (PCP),3154,1
2-RED (PCP),3156,1
2-RED (PCP),3159,1
2-RED (PCP),3165,1
2-RED (PCP),3167,1
2-RED (PCP),3168,1
2-RED (PCP),3173,1
2-RED (PCP),3174,2
2-RED (PCP),3176,1
2-RED (PCP),3177,1
2-RED (PCP),3178,1
2-RED (PCP),3181,1
2-RED (PCP),3187,1
2-RED (PCP),3190,1
2-RED (PCP),3191,2
2-RED (PCP),3193,1
2-RED (PCP),3198,1
2-RED (PCP),3199,1
2-RED (PCP),3202,1
2-RED (PCP),3203,1
2-RED (PCP),3206,1
2-RED (PCP),3210,2
2-RED (PCP),3211,3
2-RED (PCP),3212,2
2-RED (PCP),3231,1
2-RED (PCP),3234,2
2-RED (PCP),3239,1
2-RED (PCP),3242,1
2-RED (PCP),3243,1
2-RED (PCP),3245,1
2-RED (PCP),3248,1
2-RED (PCP),3249,3
2-RED (PCP),3250,1
2-RED (PCP),3252,1
2-RED (PCP),3254,1
2-RED (PCP),3255,1
2-RED (PCP),3260,1
2-RED (PCP),3261,1
2-RED (PCP),3264,1
2-RED (PCP),3265,2
2-RED (PCP),3269,1
2-RED (PCP),3270,1
2-RED (PCP),3271,2
2-RED (PCP),3275,1
2-RED (PCP),3277,1
2-RED (PCP),3278,1
2-RED (PCP),3281,1
2-RED (PCP),3286,1
2-RED (PCP),3290,2
2-RED (PCP),3291,1
2-RED (PCP),3293,1
2-RED (PCP),3294,1
2-RED (PCP),3295,1
2-RED (PCP),3299,1
2-RED (PCP),3303,2
2-RED (PCP),3308,1
2-RED (PCP),3309,1
2-RED (PCP),3312,1
2-RED (PCP),3314,1
2-RED (PCP),3317,1
2-RED (PCP),3320,1
2-RED (PCP),3323,1
2-RED (PCP),3327,2
2-RED (PCP),3329,4
2-RED (PCP),3334,1
2-RED (PCP),3336,1
2-RED (PCP),3340,1
2-RED (PCP),3346,1
2-RED (PCP),3347,1
2-RED (PCP),3351,1
2-RED (PCP),3352,1
2-RED (PCP),3355,1
2-RED (PCP),3357,1
2-RED (PCP),3363,2
2-RED (PCP),3367,3
2-RED (PCP),3369,1
2-RED (PCP),3371,1
2-RED (PCP),3376,1
2-RED (PCP),3380,2
2-RED (PCP),3381,1
2-RED (PCP),3382,1
2-RED (PCP),3384,1
2-RED (PCP),3385,1
2-RED (PCP),3387,1
2-RED (PCP),3389,1
2-RED (PCP),3392,1
2-RED (PCP),3395,1
2-RED (PCP),3398,1
2-RED (PCP),3403,1
2-RED (PCP),3404,1
2-RED (PCP),3406,2
2-RED (PCP),3407,2
2-RED (PCP),3410,1
2-RED (PCP),3411,1
2-RED (PCP),3414,1
2-RED (PCP),3418,2
2-RED (PCP),3424,2
2-RED (PCP),3429,2
2-RED (PCP),3432,1
2-RED (PCP),3433,1
2-RED (PCP),3434,1
2-RED (PCP),3435,2
2-RED (PCP),3438,1
2-RED (PCP),3440,1
2-RED (PCP),3447,1
2-RED (PCP),3448,1
2-RED (PCP),3450,1
2-RED (PCP),3451,1
2-RED (PCP),3452,1
2-RED (PCP),3454,1
2-RED (PCP),3458,3
2-RED (PCP),3459,1
2-RED (PCP),3464,1
2-RED (PCP),3465,1
2-RED (PCP),3466,1
2-RED (PCP),3468,1
2-RED (PCP),3469,1
2-RED (PCP),3471,1
2-RED (PCP),3478,1
2-RED (PCP),3479,1
2-RED (PCP),3480,1
2-RED (PCP),3485,1
2-RED (PCP),3488,1
2-RED (PCP),3491,1
2-RED (PCP),3493,1
2-RED (PCP),3495,1
2-RED (PCP),3496,3
2-RED (PCP),3497,1
2-RED (PCP),3501,1
2-RED (PCP),3502,1
2-RED (PCP),3505,1
2-RED (PCP),3513,1
2-RED (PCP),3516,1
2-RED (PCP),3517,1
2-RED (PCP),3518,1
2-RED (PCP),3522,2
2-RED (PCP),3526,1
2-RED (PCP),3527,2
2-RED (PCP),3529,1
2-RED (PCP),3530,1
2-RED (PCP),3532,1
2-RED (PCP),3537,2
2-RED (PCP),3541,1
2-RED (PCP),3546,2
2-RED (PCP),3548,1
2-RED (PCP),3550,1
2-RED (PCP),3553,1
2-RED (PCP),3554,1
2-RED (PCP),3556,1
2-RED (PCP),3558,2
2-RED (PCP),3559,1
2-RED (PCP),3560,1
2-RED (PCP),3564,1
2-RED (PCP),3566,1
2-RED (PCP),3568,1
2-RED (PCP),3570,1
2-RED (PCP),3571,1
2-RED (PCP),3573,1
2-RED (PCP),3578,2
2-RED (PCP),3580,1
2-RED (PCP),3581,1
2-RED (PCP),3589,1
2-RED (PCP),3591,1
2-RED (PCP),3592,1
2-RED (PCP),3593,1
2-RED (PCP),3597,1
2-RED (PCP),3599,2
2-RED (PCP),3603,1
2-RED (PCP),3610,1
2-RED (PCP),3611,1
2-RED (PCP),3619,2
2-RED (PCP),3624,1
2-RED (PCP),3625,1
2-RED (PCP),3630,2
2-RED (PCP),3635,1
2-RED (PCP),3637,1
2-RED (PCP),3638,1
2-RED (PCP),3641,1
2-RED (PCP),3645,1
2-RED (PCP),3646,1
2-RED (PCP),3647,1
2-RED (PCP),3650,2
2-RED (PCP),3653,1
2-RED (PCP),3657,1
2-RED (PCP),3661,1
2-RED (PCP),3664,1
2-RED (PCP),3665,2
2-RED (PCP),3667,1
2-RED (PCP),3670,1
2-RED (PCP),3677,1
2-RED (PCP),3678,1
2-RED (PCP),3679,1
2-RED (PCP),3680,1
2-RED (PCP),3691,1
2-RED (PCP),3698,2
2-RED (PCP),3699,1
2-RED (PCP),3702,1
2-RED (PCP),3705,1
2-RED (PCP),3710,2
2-RED (PCP),3714,1
2-RED (PCP),3715,2
2-RED (PCP),3724,1
2-RED (PCP),3726,1
2-RED (PCP),3728,2
2-RED (PCP),3741,1
2-RED (PCP),3743,1
2-RED (PCP),3747,1
2-RED (PCP),3749,1
2-RED (PCP),3750,1
2-RED (PCP),3755,1
2-RED (PCP),3766,1
2-RED (PCP),3767,1
2-RED (PCP),3774,1
2-RED (PCP),3779,1
2-RED (PCP),3783,1
2-RED (PCP),3796,1
2-RED (PCP),3801,1
2-RED (PCP),3804,1
2-RED (PCP),3805,1
2-RED (PCP),3808,2
2-RED (PCP),3809,2
2-RED (PCP),3811,1
2-RED (PCP),3822,1
2-RED (PCP),3824,1
2-RED (PCP),3826,1
2-RED (PCP),3828,1
2-RED (PCP),3829,2
2-RED (PCP),3830,1
2-RED (PCP),3837,3
2-RED (PCP),3842,1
2-RED (PCP),3845,1
2-RED (PCP),3848,1
2-RED (PCP),3849,1
2-RED (PCP),3852,2
2-RED (PCP),3853,1
2-RED (PCP),3854,1
2-RED (PCP),3855,1
2-RED (PCP),3863,1
2-RED (PCP),3867,1
2-RED (PCP),3875,2
2-RED (PCP),3877,1
2-RED (PCP),3880,1
2-RED (PCP),3882,1
2-RED (PCP),3885,1
2-RED (PCP),3894,1
2-RED (PCP),3896,1
2-RED (PCP),3897,1
2-RED (PCP),3898,1
2-RED (PCP),3899,1
2-RED (PCP),3900,1
2-RED (PCP),3904,2
2-RED (PCP),3905,1
2-RED (PCP),3913,1
2-RED (PCP),3924,2
2-RED (PCP),3928,1
2-RED (PCP),3931,1
2-RED (PCP),3939,1
2-RED (PCP),3941,1
2-RED (PCP),3943,1
2-RED (PCP),3947,1
2-RED (PCP),3953,1
2-RED (PCP),3955,1
2-RED (PCP),3959,1
2-RED (PCP),3969,1
2-RED (PCP),3970,1
2-RED (PCP),3980,2
2-RED (PCP),3982,1
2-RED (PCP),3985,1
2-RED (PCP),3988,1
2-RED (PCP),3989,1
2-RED (PCP),3990,1
2-RED (PCP),3991,1
2-RED (PCP),3992,1
2-RED (PCP),3997,1
2-RED (PCP),4000,1
2-RED (PCP),4011,1
2-RED (PCP),4015,1
2-RED (PCP),4020,1
2-RED (PCP),4025,1
2-RED (PCP),4026,1
2-RED (PCP),4029,1
2-RED (PCP),4033,1
2-RED (PCP),4034,1
2-RED (PCP),4043,1
2-RED (PCP),4045,1
2-RED (PCP),4046,1
2-RED (PCP),4051,1
2-RED (PCP),4061,1
2-RED (PCP),4073,1
2-RED (PCP),4085,1
2-RED (PCP),4088,1
2-RED (PCP),4091,1
2-RED (PCP),4098,1
2-RED (PCP),4103,1
2-RED (PCP),4110,1
2-RED (PCP),4112,1
2-RED (PCP),4118,1
2-RED (PCP),4123,1
2-RED (PCP),4125,1
2-RED (PCP),4126,1
2-RED (PCP),4129,2
2-RED (PCP),4132,1
2-RED (PCP),4138,1
2-RED (PCP),4140,1
2-RED (PCP),4142,1
2-RED (PCP),4146,1
2-RED (PCP),4150,2
2-RED (PCP),4152,1
2-RED (PCP),4174,1
2-RED (PCP),4184,1
2-RED (PCP),4186,1
2-RED (PCP),4188,1
2-RED (PCP),4191,1
2-RED (PCP),4194,2
2-RED (PCP),4195,1
2-RED (PCP),4200,1
2-RED (PCP),4202,1
2-RED (PCP),4203,2
2-RED (PCP),4208,1
2-RED (PCP),4212,1
2-RED (PCP),4216,1
2-RED (PCP),4246,1
2-RED (PCP),4255,2
2-RED (PCP),4260,1
2-RED (PCP),4264,1
2-RED (PCP),4267,1
2-RED (PCP),4269,1
2-RED (PCP),4271,1
2-RED (PCP),4286,1
2-RED (PCP),4292,1
2-RED (PCP),4294,1
2-RED (PCP),4306,1
2-RED (PCP),4307,2
2-RED (PCP),4330,1
2-RED (PCP),4332,1
2-RED (PCP),4337,1
2-RED (PCP),4341,1
2-RED (PCP),4343,1
2-RED (PCP),4344,1
2-RED (PCP),4354,1
2-RED (PCP),4358,1
2-RED (PCP),4373,1
2-RED (PCP),4376,1
2-RED (PCP),4377,1
2-RED (PCP),4381,1
2-RED (PCP),4388,1
2-RED (PCP),4389,1
2-RED (PCP),4398,1
2-RED (PCP),4400,1
2-RED (PCP),4403,1
2-RED (PCP),4408,1
2-RED (PCP),4412,1
2-RED (PCP),4413,1
2-RED (PCP),4419,1
2-RED (PCP),4424,1
2-RED (PCP),4430,1
2-RED (PCP),4434,1
2-RED (PCP),4435,1
2-RED (PCP),4438,2
2-RED (PCP),4440,1
2-RED (PCP),4448,1
2-RED (PCP),4453,1
2-RED (PCP),4457,1
2-RED (PCP),4464,1
2-RED (PCP),4467,1
2-RED (PCP),4468,1
2-RED (PCP),4469,1
2-RED (PCP),4470,1
2-RED (PCP),4472,1
2-RED (PCP),4478,1
2-RED (PCP),4482,1
2-RED (PCP),4485,1
2-RED (PCP),4488,1
2-RED (PCP),4499,1
2-RED (PCP),4509,1
2-RED (PCP),4511,1
2-RED (PCP),4512,1
2-RED (PCP),4523,1
2-RED (PCP),4526,1
2-RED (PCP),4536,1
2-RED (PCP),4539,1
2-RED (PCP),4546,1
2-RED (PCP),4553,1
2-RED (PCP),4555,1
2-RED (PCP),4556,1
2-RED (PCP),4558,1
2-RED (PCP),4570,1
2-RED (PCP),4583,1
2-RED (PCP),4587,1
2-RED (PCP),4594,1
2-RED (PCP),4621,1
2-RED (PCP),4623,1
2-RED (PCP),4635,1
2-RED (PCP),4641,2
2-RED (PCP),4644,1
2-RED (PCP),4647,2
2-RED (PCP),4649,1
2-RED (PCP),4651,3
2-RED (PCP),4668,1
2-RED (PCP),4674,1
2-RED (PCP),4684,1
2-RED (PCP),4688,1
2-RED (PCP),4689,1
2-RED (PCP),4695,1
2-RED (PCP),4696,1
2-RED (PCP),4702,1
2-RED (PCP),4713,1
2-RED (PCP),4724,1
2-RED (PCP),4728,1
2-RED (PCP),4736,1
2-RED (PCP),4738,1
2-RED (PCP),4762,1
2-RED (PCP),4764,1
2-RED (PCP),4768,1
2-RED (PCP),4783,1
2-RED (PCP),4784,1
2-RED (PCP),4794,1
2-RED (PCP),4802,1
2-RED (PCP),4822,1
2-RED (PCP),4837,1
2-RED (PCP),4840,1
2-RED (PCP),4845,2
2-RED (PCP),4858,1
2-RED (PCP),4867,1
2-RED (PCP),4877,1
2-RED (PCP),4878,1
2-RED (PCP),4880,1
2-RED (PCP),4881,2
2-RED (PCP),4889,1
2-RED (PCP),4891,1
2-RED (PCP),4899,1
2-RED (PCP),4903,1
2-RED (PCP),4905,1
2-RED (PCP),4909,1
2-RED (PCP),4919,1
2-RED (PCP),4920,1
2-RED (PCP),4932,1
2-RED (PCP),4935,1
2-RED (PCP),4937,1
2-RED (PCP),4939,1
2-RED (PCP),4949,1
2-RED (PCP),4954,1
2-RED (PCP),4972,2
2-RED (PCP),4978,1
2-RED (PCP),4980,1
2-RED (PCP),4989,1
2-RED (PCP),4993,1
2-RED (PCP),4994,1
2-RED (PCP),5011,1
2-RED (PCP),5019,2
2-RED (PCP),5031,1
2-RED (PCP),5038,1
2-RED (PCP),5041,1
2-RED (PCP),5046,1
2-RED (PCP),5051,1
2-RED (PCP),5072,1
2-RED (PCP),5088,1
2-RED (PCP),5089,1
2-RED (PCP),5104,1
2-RED (PCP),5107,1
2-RED (PCP),5118,2
2-RED (PCP),5119,1
2-RED (PCP),5123,1
2-RED (PCP),5129,1
2-RED (PCP),5130,1
2-RED (PCP),5137,1
2-RED (PCP),5139,2
2-RED (PCP),5147,1
2-RED (PCP),5154,1
2-RED (PCP),5160,1
2-RED (PCP),5184,1
2-RED (PCP),5193,1
2-RED (PCP),5195,2
2-RED (PCP),5214,1
2-RED (PCP),5215,1
2-RED (PCP),5221,1
2-RED (PCP),5223,1
2-RED (PCP),5234,1
2-RED (PCP),5235,1
2-RED (PCP),5247,1
2-RED (PCP),5252,2
2-RED (PCP),5257,1
2-RED (PCP),5258,1
2-RED (PCP),5260,1
2-RED (PCP),5272,1
2-RED (PCP),5288,1
2-RED (PCP),5290,1
2-RED (PCP),5294,1
2-RED (PCP),5308,1
2-RED (PCP),5317,1
2-RED (PCP),5341,1
2-RED (PCP),5344,1
2-RED (PCP),5346,1
2-RED (PCP),5363,1
2-RED (PCP),5372,1
2-RED (PCP),5375,1
2-RED (PCP),5380,1
2-RED (PCP),5404,1
2-RED (PCP),5408,1
2-RED (PCP),5410,1
2-RED (PCP),5411,1
2-RED (PCP),5466,1
2-RED (PCP),5469,1
2-RED (PCP),5470,1
2-RED (PCP),5478,1
2-RED (PCP),5488,1
2-RED (PCP),5491,1
2-RED (PCP),5514,1
2-RED (PCP),5515,1
2-RED (PCP),5532,1
2-RED (PCP),5535,1
2-RED (PCP),5537,1
2-RED (PCP),5541,1
2-RED (PCP),5546,1
2-RED (PCP),5552,1
2-RED (PCP),5555,1
2-RED (PCP),5585,1
2-RED (PCP),5586,1
2-RED (PCP),5599,1
2-RED (PCP),5605,1
2-RED (PCP),5607,1
2-RED (PCP),5609,1
2-RED (PCP),5613,1
2-RED (PCP),5630,1
2-RED (PCP),5639,1
2-RED (PCP),5653,1
2-RED (PCP),5659,1
2-RED (PCP),5681,1
2-RED (PCP),5711,1
2-RED (PCP),5728,1
2-RED (PCP),5732,1
2-RED (PCP),5737,1
2-RED (PCP),5755,1
2-RED (PCP),5758,1
2-RED (PCP),5759,1
2-RED (PCP),5762,1
2-RED (PCP),5783,1
2-RED (PCP),5813,1
2-RED (PCP),5825,1
2-RED (PCP),5853,1
2-RED (PCP),5854,2
2-RED (PCP),5877,1
2-RED (PCP),5890,1
2-RED (PCP),5909,1
2-RED (PCP),5942,1
2-RED (PCP),5951,1
2-RED (PCP),5957,1
2-RED (PCP),5989,1
2-RED (PCP),5991,1
2-RED (PCP),6007,1
2-RED (PCP),6018,1
2-RED (PCP),6024,1
2-RED (PCP),6068,1
2-RED (PCP),6081,1
2-RED (PCP),6123,1
2-RED (PCP),6125,1
2-RED (PCP),6136,1
2-RED (PCP),6139,1
2-RED (PCP),6140,1
2-RED (PCP),6165,1
2-RED (PCP),6175,1
2-RED (PCP),6177,1
2-RED (PCP),6184,1
2-RED (PCP),6203,1
2-RED (PCP),6204,1
2-RED (PCP),6207,1
2-RED (PCP),6230,1
2-RED (PCP),6242,1
2-RED (PCP),6280,1
2-RED (PCP),6322,1
2-RED (PCP),6356,1
2-RED (PCP),6361,1
2-RED (PCP),6385,1
2-RED (PCP),6419,1
2-RED (PCP),6427,1
2-RED (PCP),6466,1
2-RED (PCP),6488,1
2-RED (PCP),6496,1
2-RED (PCP),6506,1
2-RED (PCP),6552,1
2-RED (PCP),6611,1
2-RED (PCP),6629,1
2-RED (PCP),6635,1
2-RED (PCP),6684,1
2-RED (PCP),6710,1
2-RED (PCP),6718,1
2-RED (PCP),6755,2
2-RED (PCP),6790,1
2-RED (PCP),6798,1
2-RED (PCP),6830,1
2-RED (PCP),6836,1
2-RED (PCP),6864,1
2-RED (PCP),6900,1
2-RED (PCP),6902,1
2-RED (PCP),6936,1
2-RED (PCP),6951,1
2-RED (PCP),6961,1
2-RED (PCP),6971,1
2-RED (PCP),6974,1
2-RED (PCP),6994,1
2-RED (PCP),7007,1
2-RED (PCP),7028,1
2-RED (PCP),7068,1
2-RED (PCP),7075,1
2-RED (PCP),7081,2
2-RED (PCP),7145,1
2-RED (PCP),7152,1
2-RED (PCP),7191,1
2-RED (PCP),7227,1
2-RED (PCP),7289,1
2-RED (PCP),7292,1
2-RED (PCP),7294,1
2-RED (PCP),7295,1
2-RED (PCP),7343,1
2-RED (PCP),7373,1
2-RED (PCP),7392,1
2-RED (PCP),7403,1
2-RED (PCP),7464,1
2-RED (PCP),7467,1
2-RED (PCP),7484,1
2-RED (PCP),7523,1
2-RED (PCP),7531,1
2-RED (PCP),7614,1
2-RED (PCP),7685,1
2-RED (PCP),7738,1
2-RED (PCP),7801,1
2-RED (PCP),7914,1
2-RED (PCP),8045,1
2-RED (PCP),8047,1
2-RED (PCP),8065,1
2-RED (PCP),8132,1
2-RED (PCP),8146,1
2-RED (PCP),8253,1
2-RED (PCP),8258,1
2-RED (PCP),8302,1
2-RED (PCP),8342,1
2-RED (PCP),8361,1
2-RED (PCP),8374,1
2-RED (PCP),8413,1
2-RED (PCP),8416,1
2-RED (PCP),8432,1
2-RED (PCP),8436,1
2-RED (PCP),8454,1
2-RED (PCP),8471,1
2-RED (PCP),8525,1
2-RED (PCP),8582,1
2-RED (PCP),8601,1
2-RED (PCP),8633,1
2-RED (PCP),8679,1
2-RED (PCP),8694,1
2-RED (PCP),8745,1
2-RED (PCP),8783,1
2-RED (PCP),8791,1
2-RED (PCP),8806,1
2-RED (PCP),8963,1
2-RED (PCP),8996,1
2-RED (PCP),9061,1
2-RED (PCP),9146,1
2-RED (PCP),9185,1
2-RED (PCP),9194,1
2-RED (PCP),9220,1
2-RED (PCP),9221,1
2-RED (PCP),9263,1
2-RED (PCP),9344,1
2-RED (PCP),9355,1
2-RED (PCP),9539,1
2-RED (PCP),9553,1
2-RED (PCP),9604,1
2-RED (PCP),9638,1
2-RED (PCP),9738,1
2-RED (PCP),9863,1
2-RED (PCP),9981,1
2-RED (PCP),10005,1
2-RED (PCP),10029,1
2-RED (PCP),10077,1
2-RED (PCP),10107,1
2-RED (PCP),10195,1
2-RED (PCP),10196,1
2-RED (PCP),10686,1
2-RED (PCP),10694,1
2-RED (PCP),10703,1
2-RED (PCP),10711,1
2-RED (PCP),10720,1
2-RED (PCP),10755,1
2-RED (PCP),10766,1
2-RED (PCP),10949,1
2-RED (PCP),10958,1
2-RED (PCP),11159,1
2-RED (PCP),11194,1
2-RED (PCP),11289,1
2-RED (PCP),11298,1
2-RED (PCP),11421,1
2-RED (PCP),11524,1
2-RED (PCP),11539,1
2-RED (PCP),11793,1
2-RED (PCP),11877,1
2-RED (PCP),11894,1
2-RED (PCP),11950,1
2-RED (PCP),11962,1
2-RED (PCP),12271,1
2-RED (PCP),12326,1
2-RED (PCP),12440,1
2-RED (PCP),13145,1
2-RED (PCP),13181,1
2-RED (PCP),13390,1
2-RED (PCP),14088,1
2-RED (PCP),15949,1
2-RED (PCP),16192,1
2-RED (PCP),16592,1
3-ORANGE,0,708
3-ORANGE,7,7
3-ORANGE,8,2
3-ORANGE,9,8
3-ORANGE,10,6
3-ORANGE,11,9
3-ORANGE,12,6
3-ORANGE,13,6
3-ORANGE,14,11
3-ORANGE,15,6
3-ORANGE,16,9
3-ORANGE,17,9
3-ORANGE,18,10
3-ORANGE,19,3
3-ORANGE,20,5
3-ORANGE,21,8
3-ORANGE,22,2
3-ORANGE,23,7
3-ORANGE,24,7
3-ORANGE,25,7
3-ORANGE,26,11
3-ORANGE,27,7
3-ORANGE,28,4
3-ORANGE,29,7
3-ORANGE,30,10
3-ORANGE,31,8
3-ORANGE,32,6
3-ORANGE,33,6
3-ORANGE,34,10
3-ORANGE,35,4
3-ORANGE,36,5
3-ORANGE,37,8
3-ORANGE,38,7
3-ORANGE,39,4
3-ORANGE,40,5
3-ORANGE,41,8
3-ORANGE,42,11
3-ORANGE,43,6
3-ORANGE,44,7
3-ORANGE,45,7
3-ORANGE,46,6
3-ORANGE,47,5
3-ORANGE,48,5
3-ORANGE,49,6
3-ORANGE,50,4
3-ORANGE,51,8
3-ORANGE,52,12
3-ORANGE,53,8
3-ORANGE,54,4
3-ORANGE,55,8
3-ORANGE,56,13
3-ORANGE,57,9
3-ORANGE,58,10
3-ORANGE,59,10
3-ORANGE,60,12
3-ORANGE,61,4
3-ORANGE,62,7
3-ORANGE,63,13
3-ORANGE,64,7
3-ORANGE,65,6
3-ORANGE,66,7
3-ORANGE,67,8
3-ORANGE,68,6
3-ORANGE,69,8
3-ORANGE,70,15
3-ORANGE,71,8
3-ORANGE,72,5
3-ORANGE,73,9
3-ORANGE,74,6
3-ORANGE,75,3
3-ORANGE,76,10
3-ORANGE,78,10
3-ORANGE,79,5
3-ORANGE,80,9
3-ORANGE,81,7
3-ORANGE,82,9
3-ORANGE,83,4
3-ORANGE,84,6
3-ORANGE,85,4
3-ORANGE,86,5
3-ORANGE,87,6
3-ORANGE,88,8
3-ORANGE,89,10
3-ORANGE,90,12
3-ORANGE,91,4
3-ORANGE,92,4
3-ORANGE,93,6
3-ORANGE,94,3
3-ORANGE,95,9
3-ORANGE,96,12
3-ORANGE,97,3
3-ORANGE,98,5
3-ORANGE,99,2
3-ORANGE,100,8
3-ORANGE,101,6
3-ORANGE,102,12
3-ORANGE,103,7
3-ORANGE,104,7
3-ORANGE,105,6
3-ORANGE,106,5
3-ORANGE,107,9
3-ORANGE,108,3
3-ORANGE,109,5
3-ORANGE,110,4
3-ORANGE,111,5
3-ORANGE,112,6
3-ORANGE,113,4
3-ORANGE,114,4
3-ORANGE,115,5
3-ORANGE,116,4
3-ORANGE,117,3
3-ORANGE,118,1
3-ORANGE,119,3
3-ORANGE,120,4
3-ORANGE,121,9
3-ORANGE,122,3
3-ORANGE,123,7
3-ORANGE,124,5
3-ORANGE,125,4
3-ORANGE,126,4
3-ORANGE,127,2
3-ORANGE,128,5
3-ORANGE,129,2
3-ORANGE,130,6
3-ORANGE,131,9
3-ORANGE,132,4
3-ORANGE,133,6
3-ORANGE,134,5
3-ORANGE,135,6
3-ORANGE,136,1
3-ORANGE,137,2
3-ORANGE,138,2
3-ORANGE,139,2
3-ORANGE,140,2
3-ORANGE,141,3
3-ORANGE,142,3
3-ORANGE,143,6
3-ORANGE,144,4
3-ORANGE,145,3
3-ORANGE,146,2
3-ORANGE,147,1
3-ORANGE,148,3
3-ORANGE,149,4
3-ORANGE,150,4
3-ORANGE,151,5
3-ORANGE,152,6
3-ORANGE,153,4
3-ORANGE,154,2
3-ORANGE,155,5
3-ORANGE,156,2
3-ORANGE,157,1
3-ORANGE,158,4
3-ORANGE,159,1
3-ORANGE,160,4
3-ORANGE,161,6
3-ORANGE,162,4
3-ORANGE,163,4
3-ORANGE,164,6
3-ORANGE,165,4
3-ORANGE,166,2
3-ORANGE,167,3
3-ORANGE,168,2
3-ORANGE,169,5
3-ORANGE,170,1
3-ORANGE,171,2
3-ORANGE,172,2
3-ORANGE,173,4
3-ORANGE,174,2
3-ORANGE,175,5
3-ORANGE,176,3
3-ORANGE,177,6
3-ORANGE,178,3
3-ORANGE,179,3
3-ORANGE,180,6
3-ORANGE,181,3
3-ORANGE,182,2
3-ORANGE,183,2
3-ORANGE,184,1
3-ORANGE,185,5
3-ORANGE,186,1
3-ORANGE,188,6
3-ORANGE,189,4
3-ORANGE,190,5
3-ORANGE,191,3
3-ORANGE,192,5
3-ORANGE,193,4
3-ORANGE,194,4
3-ORANGE,195,4
3-ORANGE,196,6
3-ORANGE,197,8
3-ORANGE,198,5
3-ORANGE,199,6
3-ORANGE,200,1
3-ORANGE,201,3
3-ORANGE,202,5
3-ORANGE,203,4
3-ORANGE,204,2
3-ORANGE,205,4
3-ORANGE,206,3
3-ORANGE,207,5
3-ORANGE,208,4
3-ORANGE,209,3
3-ORANGE,210,5
3-ORANGE,211,3
3-ORANGE,212,5
3-ORANGE,213,4
3-ORANGE,214,5
3-ORANGE,215,3
3-ORANGE,216,6
3-ORANGE,217,7
3-ORANGE,218,6
3-ORANGE,219,4
3-ORANGE,220,8
3-ORANGE,221,4
3-ORANGE,222,4
3-ORANGE,223,3
3-ORANGE,224,2
3-ORANGE,225,8
3-ORANGE,226,5
3-ORANGE,227,4
3-ORANGE,228,7
3-ORANGE,229,6
3-ORANGE,230,11
3-ORANGE,231,9
3-ORANGE,232,11
3-ORANGE,233,5
3-ORANGE,234,4
3-ORANGE,235,7
3-ORANGE,236,5
3-ORANGE,237,4
3-ORANGE,238,7
3-ORANGE,239,4
3-ORANGE,240,7
3-ORANGE,241,5
3-ORANGE,242,4
3-ORANGE,243,3
3-ORANGE,244,6
3-ORANGE,245,2
3-ORANGE,246,6
3-ORANGE,247,6
3-ORANGE,248,2
3-ORANGE,249,11
3-ORANGE,250,5
3-ORANGE,251,10
3-ORANGE,252,8
3-ORANGE,253,11
3-ORANGE,254,9
3-ORANGE,255,7
3-ORANGE,256,7
3-ORANGE,257,8
3-ORANGE,258,9
3-ORANGE,259,8
3-ORANGE,260,9
3-ORANGE,261,6
3-ORANGE,262,4
3-ORANGE,263,6
3-ORANGE,264,5
3-ORANGE,265,8
3-ORANGE,266,8
3-ORANGE,267,7
3-ORANGE,268,12
3-ORANGE,269,13
3-ORANGE,270,9
3-ORANGE,271,8
3-ORANGE,272,10
3-ORANGE,273,10
3-ORANGE,274,7
3-ORANGE,275,8
3-ORANGE,276,11
3-ORANGE,277,6
3-ORANGE,278,4
3-ORANGE,279,13
3-ORANGE,280,5
3-ORANGE,281,7
3-ORANGE,282,11
3-ORANGE,283,8
3-ORANGE,284,8
3-ORANGE,285,5
3-ORANGE,286,11
3-ORANGE,287,8
3-ORANGE,288,15
3-ORANGE,289,11
3-ORANGE,290,7
3-ORANGE,291,8
3-ORANGE,292,11
3-ORANGE,293,13
3-ORANGE,294,9
3-ORANGE,295,7
3-ORANGE,296,9
3-ORANGE,297,11
3-ORANGE,298,5
3-ORANGE,299,11
3-ORANGE,300,13
3-ORANGE,301,13
3-ORANGE,302,11
3-ORANGE,303,14
3-ORANGE,304,14
3-ORANGE,305,17
3-ORANGE,306,7
3-ORANGE,307,8
3-ORANGE,308,11
3-ORANGE,309,13
3-ORANGE,310,12
3-ORANGE,311,11
3-ORANGE,312,9
3-ORANGE,313,12
3-ORANGE,314,9
3-ORANGE,315,7
3-ORANGE,316,15
3-ORANGE,317,13
3-ORANGE,318,11
3-ORANGE,319,18
3-ORANGE,320,17
3-ORANGE,321,7
3-ORANGE,322,8
3-ORANGE,323,17
3-ORANGE,324,24
3-ORANGE,325,14
3-ORANGE,326,17
3-ORANGE,327,18
3-ORANGE,328,14
3-ORANGE,329,8
3-ORANGE,330,13
3-ORANGE,331,15
3-ORANGE,332,12
3-ORANGE,333,11
3-ORANGE,334,17
3-ORANGE,335,16
3-ORANGE,336,14
3-ORANGE,337,17
3-ORANGE,338,19
3-ORANGE,339,13
3-ORANGE,340,14
3-ORANGE,341,17
3-ORANGE,342,21
3-ORANGE,343,17
3-ORANGE,344,21
3-ORANGE,345,19
3-ORANGE,346,13
3-ORANGE,347,9
3-ORANGE,348,13
3-ORANGE,349,11
3-ORANGE,350,19
3-ORANGE,351,12
3-ORANGE,352,18
3-ORANGE,353,19
3-ORANGE,354,18
3-ORANGE,355,13
3-ORANGE,356,18
3-ORANGE,357,19
3-ORANGE,358,22
3-ORANGE,359,17
3-ORANGE,360,15
3-ORANGE,361,16
3-ORANGE,362,20
3-ORANGE,363,24
3-ORANGE,364,13
3-ORANGE,365,26
3-ORANGE,366,16
3-ORANGE,367,16
3-ORANGE,368,25
3-ORANGE,369,24
3-ORANGE,370,17
3-ORANGE,371,20
3-ORANGE,372,18
3-ORANGE,373,22
3-ORANGE,374,17
3-ORANGE,375,26
3-ORANGE,376,20
3-ORANGE,377,23
3-ORANGE,378,20
3-ORANGE,379,24
3-ORANGE,380,20
3-ORANGE,381,27
3-ORANGE,382,15
3-ORANGE,383,21
3-ORANGE,384,24
3-ORANGE,385,18
3-ORANGE,386,21
3-ORANGE,387,28
3-ORANGE,388,22
3-ORANGE,389,29
3-ORANGE,390,29
3-ORANGE,391,21
3-ORANGE,392,27
3-ORANGE,393,24
3-ORANGE,394,26
3-ORANGE,395,33
3-ORANGE,396,21
3-ORANGE,397,41
3-ORANGE,398,27
3-ORANGE,399,23
3-ORANGE,400,26
3-ORANGE,401,31
3-ORANGE,402,25
3-ORANGE,403,34
3-ORANGE,404,24
3-ORANGE,405,25
3-ORANGE,406,31
3-ORANGE,407,30
3-ORANGE,408,30
3-ORANGE,409,22
3-ORANGE,410,27
3-ORANGE,411,34
3-ORANGE,412,28
3-ORANGE,413,33
3-ORANGE,414,23
3-ORANGE,415,28
3-ORANGE,416,24
3-ORANGE,417,39
3-ORANGE,418,19
3-ORANGE,419,33
3-ORANGE,420,26
3-ORANGE,421,29
3-ORANGE,422,33
3-ORANGE,423,38
3-ORANGE,424,35
3-ORANGE,425,35
3-ORANGE,426,32
3-ORANGE,427,29
3-ORANGE,428,39
3-ORANGE,429,19
3-ORANGE,430,32
3-ORANGE,431,39
3-ORANGE,432,30
3-ORANGE,433,22
3-ORANGE,434,30
3-ORANGE,435,30
3-ORANGE,436,43
3-ORANGE,437,43
3-ORANGE,438,26
3-ORANGE,439,33
3-ORANGE,440,28
3-ORANGE,441,28
3-ORANGE,442,22
3-ORANGE,443,37
3-ORANGE,444,35
3-ORANGE,445,31
3-ORANGE,446,41
3-ORANGE,447,34
3-ORANGE,448,33
3-ORANGE,449,27
3-ORANGE,450,26
3-ORANGE,451,28
3-ORANGE,452,25
3-ORANGE,453,35
3-ORANGE,454,32
3-ORANGE,455,48
3-ORANGE,456,26
3-ORANGE,457,36
3-ORANGE,458,34
3-ORANGE,459,37
3-ORANGE,460,30
3-ORANGE,461,46
3-ORANGE,462,40
3-ORANGE,463,43
3-ORANGE,464,41
3-ORANGE,465,43
3-ORANGE,466,40
3-ORANGE,467,28
3-ORANGE,468,38
3-ORANGE,469,37
3-ORANGE,470,54
3-ORANGE,471,44
3-ORANGE,472,34
3-ORANGE,473,31
3-ORANGE,474,34
3-ORANGE,475,36
3-ORANGE,476,32
3-ORANGE,477,49
3-ORANGE,478,39
3-ORANGE,479,25
3-ORANGE,480,38
3-ORANGE,481,43
3-ORANGE,482,47
3-ORANGE,483,43
3-ORANGE,484,31
3-ORANGE,485,42
3-ORANGE,486,29
3-ORANGE,487,54
3-ORANGE,488,43
3-ORANGE,489,42
3-ORANGE,490,37
3-ORANGE,491,29
3-ORANGE,492,52
3-ORANGE,493,31
3-ORANGE,494,50
3-ORANGE,495,44
3-ORANGE,496,37
3-ORANGE,497,46
3-ORANGE,498,43
3-ORANGE,499,46
3-ORANGE,500,44
3-ORANGE,501,37
3-ORANGE,502,43
3-ORANGE,503,41
3-ORANGE,504,43
3-ORANGE,505,46
3-ORANGE,506,43
3-ORANGE,507,48
3-ORANGE,508,54
3-ORANGE,509,46
3-ORANGE,510,42
3-ORANGE,511,50
3-ORANGE,512,51
3-ORANGE,513,49
3-ORANGE,514,51
3-ORANGE,515,50
3-ORANGE,516,43
3-ORANGE,517,38
3-ORANGE,518,42
3-ORANGE,519,50
3-ORANGE,520,46
3-ORANGE,521,52
3-ORANGE,522,47
3-ORANGE,523,47
3-ORANGE,524,42
3-ORANGE,525,30
3-ORANGE,526,54
3-ORANGE,527,66
3-ORANGE,528,65
3-ORANGE,529,45
3-ORANGE,530,49
3-ORANGE,531,62
3-ORANGE,532,52
3-ORANGE,533,58
3-ORANGE,534,49
3-ORANGE,535,38
3-ORANGE,536,46
3-ORANGE,537,34
3-ORANGE,538,48
3-ORANGE,539,53
3-ORANGE,540,55
3-ORANGE,541,59
3-ORANGE,542,58
3-ORANGE,543,54
3-ORANGE,544,51
3-ORANGE,545,58
3-ORANGE,546,47
3-ORANGE,547,54
3-ORANGE,548,47
3-ORANGE,549,48
3-ORANGE,550,56
3-ORANGE,551,59
3-ORANGE,552,52
3-ORANGE,553,53
3-ORANGE,554,50
3-ORANGE,555,66
3-ORANGE,556,43
3-ORANGE,557,67
3-ORANGE,558,54
3-ORANGE,559,69
3-ORANGE,560,63
3-ORANGE,561,59
3-ORANGE,562,55
3-ORANGE,563,58
3-ORANGE,564,44
3-ORANGE,565,48
3-ORANGE,566,71
3-ORANGE,567,48
3-ORANGE,568,58
3-ORANGE,569,46
3-ORANGE,570,40
3-ORANGE,571,69
3-ORANGE,572,60
3-ORANGE,573,66
3-ORANGE,574,74
3-ORANGE,575,46
3-ORANGE,576,71
3-ORANGE,577,64
3-ORANGE,578,72
3-ORANGE,579,55
3-ORANGE,580,67
3-ORANGE,581,65
3-ORANGE,582,65
3-ORANGE,583,59
3-ORANGE,584,64
3-ORANGE,585,58
3-ORANGE,586,63
3-ORANGE,587,61
3-ORANGE,588,62
3-ORANGE,589,71
3-ORANGE,590,49
3-ORANGE,591,53
3-ORANGE,592,62
3-ORANGE,593,63
3-ORANGE,594,58
3-ORANGE,595,51
3-ORANGE,596,62
3-ORANGE,597,71
3-ORANGE,598,54
3-ORANGE,599,73
3-ORANGE,600,68
3-ORANGE,601,55
3-ORANGE,602,55
3-ORANGE,603,66
3-ORANGE,604,81
3-ORANGE,605,71
3-ORANGE,606,44
3-ORANGE,607,57
3-ORANGE,608,62
3-ORANGE,609,67
3-ORANGE,610,69
3-ORANGE,611,60
3-ORANGE,612,75
3-ORANGE,613,57
3-ORANGE,614,58
3-ORANGE,615,63
3-ORANGE,616,61
3-ORANGE,617,73
3-ORANGE,618,63
3-ORANGE,619,59
3-ORANGE,620,66
3-ORANGE,621,84
3-ORANGE,622,72
3-ORANGE,623,76
3-ORANGE,624,58
3-ORANGE,625,64
3-ORANGE,626,65
3-ORANGE,627,65
3-ORANGE,628,84
3-ORANGE,629,68
3-ORANGE,630,52
3-ORANGE,631,69
3-ORANGE,632,73
3-ORANGE,633,68
3-ORANGE,634,68
3-ORANGE,635,59
3-ORANGE,636,70
3-ORANGE,637,95
3-ORANGE,638,80
3-ORANGE,639,69
3-ORANGE,640,68
3-ORANGE,641,63
3-ORANGE,642,82
3-ORANGE,643,60
3-ORANGE,644,66
3-ORANGE,645,81
3-ORANGE,646,63
3-ORANGE,647,60
3-ORANGE,648,59
3-ORANGE,649,76
3-ORANGE,650,75
3-ORANGE,651,90
3-ORANGE,652,67
3-ORANGE,653,73
3-ORANGE,654,67
3-ORANGE,655,70
3-ORANGE,656,66
3-ORANGE,657,79
3-ORANGE,658,59
3-ORANGE,659,72
3-ORANGE,660,70
3-ORANGE,661,56
3-ORANGE,662,60
3-ORANGE,663,72
3-ORANGE,664,79
3-ORANGE,665,59
3-ORANGE,666,83
3-ORANGE,667,74
3-ORANGE,668,80
3-ORANGE,669,77
3-ORANGE,670,55
3-ORANGE,671,88
3-ORANGE,672,81
3-ORANGE,673,79
3-ORANGE,674,61
3-ORANGE,675,73
3-ORANGE,676,62
3-ORANGE,677,82
3-ORANGE,678,72
3-ORANGE,679,86
3-ORANGE,680,68
3-ORANGE,681,82
3-ORANGE,682,81
3-ORANGE,683,68
3-ORANGE,684,83
3-ORANGE,685,80
3-ORANGE,686,82
3-ORANGE,687,75
3-ORANGE,688,94
3-ORANGE,689,65
3-ORANGE,690,84
3-ORANGE,691,76
3-ORANGE,692,90
3-ORANGE,693,80
3-ORANGE,694,91
3-ORANGE,695,60
3-ORANGE,696,72
3-ORANGE,697,73
3-ORANGE,698,90
3-ORANGE,699,78
3-ORANGE,700,82
3-ORANGE,701,76
3-ORANGE,702,80
3-ORANGE,703,74
3-ORANGE,704,85
3-ORANGE,705,83
3-ORANGE,706,80
3-ORANGE,707,78
3-ORANGE,708,112
3-ORANGE,709,74
3-ORANGE,710,84
3-ORANGE,711,67
3-ORANGE,712,77
3-ORANGE,713,98
3-ORANGE,714,70
3-ORANGE,715,81
3-ORANGE,716,99
3-ORANGE,717,69
3-ORANGE,718,79
3-ORANGE,719,66
3-ORANGE,720,81
3-ORANGE,721,113
3-ORANGE,722,88
3-ORANGE,723,89
3-ORANGE,724,76
3-ORANGE,725,98
3-ORANGE,726,79
3-ORANGE,727,97
3-ORANGE,728,85
3-ORANGE,729,100
3-ORANGE,730,73
3-ORANGE,731,84
3-ORANGE,732,85
3-ORANGE,733,99
3-ORANGE,734,80
3-ORANGE,735,92
3-ORANGE,736,86
3-ORANGE,737,88
3-ORANGE,738,69
3-ORANGE,739,91
3-ORANGE,740,73
3-ORANGE,741,85
3-ORANGE,742,93
3-ORANGE,743,95
3-ORANGE,744,86
3-ORANGE,745,87
3-ORANGE,746,64
3-ORANGE,747,110
3-ORANGE,748,94
3-ORANGE,749,91
3-ORANGE,750,81
3-ORANGE,751,83
3-ORANGE,752,93
3-ORANGE,753,106
3-ORANGE,754,99
3-ORANGE,755,91
3-ORANGE,756,94
3-ORANGE,757,74
3-ORANGE,758,88
3-ORANGE,759,98
3-ORANGE,760,84
3-ORANGE,761,93
3-ORANGE,762,105
3-ORANGE,763,93
3-ORANGE,764,98
3-ORANGE,765,91
3-ORANGE,766,104
3-ORANGE,767,75
3-ORANGE,768,64
3-ORANGE,769,89
3-ORANGE,770,94
3-ORANGE,771,84
3-ORANGE,772,86
3-ORANGE,773,96
3-ORANGE,774,99
3-ORANGE,775,81
3-ORANGE,776,88
3-ORANGE,777,91
3-ORANGE,778,92
3-ORANGE,779,83
3-ORANGE,780,110
3-ORANGE,781,83
3-ORANGE,782,86
3-ORANGE,783,92
3-ORANGE,784,98
3-ORANGE,785,89
3-ORANGE,786,76
3-ORANGE,787,104
3-ORANGE,788,84
3-ORANGE,789,85
3-ORANGE,790,84
3-ORANGE,791,97
3-ORANGE,792,109
3-ORANGE,793,87
3-ORANGE,794,96
3-ORANGE,795,98
3-ORANGE,796,88
3-ORANGE,797,105
3-ORANGE,798,93
3-ORANGE,799,85
3-ORANGE,800,97
3-ORANGE,801,106
3-ORANGE,802,84
3-ORANGE,803,96
3-ORANGE,804,85
3-ORANGE,805,118
3-ORANGE,806,96
3-ORANGE,807,101
3-ORANGE,808,106
3-ORANGE,809,87
3-ORANGE,810,92
3-ORANGE,811,103
3-ORANGE,812,101
3-ORANGE,813,101
3-ORANGE,814,98
3-ORANGE,815,98
3-ORANGE,816,97
3-ORANGE,817,87
3-ORANGE,818,102
3-ORANGE,819,97
3-ORANGE,820,94
3-ORANGE,821,96
3-ORANGE,822,82
3-ORANGE,823,92
3-ORANGE,824,95
3-ORANGE,825,105
3-ORANGE,826,94
3-ORANGE,827,100
3-ORANGE,828,85
3-ORANGE,829,81
3-ORANGE,830,92
3-ORANGE,831,95
3-ORANGE,832,105
3-ORANGE,833,104
3-ORANGE,834,97
3-ORANGE,835,92
3-ORANGE,836,110
3-ORANGE,837,80
3-ORANGE,838,105
3-ORANGE,839,89
3-ORANGE,840,98
3-ORANGE,841,88
3-ORANGE,842,94
3-ORANGE,843,91
3-ORANGE,844,97
3-ORANGE,845,100
3-ORANGE,846,103
3-ORANGE,847,98
3-ORANGE,848,84
3-ORANGE,849,94
3-ORANGE,850,73
3-ORANGE,851,101
3-ORANGE,852,94
3-ORANGE,853,98
3-ORANGE,854,87
3-ORANGE,855,102
3-ORANGE,856,96
3-ORANGE,857,82
3-ORANGE,858,107
3-ORANGE,859,88
3-ORANGE,860,119
3-ORANGE,861,103
3-ORANGE,862,100
3-ORANGE,863,93
3-ORANGE,864,79
3-ORANGE,865,115
3-ORANGE,866,99
3-ORANGE,867,92
3-ORANGE,868,100
3-ORANGE,869,92
3-ORANGE,870,99
3-ORANGE,871,94
3-ORANGE,872,83
3-ORANGE,873,96
3-ORANGE,874,91
3-ORANGE,875,93
3-ORANGE,876,107
3-ORANGE,877,99
3-ORANGE,878,109
3-ORANGE,879,104
3-ORANGE,880,110
3-ORANGE,881,84
3-ORANGE,882,83
3-ORANGE,883,90
3-ORANGE,884,94
3-ORANGE,885,87
3-ORANGE,886,97
3-ORANGE,887,95
3-ORANGE,888,87
3-ORANGE,889,80
3-ORANGE,890,113
3-ORANGE,891,112
3-ORANGE,892,104
3-ORANGE,893,97
3-ORANGE,894,90
3-ORANGE,895,85
3-ORANGE,896,109
3-ORANGE,897,94
3-ORANGE,898,93
3-ORANGE,899,87
3-ORANGE,900,112
3-ORANGE,901,88
3-ORANGE,902,106
3-ORANGE,903,113
3-ORANGE,904,77
3-ORANGE,905,87
3-ORANGE,906,104
3-ORANGE,907,94
3-ORANGE,908,92
3-ORANGE,909,90
3-ORANGE,910,99
3-ORANGE,911,102
3-ORANGE,912,108
3-ORANGE,913,89
3-ORANGE,914,103
3-ORANGE,915,92
3-ORANGE,916,122
3-ORANGE,917,90
3-ORANGE,918,116
3-ORANGE,919,122
3-ORANGE,920,105
3-ORANGE,921,86
3-ORANGE,922,88
3-ORANGE,923,107
3-ORANGE,924,94
3-ORANGE,925,89
3-ORANGE,926,100
3-ORANGE,927,100
3-ORANGE,928,85
3-ORANGE,929,101
3-ORANGE,930,96
3-ORANGE,931,95
3-ORANGE,932,92
3-ORANGE,933,104
3-ORANGE,934,88
3-ORANGE,935,96
3-ORANGE,936,108
3-ORANGE,937,94
3-ORANGE,938,103
3-ORANGE,939,85
3-ORANGE,940,95
3-ORANGE,941,117
3-ORANGE,942,120
3-ORANGE,943,98
3-ORANGE,944,85
3-ORANGE,945,93
3-ORANGE,946,103
3-ORANGE,947,90
3-ORANGE,948,94
3-ORANGE,949,95
3-ORANGE,950,98
3-ORANGE,951,108
3-ORANGE,952,89
3-ORANGE,953,114
3-ORANGE,954,94
3-ORANGE,955,93
3-ORANGE,956,96
3-ORANGE,957,89
3-ORANGE,958,99
3-ORANGE,959,94
3-ORANGE,960,94
3-ORANGE,961,84
3-ORANGE,962,84
3-ORANGE,963,91
3-ORANGE,964,90
3-ORANGE,965,79
3-ORANGE,966,127
3-ORANGE,967,101
3-ORANGE,968,90
3-ORANGE,969,88
3-ORANGE,970,89
3-ORANGE,971,93
3-ORANGE,972,83
3-ORANGE,973,114
3-ORANGE,974,90
3-ORANGE,975,113
3-ORANGE,976,94
3-ORANGE,977,92
3-ORANGE,978,100
3-ORANGE,979,86
3-ORANGE,980,96
3-ORANGE,981,103
3-ORANGE,982,104
3-ORANGE,983,110
3-ORANGE,984,91
3-ORANGE,985,96
3-ORANGE,986,87
3-ORANGE,987,74
3-ORANGE,988,92
3-ORANGE,989,90
3-ORANGE,990,89
3-ORANGE,991,92
3-ORANGE,992,103
3-ORANGE,993,88
3-ORANGE,994,108
3-ORANGE,995,96
3-ORANGE,996,89
3-ORANGE,997,78
3-ORANGE,998,88
3-ORANGE,999,83
3-ORANGE,1000,87
3-ORANGE,1001,97
3-ORANGE,1002,107
3-ORANGE,1003,108
3-ORANGE,1004,75
3-ORANGE,1005,110
3-ORANGE,1006,103
3-ORANGE,1007,83
3-ORANGE,1008,97
3-ORANGE,1009,79
3-ORANGE,1010,93
3-ORANGE,1011,97
3-ORANGE,1012,92
3-ORANGE,1013,107
3-ORANGE,1014,97
3-ORANGE,1015,82
3-ORANGE,1016,87
3-ORANGE,1017,87
3-ORANGE,1018,85
3-ORANGE,1019,102
3-ORANGE,1020,92
3-ORANGE,1021,90
3-ORANGE,1022,110
3-ORANGE,1023,81
3-ORANGE,1024,95
3-ORANGE,1025,100
3-ORANGE,1026,78
3-ORANGE,1027,88
3-ORANGE,1028,85
3-ORANGE,1029,105
3-ORANGE,1030,89
3-ORANGE,1031,96
3-ORANGE,1032,107
3-ORANGE,1033,97
3-ORANGE,1034,110
3-ORANGE,1035,92
3-ORANGE,1036,83
3-ORANGE,1037,104
3-ORANGE,1038,95
3-ORANGE,1039,90
3-ORANGE,1040,90
3-ORANGE,1041,89
3-ORANGE,1042,98
3-ORANGE,1043,91
3-ORANGE,1044,85
3-ORANGE,1045,84
3-ORANGE,1046,97
3-ORANGE,1047,92
3-ORANGE,1048,88
3-ORANGE,1049,101
3-ORANGE,1050,101
3-ORANGE,1051,100
3-ORANGE,1052,103
3-ORANGE,1053,90
3-ORANGE,1054,104
3-ORANGE,1055,95
3-ORANGE,1056,101
3-ORANGE,1057,113
3-ORANGE,1058,98
3-ORANGE,1059,90
3-ORANGE,1060,91
3-ORANGE,1061,101
3-ORANGE,1062,111
3-ORANGE,1063,101
3-ORANGE,1064,80
3-ORANGE,1065,95
3-ORANGE,1066,91
3-ORANGE,1067,93
3-ORANGE,1068,94
3-ORANGE,1069,102
3-ORANGE,1070,103
3-ORANGE,1071,91
3-ORANGE,1072,92
3-ORANGE,1073,107
3-ORANGE,1074,90
3-ORANGE,1075,99
3-ORANGE,1076,102
3-ORANGE,1077,85
3-ORANGE,1078,86
3-ORANGE,1079,94
3-ORANGE,1080,89
3-ORANGE,1081,117
3-ORANGE,1082,79
3-ORANGE,1083,99
3-ORANGE,1084,92
3-ORANGE,1085,99
3-ORANGE,1086,90
3-ORANGE,1087,99
3-ORANGE,1088,95
3-ORANGE,1089,88
3-ORANGE,1090,105
3-ORANGE,1091,101
3-ORANGE,1092,93
3-ORANGE,1093,90
3-ORANGE,1094,83
3-ORANGE,1095,85
3-ORANGE,1096,102
3-ORANGE,1097,95
3-ORANGE,1098,95
3-ORANGE,1099,92
3-ORANGE,1100,86
3-ORANGE,1101,115
3-ORANGE,1102,89
3-ORANGE,1103,82
3-ORANGE,1104,100
3-ORANGE,1105,109
3-ORANGE,1106,79
3-ORANGE,1107,86
3-ORANGE,1108,94
3-ORANGE,1109,87
3-ORANGE,1110,88
3-ORANGE,1111,112
3-ORANGE,1112,92
3-ORANGE,1113,81
3-ORANGE,1114,87
3-ORANGE,1115,98
3-ORANGE,1116,95
3-ORANGE,1117,87
3-ORANGE,1118,77
3-ORANGE,1119,103
3-ORANGE,1120,91
3-ORANGE,1121,85
3-ORANGE,1122,84
3-ORANGE,1123,106
3-ORANGE,1124,82
3-ORANGE,1125,82
3-ORANGE,1126,84
3-ORANGE,1127,93
3-ORANGE,1128,90
3-ORANGE,1129,106
3-ORANGE,1130,90
3-ORANGE,1131,97
3-ORANGE,1132,76
3-ORANGE,1133,79
3-ORANGE,1134,83
3-ORANGE,1135,86
3-ORANGE,1136,93
3-ORANGE,1137,99
3-ORANGE,1138,84
3-ORANGE,1139,85
3-ORANGE,1140,94
3-ORANGE,1141,97
3-ORANGE,1142,99
3-ORANGE,1143,111
3-ORANGE,1144,99
3-ORANGE,1145,75
3-ORANGE,1146,96
3-ORANGE,1147,78
3-ORANGE,1148,86
3-ORANGE,1149,87
3-ORANGE,1150,89
3-ORANGE,1151,76
3-ORANGE,1152,104
3-ORANGE,1153,82
3-ORANGE,1154,71
3-ORANGE,1155,83
3-ORANGE,1156,91
3-ORANGE,1157,85
3-ORANGE,1158,80
3-ORANGE,1159,93
3-ORANGE,1160,86
3-ORANGE,1161,93
3-ORANGE,1162,93
3-ORANGE,1163,74
3-ORANGE,1164,77
3-ORANGE,1165,103
3-ORANGE,1166,74
3-ORANGE,1167,100
3-ORANGE,1168,94
3-ORANGE,1169,92
3-ORANGE,1170,93
3-ORANGE,1171,82
3-ORANGE,1172,88
3-ORANGE,1173,88
3-ORANGE,1174,104
3-ORANGE,1175,91
3-ORANGE,1176,93
3-ORANGE,1177,96
3-ORANGE,1178,94
3-ORANGE,1179,74
3-ORANGE,1180,96
3-ORANGE,1181,87
3-ORANGE,1182,80
3-ORANGE,1183,103
3-ORANGE,1184,107
3-ORANGE,1185,88
3-ORANGE,1186,67
3-ORANGE,1187,88
3-ORANGE,1188,77
3-ORANGE,1189,95
3-ORANGE,1190,87
3-ORANGE,1191,95
3-ORANGE,1192,87
3-ORANGE,1193,90
3-ORANGE,1194,75
3-ORANGE,1195,77
3-ORANGE,1196,89
3-ORANGE,1197,86
3-ORANGE,1198,73
3-ORANGE,1199,84
3-ORANGE,1200,56
3-ORANGE,1201,90
3-ORANGE,1202,76
3-ORANGE,1203,70
3-ORANGE,1204,103
3-ORANGE,1205,92
3-ORANGE,1206,80
3-ORANGE,1207,76
3-ORANGE,1208,79
3-ORANGE,1209,85
3-ORANGE,1210,86
3-ORANGE,1211,105
3-ORANGE,1212,81
3-ORANGE,1213,100
3-ORANGE,1214,83
3-ORANGE,1215,81
3-ORANGE,1216,82
3-ORANGE,1217,78
3-ORANGE,1218,85
3-ORANGE,1219,76
3-ORANGE,1220,88
3-ORANGE,1221,84
3-ORANGE,1222,95
3-ORANGE,1223,79
3-ORANGE,1224,77
3-ORANGE,1225,80
3-ORANGE,1226,78
3-ORANGE,1227,72
3-ORANGE,1228,84
3-ORANGE,1229,95
3-ORANGE,1230,79
3-ORANGE,1231,62
3-ORANGE,1232,89
3-ORANGE,1233,95
3-ORANGE,1234,84
3-ORANGE,1235,97
3-ORANGE,1236,69
3-ORANGE,1237,88
3-ORANGE,1238,98
3-ORANGE,1239,73
3-ORANGE,1240,79
3-ORANGE,1241,93
3-ORANGE,1242,79
3-ORANGE,1243,89
3-ORANGE,1244,87
3-ORANGE,1245,92
3-ORANGE,1246,85
3-ORANGE,1247,85
3-ORANGE,1248,77
3-ORANGE,1249,82
3-ORANGE,1250,69
3-ORANGE,1251,91
3-ORANGE,1252,81
3-ORANGE,1253,77
3-ORANGE,1254,87
3-ORANGE,1255,91
3-ORANGE,1256,89
3-ORANGE,1257,78
3-ORANGE,1258,66
3-ORANGE,1259,80
3-ORANGE,1260,60
3-ORANGE,1261,87
3-ORANGE,1262,81
3-ORANGE,1263,70
3-ORANGE,1264,66
3-ORANGE,1265,69
3-ORANGE,1266,74
3-ORANGE,1267,93
3-ORANGE,1268,73
3-ORANGE,1269,58
3-ORANGE,1270,81
3-ORANGE,1271,79
3-ORANGE,1272,77
3-ORANGE,1273,69
3-ORANGE,1274,77
3-ORANGE,1275,73
3-ORANGE,1276,73
3-ORANGE,1277,71
3-ORANGE,1278,74
3-ORANGE,1279,70
3-ORANGE,1280,76
3-ORANGE,1281,71
3-ORANGE,1282,86
3-ORANGE,1283,67
3-ORANGE,1284,92
3-ORANGE,1285,79
3-ORANGE,1286,78
3-ORANGE,1287,75
3-ORANGE,1288,90
3-ORANGE,1289,87
3-ORANGE,1290,86
3-ORANGE,1291,81
3-ORANGE,1292,72
3-ORANGE,1293,71
3-ORANGE,1294,77
3-ORANGE,1295,72
3-ORANGE,1296,76
3-ORANGE,1297,73
3-ORANGE,1298,88
3-ORANGE,1299,70
3-ORANGE,1300,84
3-ORANGE,1301,63
3-ORANGE,1302,78
3-ORANGE,1303,72
3-ORANGE,1304,80
3-ORANGE,1305,70
3-ORANGE,1306,80
3-ORANGE,1307,79
3-ORANGE,1308,75
3-ORANGE,1309,83
3-ORANGE,1310,85
3-ORANGE,1311,69
3-ORANGE,1312,71
3-ORANGE,1313,73
3-ORANGE,1314,75
3-ORANGE,1315,77
3-ORANGE,1316,63
3-ORANGE,1317,68
3-ORANGE,1318,65
3-ORANGE,1319,67
3-ORANGE,1320,76
3-ORANGE,1321,73
3-ORANGE,1322,64
3-ORANGE,1323,68
3-ORANGE,1324,75
3-ORANGE,1325,81
3-ORANGE,1326,78
3-ORANGE,1327,82
3-ORANGE,1328,62
3-ORANGE,1329,84
3-ORANGE,1330,88
3-ORANGE,1331,63
3-ORANGE,1332,80
3-ORANGE,1333,67
3-ORANGE,1334,72
3-ORANGE,1335,78
3-ORANGE,1336,78
3-ORANGE,1337,68
3-ORANGE,1338,80
3-ORANGE,1339,93
3-ORANGE,1340,66
3-ORANGE,1341,77
3-ORANGE,1342,81
3-ORANGE,1343,66
3-ORANGE,1344,65
3-ORANGE,1345,71
3-ORANGE,1346,75
3-ORANGE,1347,73
3-ORANGE,1348,69
3-ORANGE,1349,68
3-ORANGE,1350,66
3-ORANGE,1351,78
3-ORANGE,1352,84
3-ORANGE,1353,90
3-ORANGE,1354,64
3-ORANGE,1355,80
3-ORANGE,1356,68
3-ORANGE,1357,61
3-ORANGE,1358,69
3-ORANGE,1359,83
3-ORANGE,1360,76
3-ORANGE,1361,75
3-ORANGE,1362,60
3-ORANGE,1363,68
3-ORANGE,1364,57
3-ORANGE,1365,65
3-ORANGE,1366,93
3-ORANGE,1367,85
3-ORANGE,1368,69
3-ORANGE,1369,60
3-ORANGE,1370,69
3-ORANGE,1371,82
3-ORANGE,1372,81
3-ORANGE,1373,73
3-ORANGE,1374,56
3-ORANGE,1375,71
3-ORANGE,1376,71
3-ORANGE,1377,69
3-ORANGE,1378,83
3-ORANGE,1379,57
3-ORANGE,1380,68
3-ORANGE,1381,72
3-ORANGE,1382,69
3-ORANGE,1383,58
3-ORANGE,1384,63
3-ORANGE,1385,70
3-ORANGE,1386,49
3-ORANGE,1387,73
3-ORANGE,1388,71
3-ORANGE,1389,67
3-ORANGE,1390,72
3-ORANGE,1391,78
3-ORANGE,1392,66
3-ORANGE,1393,66
3-ORANGE,1394,72
3-ORANGE,1395,74
3-ORANGE,1396,55
3-ORANGE,1397,65
3-ORANGE,1398,74
3-ORANGE,1399,56
3-ORANGE,1400,79
3-ORANGE,1401,69
3-ORANGE,1402,68
3-ORANGE,1403,67
3-ORANGE,1404,64
3-ORANGE,1405,67
3-ORANGE,1406,90
3-ORANGE,1407,64
3-ORANGE,1408,70
3-ORANGE,1409,74
3-ORANGE,1410,66
3-ORANGE,1411,72
3-ORANGE,1412,69
3-ORANGE,1413,58
3-ORANGE,1414,75
3-ORANGE,1415,66
3-ORANGE,1416,62
3-ORANGE,1417,73
3-ORANGE,1418,55
3-ORANGE,1419,68
3-ORANGE,1420,69
3-ORANGE,1421,67
3-ORANGE,1422,58
3-ORANGE,1423,69
3-ORANGE,1424,70
3-ORANGE,1425,66
3-ORANGE,1426,68
3-ORANGE,1427,60
3-ORANGE,1428,58
3-ORANGE,1429,79
3-ORANGE,1430,64
3-ORANGE,1431,71
3-ORANGE,1432,71
3-ORANGE,1433,77
3-ORANGE,1434,60
3-ORANGE,1435,70
3-ORANGE,1436,63
3-ORANGE,1437,68
3-ORANGE,1438,61
3-ORANGE,1439,50
3-ORANGE,1440,70
3-ORANGE,1441,77
3-ORANGE,1442,72
3-ORANGE,1443,71
3-ORANGE,1444,58
3-ORANGE,1445,76
3-ORANGE,1446,64
3-ORANGE,1447,70
3-ORANGE,1448,61
3-ORANGE,1449,58
3-ORANGE,1450,63
3-ORANGE,1451,69
3-ORANGE,1452,59
3-ORANGE,1453,62
3-ORANGE,1454,55
3-ORANGE,1455,59
3-ORANGE,1456,68
3-ORANGE,1457,71
3-ORANGE,1458,54
3-ORANGE,1459,64
3-ORANGE,1460,71
3-ORANGE,1461,61
3-ORANGE,1462,70
3-ORANGE,1463,62
3-ORANGE,1464,65
3-ORANGE,1465,73
3-ORANGE,1466,63
3-ORANGE,1467,72
3-ORANGE,1468,56
3-ORANGE,1469,63
3-ORANGE,1470,61
3-ORANGE,1471,63
3-ORANGE,1472,50
3-ORANGE,1473,63
3-ORANGE,1474,61
3-ORANGE,1475,74
3-ORANGE,1476,68
3-ORANGE,1477,66
3-ORANGE,1478,53
3-ORANGE,1479,50
3-ORANGE,1480,56
3-ORANGE,1481,52
3-ORANGE,1482,56
3-ORANGE,1483,64
3-ORANGE,1484,69
3-ORANGE,1485,62
3-ORANGE,1486,69
3-ORANGE,1487,64
3-ORANGE,1488,69
3-ORANGE,1489,68
3-ORANGE,1490,47
3-ORANGE,1491,62
3-ORANGE,1492,72
3-ORANGE,1493,60
3-ORANGE,1494,54
3-ORANGE,1495,64
3-ORANGE,1496,65
3-ORANGE,1497,58
3-ORANGE,1498,67
3-ORANGE,1499,50
3-ORANGE,1500,57
3-ORANGE,1501,55
3-ORANGE,1502,63
3-ORANGE,1503,60
3-ORANGE,1504,60
3-ORANGE,1505,64
3-ORANGE,1506,60
3-ORANGE,1507,66
3-ORANGE,1508,47
3-ORANGE,1509,62
3-ORANGE,1510,61
3-ORANGE,1511,56
3-ORANGE,1512,44
3-ORANGE,1513,52
3-ORANGE,1514,54
3-ORANGE,1515,57
3-ORANGE,1516,68
3-ORANGE,1517,54
3-ORANGE,1518,64
3-ORANGE,1519,44
3-ORANGE,1520,63
3-ORANGE,1521,62
3-ORANGE,1522,63
3-ORANGE,1523,62
3-ORANGE,1524,71
3-ORANGE,1525,61
3-ORANGE,1526,49
3-ORANGE,1527,66
3-ORANGE,1528,56
3-ORANGE,1529,50
3-ORANGE,1530,66
3-ORANGE,1531,49
3-ORANGE,1532,71
3-ORANGE,1533,57
3-ORANGE,1534,54
3-ORANGE,1535,51
3-ORANGE,1536,76
3-ORANGE,1537,60
3-ORANGE,1538,49
3-ORANGE,1539,57
3-ORANGE,1540,53
3-ORANGE,1541,56
3-ORANGE,1542,55
3-ORANGE,1543,83
3-ORANGE,1544,65
3-ORANGE,1545,45
3-ORANGE,1546,68
3-ORANGE,1547,59
3-ORANGE,1548,75
3-ORANGE,1549,63
3-ORANGE,1550,47
3-ORANGE,1551,51
3-ORANGE,1552,65
3-ORANGE,1553,54
3-ORANGE,1554,73
3-ORANGE,1555,62
3-ORANGE,1556,52
3-ORANGE,1557,42
3-ORANGE,1558,49
3-ORANGE,1559,54
3-ORANGE,1560,51
3-ORANGE,1561,66
3-ORANGE,1562,48
3-ORANGE,1563,59
3-ORANGE,1564,82
3-ORANGE,1565,58
3-ORANGE,1566,53
3-ORANGE,1567,52
3-ORANGE,1568,57
3-ORANGE,1569,58
3-ORANGE,1570,57
3-ORANGE,1571,54
3-ORANGE,1572,63
3-ORANGE,1573,47
3-ORANGE,1574,53
3-ORANGE,1575,53
3-ORANGE,1576,57
3-ORANGE,1577,39
3-ORANGE,1578,49
3-ORANGE,1579,59
3-ORANGE,1580,62
3-ORANGE,1581,57
3-ORANGE,1582,57
3-ORANGE,1583,62
3-ORANGE,1584,38
3-ORANGE,1585,49
3-ORANGE,1586,39
3-ORANGE,1587,50
3-ORANGE,1588,62
3-ORANGE,1589,57
3-ORANGE,1590,59
3-ORANGE,1591,48
3-ORANGE,1592,58
3-ORANGE,1593,52
3-ORANGE,1594,50
3-ORANGE,1595,66
3-ORANGE,1596,58
3-ORANGE,1597,50
3-ORANGE,1598,49
3-ORANGE,1599,55
3-ORANGE,1600,72
3-ORANGE,1601,39
3-ORANGE,1602,52
3-ORANGE,1603,55
3-ORANGE,1604,57
3-ORANGE,1605,47
3-ORANGE,1606,54
3-ORANGE,1607,60
3-ORANGE,1608,49
3-ORANGE,1609,44
3-ORANGE,1610,38
3-ORANGE,1611,51
3-ORANGE,1612,64
3-ORANGE,1613,41
3-ORANGE,1614,46
3-ORANGE,1615,44
3-ORANGE,1616,59
3-ORANGE,1617,53
3-ORANGE,1618,61
3-ORANGE,1619,37
3-ORANGE,1620,45
3-ORANGE,1621,54
3-ORANGE,1622,57
3-ORANGE,1623,52
3-ORANGE,1624,45
3-ORANGE,1625,53
3-ORANGE,1626,49
3-ORANGE,1627,60
3-ORANGE,1628,37
3-ORANGE,1629,65
3-ORANGE,1630,44
3-ORANGE,1631,61
3-ORANGE,1632,57
3-ORANGE,1633,50
3-ORANGE,1634,47
3-ORANGE,1635,42
3-ORANGE,1636,73
3-ORANGE,1637,42
3-ORANGE,1638,52
3-ORANGE,1639,40
3-ORANGE,1640,44
3-ORANGE,1641,33
3-ORANGE,1642,52
3-ORANGE,1643,46
3-ORANGE,1644,47
3-ORANGE,1645,50
3-ORANGE,1646,56
3-ORANGE,1647,51
3-ORANGE,1648,35
3-ORANGE,1649,53
3-ORANGE,1650,46
3-ORANGE,1651,37
3-ORANGE,1652,54
3-ORANGE,1653,55
3-ORANGE,1654,29
3-ORANGE,1655,62
3-ORANGE,1656,49
3-ORANGE,1657,43
3-ORANGE,1658,41
3-ORANGE,1659,37
3-ORANGE,1660,42
3-ORANGE,1661,45
3-ORANGE,1662,40
3-ORANGE,1663,44
3-ORANGE,1664,39
3-ORANGE,1665,42
3-ORANGE,1666,55
3-ORANGE,1667,37
3-ORANGE,1668,45
3-ORANGE,1669,53
3-ORANGE,1670,46
3-ORANGE,1671,46
3-ORANGE,1672,46
3-ORANGE,1673,59
3-ORANGE,1674,41
3-ORANGE,1675,55
3-ORANGE,1676,39
3-ORANGE,1677,47
3-ORANGE,1678,52
3-ORANGE,1679,46
3-ORANGE,1680,53
3-ORANGE,1681,54
3-ORANGE,1682,46
3-ORANGE,1683,35
3-ORANGE,1684,56
3-ORANGE,1685,54
3-ORANGE,1686,45
3-ORANGE,1687,48
3-ORANGE,1688,47
3-ORANGE,1689,49
3-ORANGE,1690,51
3-ORANGE,1691,42
3-ORANGE,1692,55
3-ORANGE,1693,51
3-ORANGE,1694,38
3-ORANGE,1695,42
3-ORANGE,1696,43
3-ORANGE,1697,44
3-ORANGE,1698,53
3-ORANGE,1699,35
3-ORANGE,1700,49
3-ORANGE,1701,52
3-ORANGE,1702,41
3-ORANGE,1703,45
3-ORANGE,1704,55
3-ORANGE,1705,46
3-ORANGE,1706,40
3-ORANGE,1707,47
3-ORANGE,1708,37
3-ORANGE,1709,57
3-ORANGE,1710,55
3-ORANGE,1711,46
3-ORANGE,1712,44
3-ORANGE,1713,53
3-ORANGE,1714,51
3-ORANGE,1715,45
3-ORANGE,1716,41
3-ORANGE,1717,41
3-ORANGE,1718,40
3-ORANGE,1719,52
3-ORANGE,1720,45
3-ORANGE,1721,38
3-ORANGE,1722,50
3-ORANGE,1723,49
3-ORANGE,1724,53
3-ORANGE,1725,48
3-ORANGE,1726,43
3-ORANGE,1727,44
3-ORANGE,1728,52
3-ORANGE,1729,39
3-ORANGE,1730,50
3-ORANGE,1731,42
3-ORANGE,1732,45
3-ORANGE,1733,46
3-ORANGE,1734,50
3-ORANGE,1735,36
3-ORANGE,1736,30
3-ORANGE,1737,52
3-ORANGE,1738,50
3-ORANGE,1739,38
3-ORANGE,1740,43
3-ORANGE,1741,43
3-ORANGE,1742,31
3-ORANGE,1743,43
3-ORANGE,1744,40
3-ORANGE,1745,37
3-ORANGE,1746,32
3-ORANGE,1747,32
3-ORANGE,1748,35
3-ORANGE,1749,42
3-ORANGE,1750,51
3-ORANGE,1751,46
3-ORANGE,1752,33
3-ORANGE,1753,34
3-ORANGE,1754,35
3-ORANGE,1755,40
3-ORANGE,1756,44
3-ORANGE,1757,47
3-ORANGE,1758,48
3-ORANGE,1759,52
3-ORANGE,1760,37
3-ORANGE,1761,48
3-ORANGE,1762,36
3-ORANGE,1763,41
3-ORANGE,1764,34
3-ORANGE,1765,38
3-ORANGE,1766,36
3-ORANGE,1767,43
3-ORANGE,1768,47
3-ORANGE,1769,35
3-ORANGE,1770,58
3-ORANGE,1771,46
3-ORANGE,1772,32
3-ORANGE,1773,44
3-ORANGE,1774,35
3-ORANGE,1775,47
3-ORANGE,1776,44
3-ORANGE,1777,36
3-ORANGE,1778,39
3-ORANGE,1779,33
3-ORANGE,1780,53
3-ORANGE,1781,32
3-ORANGE,1782,45
3-ORANGE,1783,43
3-ORANGE,1784,35
3-ORANGE,1785,46
3-ORANGE,1786,45
3-ORANGE,1787,39
3-ORANGE,1788,33
3-ORANGE,1789,37
3-ORANGE,1790,40
3-ORANGE,1791,37
3-ORANGE,1792,39
3-ORANGE,1793,37
3-ORANGE,1794,35
3-ORANGE,1795,30
3-ORANGE,1796,34
3-ORANGE,1797,47
3-ORANGE,1798,49
3-ORANGE,1799,38
3-ORANGE,1800,43
3-ORANGE,1801,38
3-ORANGE,1802,31
3-ORANGE,1803,42
3-ORANGE,1804,30
3-ORANGE,1805,53
3-ORANGE,1806,33
3-ORANGE,1807,36
3-ORANGE,1808,32
3-ORANGE,1809,45
3-ORANGE,1810,43
3-ORANGE,1811,34
3-ORANGE,1812,36
3-ORANGE,1813,38
3-ORANGE,1814,37
3-ORANGE,1815,35
3-ORANGE,1816,41
3-ORANGE,1817,39
3-ORANGE,1818,44
3-ORANGE,1819,49
3-ORANGE,1820,33
3-ORANGE,1821,35
3-ORANGE,1822,35
3-ORANGE,1823,41
3-ORANGE,1824,33
3-ORANGE,1825,52
3-ORANGE,1826,50
3-ORANGE,1827,46
3-ORANGE,1828,31
3-ORANGE,1829,42
3-ORANGE,1830,34
3-ORANGE,1831,48
3-ORANGE,1832,43
3-ORANGE,1833,32
3-ORANGE,1834,34
3-ORANGE,1835,47
3-ORANGE,1836,37
3-ORANGE,1837,50
3-ORANGE,1838,43
3-ORANGE,1839,43
3-ORANGE,1840,37
3-ORANGE,1841,33
3-ORANGE,1842,31
3-ORANGE,1843,32
3-ORANGE,1844,30
3-ORANGE,1845,29
3-ORANGE,1846,28
3-ORANGE,1847,41
3-ORANGE,1848,35
3-ORANGE,1849,51
3-ORANGE,1850,30
3-ORANGE,1851,30
3-ORANGE,1852,34
3-ORANGE,1853,31
3-ORANGE,1854,35
3-ORANGE,1855,38
3-ORANGE,1856,34
3-ORANGE,1857,38
3-ORANGE,1858,40
3-ORANGE,1859,37
3-ORANGE,1860,37
3-ORANGE,1861,44
3-ORANGE,1862,40
3-ORANGE,1863,36
3-ORANGE,1864,33
3-ORANGE,1865,47
3-ORANGE,1866,30
3-ORANGE,1867,52
3-ORANGE,1868,32
3-ORANGE,1869,27
3-ORANGE,1870,31
3-ORANGE,1871,33
3-ORANGE,1872,26
3-ORANGE,1873,34
3-ORANGE,1874,42
3-ORANGE,1875,38
3-ORANGE,1876,44
3-ORANGE,1877,46
3-ORANGE,1878,40
3-ORANGE,1879,33
3-ORANGE,1880,38
3-ORANGE,1881,32
3-ORANGE,1882,32
3-ORANGE,1883,30
3-ORANGE,1884,43
3-ORANGE,1885,30
3-ORANGE,1886,47
3-ORANGE,1887,34
3-ORANGE,1888,36
3-ORANGE,1889,39
3-ORANGE,1890,36
3-ORANGE,1891,29
3-ORANGE,1892,44
3-ORANGE,1893,34
3-ORANGE,1894,35
3-ORANGE,1895,38
3-ORANGE,1896,46
3-ORANGE,1897,35
3-ORANGE,1898,41
3-ORANGE,1899,41
3-ORANGE,1900,43
3-ORANGE,1901,32
3-ORANGE,1902,28
3-ORANGE,1903,29
3-ORANGE,1904,33
3-ORANGE,1905,51
3-ORANGE,1906,34
3-ORANGE,1907,40
3-ORANGE,1908,34
3-ORANGE,1909,33
3-ORANGE,1910,25
3-ORANGE,1911,36
3-ORANGE,1912,34
3-ORANGE,1913,34
3-ORANGE,1914,28
3-ORANGE,1915,37
3-ORANGE,1916,38
3-ORANGE,1917,41
3-ORANGE,1918,36
3-ORANGE,1919,43
3-ORANGE,1920,34
3-ORANGE,1921,39
3-ORANGE,1922,28
3-ORANGE,1923,38
3-ORANGE,1924,37
3-ORANGE,1925,35
3-ORANGE,1926,41
3-ORANGE,1927,23
3-ORANGE,1928,39
3-ORANGE,1929,32
3-ORANGE,1930,37
3-ORANGE,1931,31
3-ORANGE,1932,37
3-ORANGE,1933,43
3-ORANGE,1934,40
3-ORANGE,1935,34
3-ORANGE,1936,29
3-ORANGE,1937,40
3-ORANGE,1938,31
3-ORANGE,1939,35
3-ORANGE,1940,41
3-ORANGE,1941,29
3-ORANGE,1942,38
3-ORANGE,1943,26
3-ORANGE,1944,34
3-ORANGE,1945,24
3-ORANGE,1946,32
3-ORANGE,1947,38
3-ORANGE,1948,30
3-ORANGE,1949,32
3-ORANGE,1950,30
3-ORANGE,1951,31
3-ORANGE,1952,28
3-ORANGE,1953,38
3-ORANGE,1954,39
3-ORANGE,1955,28
3-ORANGE,1956,26
3-ORANGE,1957,24
3-ORANGE,1958,33
3-ORANGE,1959,26
3-ORANGE,1960,42
3-ORANGE,1961,26
3-ORANGE,1962,30
3-ORANGE,1963,45
3-ORANGE,1964,31
3-ORANGE,1965,33
3-ORANGE,1966,24
3-ORANGE,1967,31
3-ORANGE,1968,26
3-ORANGE,1969,30
3-ORANGE,1970,35
3-ORANGE,1971,21
3-ORANGE,1972,38
3-ORANGE,1973,34
3-ORANGE,1974,29
3-ORANGE,1975,34
3-ORANGE,1976,35
3-ORANGE,1977,37
3-ORANGE,1978,21
3-ORANGE,1979,36
3-ORANGE,1980,26
3-ORANGE,1981,30
3-ORANGE,1982,26
3-ORANGE,1983,23
3-ORANGE,1984,35
3-ORANGE,1985,29
3-ORANGE,1986,31
3-ORANGE,1987,33
3-ORANGE,1988,38
3-ORANGE,1989,31
3-ORANGE,1990,32
3-ORANGE,1991,36
3-ORANGE,1992,39
3-ORANGE,1993,37
3-ORANGE,1994,30
3-ORANGE,1995,33
3-ORANGE,1996,29
3-ORANGE,1997,40
3-ORANGE,1998,34
3-ORANGE,1999,29
3-ORANGE,2000,38
3-ORANGE,2001,36
3-ORANGE,2002,25
3-ORANGE,2003,35
3-ORANGE,2004,28
3-ORANGE,2005,34
3-ORANGE,2006,30
3-ORANGE,2007,42
3-ORANGE,2008,30
3-ORANGE,2009,32
3-ORANGE,2010,29
3-ORANGE,2011,29
3-ORANGE,2012,33
3-ORANGE,2013,27
3-ORANGE,2014,34
3-ORANGE,2015,32
3-ORANGE,2016,28
3-ORANGE,2017,38
3-ORANGE,2018,35
3-ORANGE,2019,28
3-ORANGE,2020,37
3-ORANGE,2021,18
3-ORANGE,2022,28
3-ORANGE,2023,33
3-ORANGE,2024,25
3-ORANGE,2025,33
3-ORANGE,2026,24
3-ORANGE,2027,33
3-ORANGE,2028,30
3-ORANGE,2029,36
3-ORANGE,2030,27
3-ORANGE,2031,30
3-ORANGE,2032,31
3-ORANGE,2033,29
3-ORANGE,2034,23
3-ORANGE,2035,21
3-ORANGE,2036,27
3-ORANGE,2037,29
3-ORANGE,2038,29
3-ORANGE,2039,29
3-ORANGE,2040,29
3-ORANGE,2041,23
3-ORANGE,2042,21
3-ORANGE,2043,31
3-ORANGE,2044,23
3-ORANGE,2045,33
3-ORANGE,2046,26
3-ORANGE,2047,29
3-ORANGE,2048,26
3-ORANGE,2049,33
3-ORANGE,2050,38
3-ORANGE,2051,27
3-ORANGE,2052,30
3-ORANGE,2053,48
3-ORANGE,2054,30
3-ORANGE,2055,44
3-ORANGE,2056,23
3-ORANGE,2057,26
3-ORANGE,2058,27
3-ORANGE,2059,28
3-ORANGE,2060,29
3-ORANGE,2061,23
3-ORANGE,2062,24
3-ORANGE,2063,22
3-ORANGE,2064,31
3-ORANGE,2065,19
3-ORANGE,2066,32
3-ORANGE,2067,36
3-ORANGE,2068,29
3-ORANGE,2069,21
3-ORANGE,2070,28
3-ORANGE,2071,33
3-ORANGE,2072,21
3-ORANGE,2073,29
3-ORANGE,2074,35
3-ORANGE,2075,32
3-ORANGE,2076,27
3-ORANGE,2077,23
3-ORANGE,2078,41
3-ORANGE,2079,27
3-ORANGE,2080,29
3-ORANGE,2081,34
3-ORANGE,2082,23
3-ORANGE,2083,32
3-ORANGE,2084,20
3-ORANGE,2085,25
3-ORANGE,2086,25
3-ORANGE,2087,35
3-ORANGE,2088,29
3-ORANGE,2089,32
3-ORANGE,2090,25
3-ORANGE,2091,31
3-ORANGE,2092,35
3-ORANGE,2093,28
3-ORANGE,2094,22
3-ORANGE,2095,26
3-ORANGE,2096,32
3-ORANGE,2097,26
3-ORANGE,2098,22
3-ORANGE,2099,30
3-ORANGE,2100,29
3-ORANGE,2101,29
3-ORANGE,2102,27
3-ORANGE,2103,25
3-ORANGE,2104,31
3-ORANGE,2105,24
3-ORANGE,2106,28
3-ORANGE,2107,34
3-ORANGE,2108,26
3-ORANGE,2109,22
3-ORANGE,2110,36
3-ORANGE,2111,23
3-ORANGE,2112,22
3-ORANGE,2113,26
3-ORANGE,2114,26
3-ORANGE,2115,35
3-ORANGE,2116,25
3-ORANGE,2117,31
3-ORANGE,2118,33
3-ORANGE,2119,35
3-ORANGE,2120,28
3-ORANGE,2121,17
3-ORANGE,2122,24
3-ORANGE,2123,24
3-ORANGE,2124,25
3-ORANGE,2125,24
3-ORANGE,2126,20
3-ORANGE,2127,36
3-ORANGE,2128,28
3-ORANGE,2129,31
3-ORANGE,2130,36
3-ORANGE,2131,29
3-ORANGE,2132,26
3-ORANGE,2133,28
3-ORANGE,2134,26
3-ORANGE,2135,30
3-ORANGE,2136,25
3-ORANGE,2137,22
3-ORANGE,2138,21
3-ORANGE,2139,38
3-ORANGE,2140,31
3-ORANGE,2141,22
3-ORANGE,2142,24
3-ORANGE,2143,25
3-ORANGE,2144,27
3-ORANGE,2145,19
3-ORANGE,2146,30
3-ORANGE,2147,34
3-ORANGE,2148,30
3-ORANGE,2149,20
3-ORANGE,2150,22
3-ORANGE,2151,19
3-ORANGE,2152,22
3-ORANGE,2153,21
3-ORANGE,2154,28
3-ORANGE,2155,21
3-ORANGE,2156,28
3-ORANGE,2157,17
3-ORANGE,2158,16
3-ORANGE,2159,23
3-ORANGE,2160,29
3-ORANGE,2161,28
3-ORANGE,2162,28
3-ORANGE,2163,22
3-ORANGE,2164,21
3-ORANGE,2165,20
3-ORANGE,2166,20
3-ORANGE,2167,30
3-ORANGE,2168,23
3-ORANGE,2169,25
3-ORANGE,2170,27
3-ORANGE,2171,29
3-ORANGE,2172,26
3-ORANGE,2173,26
3-ORANGE,2174,21
3-ORANGE,2175,22
3-ORANGE,2176,18
3-ORANGE,2177,20
3-ORANGE,2178,37
3-ORANGE,2179,20
3-ORANGE,2180,19
3-ORANGE,2181,24
3-ORANGE,2182,29
3-ORANGE,2183,25
3-ORANGE,2184,23
3-ORANGE,2185,33
3-ORANGE,2186,32
3-ORANGE,2187,17
3-ORANGE,2188,20
3-ORANGE,2189,26
3-ORANGE,2190,22
3-ORANGE,2191,28
3-ORANGE,2192,28
3-ORANGE,2193,28
3-ORANGE,2194,28
3-ORANGE,2195,26
3-ORANGE,2196,30
3-ORANGE,2197,24
3-ORANGE,2198,25
3-ORANGE,2199,27
3-ORANGE,2200,19
3-ORANGE,2201,24
3-ORANGE,2202,22
3-ORANGE,2203,22
3-ORANGE,2204,21
3-ORANGE,2205,23
3-ORANGE,2206,20
3-ORANGE,2207,27
3-ORANGE,2208,36
3-ORANGE,2209,21
3-ORANGE,2210,27
3-ORANGE,2211,24
3-ORANGE,2212,20
3-ORANGE,2213,25
3-ORANGE,2214,17
3-ORANGE,2215,27
3-ORANGE,2216,10
3-ORANGE,2217,13
3-ORANGE,2218,28
3-ORANGE,2219,25
3-ORANGE,2220,22
3-ORANGE,2221,21
3-ORANGE,2222,25
3-ORANGE,2223,26
3-ORANGE,2224,25
3-ORANGE,2225,23
3-ORANGE,2226,32
3-ORANGE,2227,33
3-ORANGE,2228,17
3-ORANGE,2229,20
3-ORANGE,2230,24
3-ORANGE,2231,22
3-ORANGE,2232,19
3-ORANGE,2233,23
3-ORANGE,2234,22
3-ORANGE,2235,17
3-ORANGE,2236,24
3-ORANGE,2237,18
3-ORANGE,2238,17
3-ORANGE,2239,22
3-ORANGE,2240,24
3-ORANGE,2241,26
3-ORANGE,2242,27
3-ORANGE,2243,19
3-ORANGE,2244,23
3-ORANGE,2245,33
3-ORANGE,2246,29
3-ORANGE,2247,21
3-ORANGE,2248,12
3-ORANGE,2249,22
3-ORANGE,2250,24
3-ORANGE,2251,19
3-ORANGE,2252,22
3-ORANGE,2253,24
3-ORANGE,2254,16
3-ORANGE,2255,27
3-ORANGE,2256,29
3-ORANGE,2257,25
3-ORANGE,2258,28
3-ORANGE,2259,22
3-ORANGE,2260,27
3-ORANGE,2261,26
3-ORANGE,2262,22
3-ORANGE,2263,16
3-ORANGE,2264,28
3-ORANGE,2265,30
3-ORANGE,2266,21
3-ORANGE,2267,22
3-ORANGE,2268,17
3-ORANGE,2269,15
3-ORANGE,2270,23
3-ORANGE,2271,26
3-ORANGE,2272,28
3-ORANGE,2273,22
3-ORANGE,2274,17
3-ORANGE,2275,29
3-ORANGE,2276,28
3-ORANGE,2277,19
3-ORANGE,2278,35
3-ORANGE,2279,30
3-ORANGE,2280,25
3-ORANGE,2281,23
3-ORANGE,2282,19
3-ORANGE,2283,22
3-ORANGE,2284,19
3-ORANGE,2285,17
3-ORANGE,2286,16
3-ORANGE,2287,22
3-ORANGE,2288,28
3-ORANGE,2289,17
3-ORANGE,2290,23
3-ORANGE,2291,18
3-ORANGE,2292,33
3-ORANGE,2293,19
3-ORANGE,2294,23
3-ORANGE,2295,24
3-ORANGE,2296,31
3-ORANGE,2297,17
3-ORANGE,2298,14
3-ORANGE,2299,25
3-ORANGE,2300,23
3-ORANGE,2301,13
3-ORANGE,2302,28
3-ORANGE,2303,27
3-ORANGE,2304,22
3-ORANGE,2305,24
3-ORANGE,2306,22
3-ORANGE,2307,23
3-ORANGE,2308,21
3-ORANGE,2309,20
3-ORANGE,2310,20
3-ORANGE,2311,18
3-ORANGE,2312,26
3-ORANGE,2313,34
3-ORANGE,2314,27
3-ORANGE,2315,19
3-ORANGE,2316,11
3-ORANGE,2317,21
3-ORANGE,2318,25
3-ORANGE,2319,22
3-ORANGE,2320,17
3-ORANGE,2321,24
3-ORANGE,2322,18
3-ORANGE,2323,16
3-ORANGE,2324,23
3-ORANGE,2325,16
3-ORANGE,2326,20
3-ORANGE,2327,20
3-ORANGE,2328,35
3-ORANGE,2329,27
3-ORANGE,2330,14
3-ORANGE,2331,20
3-ORANGE,2332,13
3-ORANGE,2333,16
3-ORANGE,2334,27
3-ORANGE,2335,22
3-ORANGE,2336,13
3-ORANGE,2337,31
3-ORANGE,2338,29
3-ORANGE,2339,17
3-ORANGE,2340,19
3-ORANGE,2341,29
3-ORANGE,2342,17
3-ORANGE,2343,25
3-ORANGE,2344,17
3-ORANGE,2345,22
3-ORANGE,2346,18
3-ORANGE,2347,26
3-ORANGE,2348,21
3-ORANGE,2349,13
3-ORANGE,2350,27
3-ORANGE,2351,28
3-ORANGE,2352,27
3-ORANGE,2353,18
3-ORANGE,2354,21
3-ORANGE,2355,12
3-ORANGE,2356,22
3-ORANGE,2357,19
3-ORANGE,2358,15
3-ORANGE,2359,15
3-ORANGE,2360,22
3-ORANGE,2361,16
3-ORANGE,2362,20
3-ORANGE,2363,18
3-ORANGE,2364,18
3-ORANGE,2365,22
3-ORANGE,2366,13
3-ORANGE,2367,17
3-ORANGE,2368,18
3-ORANGE,2369,11
3-ORANGE,2370,15
3-ORANGE,2371,22
3-ORANGE,2372,21
3-ORANGE,2373,23
3-ORANGE,2374,21
3-ORANGE,2375,14
3-ORANGE,2376,23
3-ORANGE,2377,21
3-ORANGE,2378,20
3-ORANGE,2379,20
3-ORANGE,2380,15
3-ORANGE,2381,18
3-ORANGE,2382,18
3-ORANGE,2383,17
3-ORANGE,2384,17
3-ORANGE,2385,30
3-ORANGE,2386,21
3-ORANGE,2387,16
3-ORANGE,2388,22
3-ORANGE,2389,23
3-ORANGE,2390,20
3-ORANGE,2391,25
3-ORANGE,2392,20
3-ORANGE,2393,16
3-ORANGE,2394,26
3-ORANGE,2395,14
3-ORANGE,2396,23
3-ORANGE,2397,22
3-ORANGE,2398,20
3-ORANGE,2399,27
3-ORANGE,2400,23
3-ORANGE,2401,21
3-ORANGE,2402,20
3-ORANGE,2403,21
3-ORANGE,2404,36
3-ORANGE,2405,29
3-ORANGE,2406,15
3-ORANGE,2407,20
3-ORANGE,2408,18
3-ORANGE,2409,12
3-ORANGE,2410,23
3-ORANGE,2411,23
3-ORANGE,2412,13
3-ORANGE,2413,9
3-ORANGE,2414,11
3-ORANGE,2415,15
3-ORANGE,2416,25
3-ORANGE,2417,18
3-ORANGE,2418,14
3-ORANGE,2419,21
3-ORANGE,2420,22
3-ORANGE,2421,20
3-ORANGE,2422,18
3-ORANGE,2423,23
3-ORANGE,2424,17
3-ORANGE,2425,17
3-ORANGE,2426,13
3-ORANGE,2427,21
3-ORANGE,2428,18
3-ORANGE,2429,20
3-ORANGE,2430,16
3-ORANGE,2431,25
3-ORANGE,2432,17
3-ORANGE,2433,13
3-ORANGE,2434,20
3-ORANGE,2435,18
3-ORANGE,2436,18
3-ORANGE,2437,13
3-ORANGE,2438,15
3-ORANGE,2439,26
3-ORANGE,2440,21
3-ORANGE,2441,20
3-ORANGE,2442,14
3-ORANGE,2443,20
3-ORANGE,2444,10
3-ORANGE,2445,18
3-ORANGE,2446,16
3-ORANGE,2447,16
3-ORANGE,2448,9
3-ORANGE,2449,19
3-ORANGE,2450,18
3-ORANGE,2451,20
3-ORANGE,2452,17
3-ORANGE,2453,24
3-ORANGE,2454,16
3-ORANGE,2455,18
3-ORANGE,2456,14
3-ORANGE,2457,20
3-ORANGE,2458,28
3-ORANGE,2459,15
3-ORANGE,2460,17
3-ORANGE,2461,18
3-ORANGE,2462,17
3-ORANGE,2463,19
3-ORANGE,2464,18
3-ORANGE,2465,18
3-ORANGE,2466,15
3-ORANGE,2467,16
3-ORANGE,2468,15
3-ORANGE,2469,21
3-ORANGE,2470,21
3-ORANGE,2471,23
3-ORANGE,2472,13
3-ORANGE,2473,16
3-ORANGE,2474,19
3-ORANGE,2475,21
3-ORANGE,2476,14
3-ORANGE,2477,17
3-ORANGE,2478,16
3-ORANGE,2479,15
3-ORANGE,2480,19
3-ORANGE,2481,9
3-ORANGE,2482,16
3-ORANGE,2483,10
3-ORANGE,2484,18
3-ORANGE,2485,16
3-ORANGE,2486,15
3-ORANGE,2487,10
3-ORANGE,2488,20
3-ORANGE,2489,20
3-ORANGE,2490,21
3-ORANGE,2491,16
3-ORANGE,2492,29
3-ORANGE,2493,24
3-ORANGE,2494,12
3-ORANGE,2495,8
3-ORANGE,2496,16
3-ORANGE,2497,16
3-ORANGE,2498,19
3-ORANGE,2499,16
3-ORANGE,2500,13
3-ORANGE,2501,21
3-ORANGE,2502,19
3-ORANGE,2503,15
3-ORANGE,2504,13
3-ORANGE,2505,9
3-ORANGE,2506,18
3-ORANGE,2507,14
3-ORANGE,2508,13
3-ORANGE,2509,17
3-ORANGE,2510,17
3-ORANGE,2511,14
3-ORANGE,2512,9
3-ORANGE,2513,19
3-ORANGE,2514,15
3-ORANGE,2515,11
3-ORANGE,2516,15
3-ORANGE,2517,18
3-ORANGE,2518,14
3-ORANGE,2519,13
3-ORANGE,2520,16
3-ORANGE,2521,12
3-ORANGE,2522,15
3-ORANGE,2523,15
3-ORANGE,2524,15
3-ORANGE,2525,16
3-ORANGE,2526,17
3-ORANGE,2527,11
3-ORANGE,2528,18
3-ORANGE,2529,12
3-ORANGE,2530,17
3-ORANGE,2531,13
3-ORANGE,2532,20
3-ORANGE,2533,17
3-ORANGE,2534,14
3-ORANGE,2535,19
3-ORANGE,2536,12
3-ORANGE,2537,12
3-ORANGE,2538,15
3-ORANGE,2539,21
3-ORANGE,2540,14
3-ORANGE,2541,10
3-ORANGE,2542,15
3-ORANGE,2543,18
3-ORANGE,2544,20
3-ORANGE,2545,16
3-ORANGE,2546,21
3-ORANGE,2547,13
3-ORANGE,2548,22
3-ORANGE,2549,21
3-ORANGE,2550,14
3-ORANGE,2551,14
3-ORANGE,2552,19
3-ORANGE,2553,19
3-ORANGE,2554,17
3-ORANGE,2555,8
3-ORANGE,2556,13
3-ORANGE,2557,20
3-ORANGE,2558,12
3-ORANGE,2559,14
3-ORANGE,2560,8
3-ORANGE,2561,15
3-ORANGE,2562,22
3-ORANGE,2563,13
3-ORANGE,2564,17
3-ORANGE,2565,24
3-ORANGE,2566,10
3-ORANGE,2567,19
3-ORANGE,2568,17
3-ORANGE,2569,10
3-ORANGE,2570,18
3-ORANGE,2571,11
3-ORANGE,2572,16
3-ORANGE,2573,19
3-ORANGE,2574,17
3-ORANGE,2575,9
3-ORANGE,2576,9
3-ORANGE,2577,10
3-ORANGE,2578,18
3-ORANGE,2579,18
3-ORANGE,2580,18
3-ORANGE,2581,17
3-ORANGE,2582,15
3-ORANGE,2583,13
3-ORANGE,2584,14
3-ORANGE,2585,20
3-ORANGE,2586,15
3-ORANGE,2587,12
3-ORANGE,2588,15
3-ORANGE,2589,12
3-ORANGE,2590,12
3-ORANGE,2591,13
3-ORANGE,2592,16
3-ORANGE,2593,12
3-ORANGE,2594,16
3-ORANGE,2595,17
3-ORANGE,2596,19
3-ORANGE,2597,15
3-ORANGE,2598,11
3-ORANGE,2599,13
3-ORANGE,2600,21
3-ORANGE,2601,20
3-ORANGE,2602,12
3-ORANGE,2603,17
3-ORANGE,2604,20
3-ORANGE,2605,13
3-ORANGE,2606,17
3-ORANGE,2607,17
3-ORANGE,2608,17
3-ORANGE,2609,19
3-ORANGE,2610,14
3-ORANGE,2611,18
3-ORANGE,2612,21
3-ORANGE,2613,22
3-ORANGE,2614,15
3-ORANGE,2615,15
3-ORANGE,2616,14
3-ORANGE,2617,17
3-ORANGE,2618,17
3-ORANGE,2619,15
3-ORANGE,2620,13
3-ORANGE,2621,18
3-ORANGE,2622,10
3-ORANGE,2623,16
3-ORANGE,2624,8
3-ORANGE,2625,13
3-ORANGE,2626,16
3-ORANGE,2627,17
3-ORANGE,2628,22
3-ORANGE,2629,7
3-ORANGE,2630,18
3-ORANGE,2631,15
3-ORANGE,2632,10
3-ORANGE,2633,21
3-ORANGE,2634,9
3-ORANGE,2635,12
3-ORANGE,2636,14
3-ORANGE,2637,15
3-ORANGE,2638,20
3-ORANGE,2639,18
3-ORANGE,2640,18
3-ORANGE,2641,14
3-ORANGE,2642,8
3-ORANGE,2643,15
3-ORANGE,2644,10
3-ORANGE,2645,14
3-ORANGE,2646,15
3-ORANGE,2647,11
3-ORANGE,2648,16
3-ORANGE,2649,16
3-ORANGE,2650,17
3-ORANGE,2651,16
3-ORANGE,2652,18
3-ORANGE,2653,19
3-ORANGE,2654,12
3-ORANGE,2655,13
3-ORANGE,2656,19
3-ORANGE,2657,14
3-ORANGE,2658,17
3-ORANGE,2659,24
3-ORANGE,2660,12
3-ORANGE,2661,16
3-ORANGE,2662,13
3-ORANGE,2663,13
3-ORANGE,2664,18
3-ORANGE,2665,15
3-ORANGE,2666,10
3-ORANGE,2667,13
3-ORANGE,2668,9
3-ORANGE,2669,10
3-ORANGE,2670,15
3-ORANGE,2671,9
3-ORANGE,2672,16
3-ORANGE,2673,13
3-ORANGE,2674,15
3-ORANGE,2675,17
3-ORANGE,2676,19
3-ORANGE,2677,16
3-ORANGE,2678,11
3-ORANGE,2679,7
3-ORANGE,2680,12
3-ORANGE,2681,16
3-ORANGE,2682,7
3-ORANGE,2683,12
3-ORANGE,2684,11
3-ORANGE,2685,9
3-ORANGE,2686,12
3-ORANGE,2687,14
3-ORANGE,2688,12
3-ORANGE,2689,12
3-ORANGE,2690,8
3-ORANGE,2691,13
3-ORANGE,2692,14
3-ORANGE,2693,15
3-ORANGE,2694,10
3-ORANGE,2695,18
3-ORANGE,2696,20
3-ORANGE,2697,11
3-ORANGE,2698,13
3-ORANGE,2699,10
3-ORANGE,2700,10
3-ORANGE,2701,10
3-ORANGE,2702,10
3-ORANGE,2703,12
3-ORANGE,2704,8
3-ORANGE,2705,14
3-ORANGE,2706,13
3-ORANGE,2707,16
3-ORANGE,2708,11
3-ORANGE,2709,16
3-ORANGE,2710,16
3-ORANGE,2711,21
3-ORANGE,2712,20
3-ORANGE,2713,12
3-ORANGE,2714,8
3-ORANGE,2715,13
3-ORANGE,2716,15
3-ORANGE,2717,11
3-ORANGE,2718,11
3-ORANGE,2719,21
3-ORANGE,2720,7
3-ORANGE,2721,17
3-ORANGE,2722,10
3-ORANGE,2723,16
3-ORANGE,2724,13
3-ORANGE,2725,17
3-ORANGE,2726,14
3-ORANGE,2727,13
3-ORANGE,2728,16
3-ORANGE,2729,11
3-ORANGE,2730,13
3-ORANGE,2731,13
3-ORANGE,2732,15
3-ORANGE,2733,19
3-ORANGE,2734,11
3-ORANGE,2735,10
3-ORANGE,2736,12
3-ORANGE,2737,15
3-ORANGE,2738,9
3-ORANGE,2739,13
3-ORANGE,2740,13
3-ORANGE,2741,15
3-ORANGE,2742,15
3-ORANGE,2743,13
3-ORANGE,2744,12
3-ORANGE,2745,21
3-ORANGE,2746,22
3-ORANGE,2747,13
3-ORANGE,2748,14
3-ORANGE,2749,8
3-ORANGE,2750,24
3-ORANGE,2751,15
3-ORANGE,2752,8
3-ORANGE,2753,10
3-ORANGE,2754,12
3-ORANGE,2755,9
3-ORANGE,2756,10
3-ORANGE,2757,11
3-ORANGE,2758,14
3-ORANGE,2759,13
3-ORANGE,2760,14
3-ORANGE,2761,14
3-ORANGE,2762,13
3-ORANGE,2763,14
3-ORANGE,2764,6
3-ORANGE,2765,19
3-ORANGE,2766,16
3-ORANGE,2767,14
3-ORANGE,2768,11
3-ORANGE,2769,11
3-ORANGE,2770,13
3-ORANGE,2771,9
3-ORANGE,2772,11
3-ORANGE,2773,10
3-ORANGE,2774,12
3-ORANGE,2775,16
3-ORANGE,2776,12
3-ORANGE,2777,21
3-ORANGE,2778,15
3-ORANGE,2779,14
3-ORANGE,2780,12
3-ORANGE,2781,11
3-ORANGE,2782,9
3-ORANGE,2783,13
3-ORANGE,2784,14
3-ORANGE,2785,14
3-ORANGE,2786,11
3-ORANGE,2787,12
3-ORANGE,2788,12
3-ORANGE,2789,15
3-ORANGE,2790,13
3-ORANGE,2791,9
3-ORANGE,2792,8
3-ORANGE,2793,11
3-ORANGE,2794,15
3-ORANGE,2795,16
3-ORANGE,2796,11
3-ORANGE,2797,22
3-ORANGE,2798,15
3-ORANGE,2799,14
3-ORANGE,2800,10
3-ORANGE,2801,8
3-ORANGE,2802,15
3-ORANGE,2803,12
3-ORANGE,2804,13
3-ORANGE,2805,12
3-ORANGE,2806,9
3-ORANGE,2807,8
3-ORANGE,2808,14
3-ORANGE,2809,16
3-ORANGE,2810,10
3-ORANGE,2811,10
3-ORANGE,2812,5
3-ORANGE,2813,9
3-ORANGE,2814,12
3-ORANGE,2815,10
3-ORANGE,2816,12
3-ORANGE,2817,13
3-ORANGE,2818,8
3-ORANGE,2819,10
3-ORANGE,2820,11
3-ORANGE,2821,16
3-ORANGE,2822,9
3-ORANGE,2823,14
3-ORANGE,2824,10
3-ORANGE,2825,10
3-ORANGE,2826,16
3-ORANGE,2827,10
3-ORANGE,2828,17
3-ORANGE,2829,12
3-ORANGE,2830,17
3-ORANGE,2831,11
3-ORANGE,2832,12
3-ORANGE,2833,14
3-ORANGE,2834,10
3-ORANGE,2835,12
3-ORANGE,2836,17
3-ORANGE,2837,12
3-ORANGE,2838,13
3-ORANGE,2839,10
3-ORANGE,2840,9
3-ORANGE,2841,10
3-ORANGE,2842,10
3-ORANGE,2843,18
3-ORANGE,2844,14
3-ORANGE,2845,10
3-ORANGE,2846,14
3-ORANGE,2847,15
3-ORANGE,2848,14
3-ORANGE,2849,14
3-ORANGE,2850,7
3-ORANGE,2851,13
3-ORANGE,2852,11
3-ORANGE,2853,13
3-ORANGE,2854,10
3-ORANGE,2855,17
3-ORANGE,2856,12
3-ORANGE,2857,10
3-ORANGE,2858,9
3-ORANGE,2859,13
3-ORANGE,2860,8
3-ORANGE,2861,10
3-ORANGE,2862,12
3-ORANGE,2863,16
3-ORANGE,2864,9
3-ORANGE,2865,9
3-ORANGE,2866,11
3-ORANGE,2867,9
3-ORANGE,2868,6
3-ORANGE,2869,7
3-ORANGE,2870,8
3-ORANGE,2871,12
3-ORANGE,2872,19
3-ORANGE,2873,7
3-ORANGE,2874,5
3-ORANGE,2875,11
3-ORANGE,2876,8
3-ORANGE,2877,8
3-ORANGE,2878,14
3-ORANGE,2879,8
3-ORANGE,2880,10
3-ORANGE,2881,16
3-ORANGE,2882,14
3-ORANGE,2883,11
3-ORANGE,2884,9
3-ORANGE,2885,10
3-ORANGE,2886,11
3-ORANGE,2887,7
3-ORANGE,2888,18
3-ORANGE,2889,12
3-ORANGE,2890,9
3-ORANGE,2891,13
3-ORANGE,2892,8
3-ORANGE,2893,11
3-ORANGE,2894,12
3-ORANGE,2895,13
3-ORANGE,2896,12
3-ORANGE,2897,14
3-ORANGE,2898,16
3-ORANGE,2899,14
3-ORANGE,2900,11
3-ORANGE,2901,7
3-ORANGE,2902,11
3-ORANGE,2903,11
3-ORANGE,2904,9
3-ORANGE,2905,10
3-ORANGE,2906,10
3-ORANGE,2907,12
3-ORANGE,2908,11
3-ORANGE,2909,13
3-ORANGE,2910,9
3-ORANGE,2911,11
3-ORANGE,2912,13
3-ORANGE,2913,12
3-ORANGE,2914,10
3-ORANGE,2915,8
3-ORANGE,2916,11
3-ORANGE,2917,12
3-ORANGE,2918,9
3-ORANGE,2919,12
3-ORANGE,2920,9
3-ORANGE,2921,15
3-ORANGE,2922,15
3-ORANGE,2923,12
3-ORANGE,2924,6
3-ORANGE,2925,14
3-ORANGE,2926,11
3-ORANGE,2927,13
3-ORANGE,2928,13
3-ORANGE,2929,9
3-ORANGE,2930,9
3-ORANGE,2931,12
3-ORANGE,2932,13
3-ORANGE,2933,12
3-ORANGE,2934,17
3-ORANGE,2935,10
3-ORANGE,2936,10
3-ORANGE,2937,10
3-ORANGE,2938,13
3-ORANGE,2939,4
3-ORANGE,2940,15
3-ORANGE,2941,7
3-ORANGE,2942,10
3-ORANGE,2943,13
3-ORANGE,2944,9
3-ORANGE,2945,14
3-ORANGE,2946,12
3-ORANGE,2947,8
3-ORANGE,2948,13
3-ORANGE,2949,12
3-ORANGE,2950,18
3-ORANGE,2951,8
3-ORANGE,2952,9
3-ORANGE,2953,11
3-ORANGE,2954,10
3-ORANGE,2955,7
3-ORANGE,2956,11
3-ORANGE,2957,10
3-ORANGE,2958,10
3-ORANGE,2959,5
3-ORANGE,2960,8
3-ORANGE,2961,9
3-ORANGE,2962,12
3-ORANGE,2963,10
3-ORANGE,2964,14
3-ORANGE,2965,13
3-ORANGE,2966,12
3-ORANGE,2967,8
3-ORANGE,2968,14
3-ORANGE,2969,5
3-ORANGE,2970,7
3-ORANGE,2971,12
3-ORANGE,2972,11
3-ORANGE,2973,15
3-ORANGE,2974,7
3-ORANGE,2975,7
3-ORANGE,2976,15
3-ORANGE,2977,6
3-ORANGE,2978,13
3-ORANGE,2979,8
3-ORANGE,2980,11
3-ORANGE,2981,13
3-ORANGE,2982,6
3-ORANGE,2983,14
3-ORANGE,2984,11
3-ORANGE,2985,11
3-ORANGE,2986,10
3-ORANGE,2987,6
3-ORANGE,2988,8
3-ORANGE,2989,8
3-ORANGE,2990,6
3-ORANGE,2991,9
3-ORANGE,2992,14
3-ORANGE,2993,12
3-ORANGE,2994,7
3-ORANGE,2995,15
3-ORANGE,2996,7
3-ORANGE,2997,13
3-ORANGE,2998,16
3-ORANGE,2999,9
3-ORANGE,3000,7
3-ORANGE,3001,12
3-ORANGE,3002,11
3-ORANGE,3003,10
3-ORANGE,3004,17
3-ORANGE,3005,13
3-ORANGE,3006,7
3-ORANGE,3007,9
3-ORANGE,3008,10
3-ORANGE,3009,10
3-ORANGE,3010,11
3-ORANGE,3011,8
3-ORANGE,3012,5
3-ORANGE,3013,10
3-ORANGE,3014,12
3-ORANGE,3015,9
3-ORANGE,3016,17
3-ORANGE,3017,12
3-ORANGE,3018,14
3-ORANGE,3019,6
3-ORANGE,3020,8
3-ORANGE,3021,12
3-ORANGE,3022,7
3-ORANGE,3023,12
3-ORANGE,3024,8
3-ORANGE,3025,9
3-ORANGE,3026,13
3-ORANGE,3027,9
3-ORANGE,3028,9
3-ORANGE,3029,7
3-ORANGE,3030,13
3-ORANGE,3031,9
3-ORANGE,3032,10
3-ORANGE,3033,8
3-ORANGE,3034,10
3-ORANGE,3035,10
3-ORANGE,3036,9
3-ORANGE,3037,13
3-ORANGE,3038,13
3-ORANGE,3039,10
3-ORANGE,3040,8
3-ORANGE,3041,11
3-ORANGE,3042,10
3-ORANGE,3043,6
3-ORANGE,3044,11
3-ORANGE,3045,5
3-ORANGE,3046,11
3-ORANGE,3047,9
3-ORANGE,3048,4
3-ORANGE,3049,12
3-ORANGE,3050,10
3-ORANGE,3051,13
3-ORANGE,3052,4
3-ORANGE,3053,8
3-ORANGE,3054,13
3-ORANGE,3055,7
3-ORANGE,3056,4
3-ORANGE,3057,8
3-ORANGE,3058,10
3-ORANGE,3059,5
3-ORANGE,3060,13
3-ORANGE,3061,9
3-ORANGE,3062,9
3-ORANGE,3063,5
3-ORANGE,3064,6
3-ORANGE,3065,13
3-ORANGE,3066,7
3-ORANGE,3067,3
3-ORANGE,3068,4
3-ORANGE,3069,19
3-ORANGE,3070,6
3-ORANGE,3071,7
3-ORANGE,3072,6
3-ORANGE,3073,11
3-ORANGE,3074,11
3-ORANGE,3075,7
3-ORANGE,3076,5
3-ORANGE,3077,5
3-ORANGE,3078,6
3-ORANGE,3079,2
3-ORANGE,3080,11
3-ORANGE,3081,8
3-ORANGE,3082,12
3-ORANGE,3083,6
3-ORANGE,3084,6
3-ORANGE,3085,8
3-ORANGE,3086,6
3-ORANGE,3087,6
3-ORANGE,3088,13
3-ORANGE,3089,8
3-ORANGE,3090,9
3-ORANGE,3091,4
3-ORANGE,3092,5
3-ORANGE,3093,11
3-ORANGE,3094,14
3-ORANGE,3095,8
3-ORANGE,3096,6
3-ORANGE,3097,7
3-ORANGE,3098,6
3-ORANGE,3099,12
3-ORANGE,3100,9
3-ORANGE,3101,8
3-ORANGE,3102,11
3-ORANGE,3103,9
3-ORANGE,3104,10
3-ORANGE,3105,10
3-ORANGE,3106,15
3-ORANGE,3107,12
3-ORANGE,3108,13
3-ORANGE,3109,9
3-ORANGE,3110,6
3-ORANGE,3111,5
3-ORANGE,3112,14
3-ORANGE,3113,10
3-ORANGE,3114,11
3-ORANGE,3115,8
3-ORANGE,3116,10
3-ORANGE,3117,9
3-ORANGE,3118,6
3-ORANGE,3119,5
3-ORANGE,3120,12
3-ORANGE,3121,13
3-ORANGE,3122,11
3-ORANGE,3123,12
3-ORANGE,3124,14
3-ORANGE,3125,9
3-ORANGE,3126,7
3-ORANGE,3127,6
3-ORANGE,3128,7
3-ORANGE,3129,3
3-ORANGE,3130,12
3-ORANGE,3131,8
3-ORANGE,3132,8
3-ORANGE,3133,7
3-ORANGE,3134,8
3-ORANGE,3135,8
3-ORANGE,3136,12
3-ORANGE,3137,8
3-ORANGE,3138,11
3-ORANGE,3139,12
3-ORANGE,3140,10
3-ORANGE,3141,11
3-ORANGE,3142,11
3-ORANGE,3143,3
3-ORANGE,3144,7
3-ORANGE,3145,10
3-ORANGE,3146,7
3-ORANGE,3147,11
3-ORANGE,3148,3
3-ORANGE,3149,2
3-ORANGE,3150,7
3-ORANGE,3151,5
3-ORANGE,3152,6
3-ORANGE,3153,7
3-ORANGE,3154,12
3-ORANGE,3155,7
3-ORANGE,3156,9
3-ORANGE,3157,6
3-ORANGE,3158,13
3-ORANGE,3159,12
3-ORANGE,3160,6
3-ORANGE,3161,4
3-ORANGE,3162,11
3-ORANGE,3163,11
3-ORANGE,3164,7
3-ORANGE,3165,10
3-ORANGE,3166,7
3-ORANGE,3167,5
3-ORANGE,3168,10
3-ORANGE,3169,8
3-ORANGE,3170,5
3-ORANGE,3171,8
3-ORANGE,3172,8
3-ORANGE,3173,8
3-ORANGE,3174,5
3-ORANGE,3175,7
3-ORANGE,3176,9
3-ORANGE,3177,12
3-ORANGE,3178,5
3-ORANGE,3179,12
3-ORANGE,3180,6
3-ORANGE,3181,7
3-ORANGE,3182,8
3-ORANGE,3183,3
3-ORANGE,3184,4
3-ORANGE,3185,9
3-ORANGE,3186,10
3-ORANGE,3187,6
3-ORANGE,3188,8
3-ORANGE,3189,10
3-ORANGE,3190,9
3-ORANGE,3191,13
3-ORANGE,3192,3
3-ORANGE,3193,9
3-ORANGE,3194,4
3-ORANGE,3195,10
3-ORANGE,3196,13
3-ORANGE,3197,10
3-ORANGE,3198,9
3-ORANGE,3199,8
3-ORANGE,3200,7
3-ORANGE,3201,4
3-ORANGE,3202,8
3-ORANGE,3203,4
3-ORANGE,3204,8
3-ORANGE,3205,8
3-ORANGE,3206,4
3-ORANGE,3207,5
3-ORANGE,3208,12
3-ORANGE,3209,7
3-ORANGE,3210,9
3-ORANGE,3211,6
3-ORANGE,3212,8
3-ORANGE,3213,11
3-ORANGE,3214,16
3-ORANGE,3215,8
3-ORANGE,3216,13
3-ORANGE,3217,2
3-ORANGE,3218,6
3-ORANGE,3219,2
3-ORANGE,3220,10
3-ORANGE,3221,7
3-ORANGE,3222,11
3-ORANGE,3223,3
3-ORANGE,3224,8
3-ORANGE,3225,4
3-ORANGE,3226,7
3-ORANGE,3227,5
3-ORANGE,3228,8
3-ORANGE,3229,7
3-ORANGE,3230,8
3-ORANGE,3231,4
3-ORANGE,3232,6
3-ORANGE,3233,6
3-ORANGE,3234,8
3-ORANGE,3235,6
3-ORANGE,3236,6
3-ORANGE,3237,6
3-ORANGE,3238,6
3-ORANGE,3239,8
3-ORANGE,3240,7
3-ORANGE,3241,7
3-ORANGE,3242,4
3-ORANGE,3243,8
3-ORANGE,3244,5
3-ORANGE,3245,4
3-ORANGE,3246,6
3-ORANGE,3247,9
3-ORANGE,3248,8
3-ORANGE,3249,5
3-ORANGE,3250,8
3-ORANGE,3251,10
3-ORANGE,3252,7
3-ORANGE,3253,15
3-ORANGE,3254,7
3-ORANGE,3255,6
3-ORANGE,3256,4
3-ORANGE,3257,7
3-ORANGE,3258,8
3-ORANGE,3259,7
3-ORANGE,3260,7
3-ORANGE,3261,5
3-ORANGE,3262,12
3-ORANGE,3263,8
3-ORANGE,3264,10
3-ORANGE,3265,9
3-ORANGE,3266,9
3-ORANGE,3267,8
3-ORANGE,3268,5
3-ORANGE,3269,13
3-ORANGE,3270,7
3-ORANGE,3271,8
3-ORANGE,3272,9
3-ORANGE,3273,10
3-ORANGE,3274,2
3-ORANGE,3275,4
3-ORANGE,3276,5
3-ORANGE,3277,6
3-ORANGE,3278,3
3-ORANGE,3279,6
3-ORANGE,3280,2
3-ORANGE,3281,7
3-ORANGE,3282,11
3-ORANGE,3283,7
3-ORANGE,3284,10
3-ORANGE,3285,9
3-ORANGE,3286,8
3-ORANGE,3287,7
3-ORANGE,3288,6
3-ORANGE,3289,5
3-ORANGE,3290,6
3-ORANGE,3291,3
3-ORANGE,3292,4
3-ORANGE,3293,5
3-ORANGE,3294,7
3-ORANGE,3295,9
3-ORANGE,3296,11
3-ORANGE,3297,8
3-ORANGE,3298,7
3-ORANGE,3299,6
3-ORANGE,3300,4
3-ORANGE,3301,6
3-ORANGE,3302,9
3-ORANGE,3303,10
3-ORANGE,3304,7
3-ORANGE,3305,4
3-ORANGE,3306,13
3-ORANGE,3307,4
3-ORANGE,3308,7
3-ORANGE,3309,5
3-ORANGE,3310,14
3-ORANGE,3311,9
3-ORANGE,3312,8
3-ORANGE,3313,8
3-ORANGE,3314,2
3-ORANGE,3315,6
3-ORANGE,3316,2
3-ORANGE,3317,9
3-ORANGE,3318,6
3-ORANGE,3319,6
3-ORANGE,3320,8
3-ORANGE,3321,10
3-ORANGE,3322,6
3-ORANGE,3323,9
3-ORANGE,3324,7
3-ORANGE,3325,8
3-ORANGE,3326,7
3-ORANGE,3327,7
3-ORANGE,3328,10
3-ORANGE,3329,6
3-ORANGE,3330,8
3-ORANGE,3331,9
3-ORANGE,3332,5
3-ORANGE,3333,6
3-ORANGE,3334,3
3-ORANGE,3335,11
3-ORANGE,3336,7
3-ORANGE,3337,7
3-ORANGE,3338,5
3-ORANGE,3339,11
3-ORANGE,3340,8
3-ORANGE,3341,9
3-ORANGE,3342,5
3-ORANGE,3343,2
3-ORANGE,3344,8
3-ORANGE,3345,5
3-ORANGE,3346,10
3-ORANGE,3347,9
3-ORANGE,3348,10
3-ORANGE,3349,6
3-ORANGE,3350,5
3-ORANGE,3351,7
3-ORANGE,3352,7
3-ORANGE,3353,7
3-ORANGE,3354,10
3-ORANGE,3355,7
3-ORANGE,3356,6
3-ORANGE,3357,7
3-ORANGE,3358,7
3-ORANGE,3359,10
3-ORANGE,3360,6
3-ORANGE,3361,5
3-ORANGE,3362,9
3-ORANGE,3363,3
3-ORANGE,3364,9
3-ORANGE,3365,9
3-ORANGE,3366,8
3-ORANGE,3367,2
3-ORANGE,3368,5
3-ORANGE,3369,9
3-ORANGE,3370,6
3-ORANGE,3371,5
3-ORANGE,3372,9
3-ORANGE,3373,6
3-ORANGE,3374,18
3-ORANGE,3375,6
3-ORANGE,3376,12
3-ORANGE,3377,2
3-ORANGE,3378,6
3-ORANGE,3379,9
3-ORANGE,3380,2
3-ORANGE,3381,2
3-ORANGE,3382,13
3-ORANGE,3383,5
3-ORANGE,3384,3
3-ORANGE,3385,6
3-ORANGE,3386,7
3-ORANGE,3387,7
3-ORANGE,3388,7
3-ORANGE,3389,8
3-ORANGE,3390,2
3-ORANGE,3391,6
3-ORANGE,3392,8
3-ORANGE,3393,7
3-ORANGE,3394,8
3-ORANGE,3395,12
3-ORANGE,3396,4
3-ORANGE,3397,5
3-ORANGE,3398,4
3-ORANGE,3399,5
3-ORANGE,3400,5
3-ORANGE,3401,6
3-ORANGE,3402,4
3-ORANGE,3403,5
3-ORANGE,3404,4
3-ORANGE,3405,11
3-ORANGE,3406,7
3-ORANGE,3407,8
3-ORANGE,3408,5
3-ORANGE,3409,9
3-ORANGE,3410,9
3-ORANGE,3411,12
3-ORANGE,3412,5
3-ORANGE,3414,4
3-ORANGE,3415,8
3-ORANGE,3416,9
3-ORANGE,3417,8
3-ORANGE,3418,2
3-ORANGE,3419,6
3-ORANGE,3420,6
3-ORANGE,3421,9
3-ORANGE,3422,3
3-ORANGE,3423,3
3-ORANGE,3424,2
3-ORANGE,3425,11
3-ORANGE,3426,12
3-ORANGE,3427,7
3-ORANGE,3428,8
3-ORANGE,3429,4
3-ORANGE,3430,3
3-ORANGE,3431,6
3-ORANGE,3432,7
3-ORANGE,3433,5
3-ORANGE,3434,6
3-ORANGE,3435,2
3-ORANGE,3436,6
3-ORANGE,3437,3
3-ORANGE,3438,7
3-ORANGE,3439,10
3-ORANGE,3440,8
3-ORANGE,3441,2
3-ORANGE,3442,5
3-ORANGE,3443,7
3-ORANGE,3444,9
3-ORANGE,3445,5
3-ORANGE,3446,8
3-ORANGE,3447,3
3-ORANGE,3448,5
3-ORANGE,3449,7
3-ORANGE,3450,6
3-ORANGE,3451,7
3-ORANGE,3452,6
3-ORANGE,3453,12
3-ORANGE,3454,4
3-ORANGE,3455,9
3-ORANGE,3456,5
3-ORANGE,3457,8
3-ORANGE,3458,4
3-ORANGE,3459,7
3-ORANGE,3460,6
3-ORANGE,3461,9
3-ORANGE,3462,11
3-ORANGE,3463,5
3-ORANGE,3464,3
3-ORANGE,3465,3
3-ORANGE,3466,2
3-ORANGE,3467,3
3-ORANGE,3468,6
3-ORANGE,3469,6
3-ORANGE,3470,3
3-ORANGE,3471,5
3-ORANGE,3472,3
3-ORANGE,3473,6
3-ORANGE,3474,10
3-ORANGE,3475,6
3-ORANGE,3476,10
3-ORANGE,3477,6
3-ORANGE,3478,9
3-ORANGE,3479,7
3-ORANGE,3480,1
3-ORANGE,3481,2
3-ORANGE,3482,6
3-ORANGE,3483,5
3-ORANGE,3484,9
3-ORANGE,3485,10
3-ORANGE,3486,4
3-ORANGE,3487,5
3-ORANGE,3488,10
3-ORANGE,3489,7
3-ORANGE,3490,6
3-ORANGE,3491,2
3-ORANGE,3492,6
3-ORANGE,3493,5
3-ORANGE,3494,2
3-ORANGE,3495,6
3-ORANGE,3496,3
3-ORANGE,3497,3
3-ORANGE,3498,4
3-ORANGE,3499,5
3-ORANGE,3500,6
3-ORANGE,3501,3
3-ORANGE,3502,8
3-ORANGE,3503,6
3-ORANGE,3504,6
3-ORANGE,3505,6
3-ORANGE,3506,5
3-ORANGE,3507,10
3-ORANGE,3508,9
3-ORANGE,3509,2
3-ORANGE,3510,8
3-ORANGE,3511,7
3-ORANGE,3512,7
3-ORANGE,3513,6
3-ORANGE,3514,7
3-ORANGE,3515,5
3-ORANGE,3516,5
3-ORANGE,3517,6
3-ORANGE,3518,6
3-ORANGE,3519,5
3-ORANGE,3520,6
3-ORANGE,3521,3
3-ORANGE,3522,7
3-ORANGE,3523,5
3-ORANGE,3524,6
3-ORANGE,3525,7
3-ORANGE,3526,9
3-ORANGE,3527,5
3-ORANGE,3528,1
3-ORANGE,3529,3
3-ORANGE,3530,7
3-ORANGE,3531,4
3-ORANGE,3532,3
3-ORANGE,3533,2
3-ORANGE,3534,4
3-ORANGE,3535,7
3-ORANGE,3536,4
3-ORANGE,3537,3
3-ORANGE,3538,11
3-ORANGE,3539,4
3-ORANGE,3540,4
3-ORANGE,3541,11
3-ORANGE,3542,4
3-ORANGE,3543,3
3-ORANGE,3544,8
3-ORANGE,3545,6
3-ORANGE,3546,10
3-ORANGE,3547,4
3-ORANGE,3548,7
3-ORANGE,3549,8
3-ORANGE,3550,4
3-ORANGE,3551,3
3-ORANGE,3552,3
3-ORANGE,3553,3
3-ORANGE,3554,6
3-ORANGE,3555,6
3-ORANGE,3556,3
3-ORANGE,3557,4
3-ORANGE,3558,5
3-ORANGE,3559,4
3-ORANGE,3560,6
3-ORANGE,3561,4
3-ORANGE,3562,4
3-ORANGE,3563,8
3-ORANGE,3564,6
3-ORANGE,3565,9
3-ORANGE,3566,5
3-ORANGE,3567,4
3-ORANGE,3568,2
3-ORANGE,3569,4
3-ORANGE,3570,4
3-ORANGE,3571,5
3-ORANGE,3572,5
3-ORANGE,3573,4
3-ORANGE,3574,6
3-ORANGE,3575,9
3-ORANGE,3576,7
3-ORANGE,3577,3
3-ORANGE,3578,4
3-ORANGE,3579,3
3-ORANGE,3580,5
3-ORANGE,3581,3
3-ORANGE,3582,7
3-ORANGE,3583,3
3-ORANGE,3584,5
3-ORANGE,3585,5
3-ORANGE,3586,2
3-ORANGE,3587,4
3-ORANGE,3588,8
3-ORANGE,3589,5
3-ORANGE,3590,6
3-ORANGE,3591,6
3-ORANGE,3592,5
3-ORANGE,3593,5
3-ORANGE,3594,7
3-ORANGE,3595,2
3-ORANGE,3596,6
3-ORANGE,3597,5
3-ORANGE,3598,5
3-ORANGE,3599,4
3-ORANGE,3600,2
3-ORANGE,3601,1
3-ORANGE,3602,9
3-ORANGE,3603,2
3-ORANGE,3604,3
3-ORANGE,3605,12
3-ORANGE,3606,4
3-ORANGE,3607,4
3-ORANGE,3608,8
3-ORANGE,3609,2
3-ORANGE,3610,3
3-ORANGE,3611,10
3-ORANGE,3612,2
3-ORANGE,3613,5
3-ORANGE,3614,3
3-ORANGE,3615,2
3-ORANGE,3616,5
3-ORANGE,3617,4
3-ORANGE,3618,6
3-ORANGE,3619,2
3-ORANGE,3620,6
3-ORANGE,3621,5
3-ORANGE,3622,5
3-ORANGE,3623,4
3-ORANGE,3624,6
3-ORANGE,3625,3
3-ORANGE,3626,5
3-ORANGE,3627,2
3-ORANGE,3628,2
3-ORANGE,3629,8
3-ORANGE,3630,4
3-ORANGE,3631,7
3-ORANGE,3632,7
3-ORANGE,3633,3
3-ORANGE,3634,2
3-ORANGE,3635,5
3-ORANGE,3636,5
3-ORANGE,3637,5
3-ORANGE,3638,5
3-ORANGE,3639,5
3-ORANGE,3640,5
3-ORANGE,3641,4
3-ORANGE,3642,2
3-ORANGE,3643,7
3-ORANGE,3644,8
3-ORANGE,3645,8
3-ORANGE,3646,7
3-ORANGE,3647,4
3-ORANGE,3648,11
3-ORANGE,3649,6
3-ORANGE,3650,2
3-ORANGE,3651,7
3-ORANGE,3652,8
3-ORANGE,3653,6
3-ORANGE,3654,10
3-ORANGE,3655,6
3-ORANGE,3656,6
3-ORANGE,3657,5
3-ORANGE,3658,3
3-ORANGE,3659,1
3-ORANGE,3660,2
3-ORANGE,3661,4
3-ORANGE,3662,3
3-ORANGE,3663,6
3-ORANGE,3664,8
3-ORANGE,3665,6
3-ORANGE,3666,2
3-ORANGE,3667,7
3-ORANGE,3668,7
3-ORANGE,3669,4
3-ORANGE,3670,4
3-ORANGE,3671,7
3-ORANGE,3672,3
3-ORANGE,3673,6
3-ORANGE,3674,3
3-ORANGE,3675,3
3-ORANGE,3676,12
3-ORANGE,3677,3
3-ORANGE,3678,7
3-ORANGE,3679,3
3-ORANGE,3680,7
3-ORANGE,3681,5
3-ORANGE,3682,4
3-ORANGE,3683,4
3-ORANGE,3684,5
3-ORANGE,3685,6
3-ORANGE,3686,4
3-ORANGE,3687,8
3-ORANGE,3688,6
3-ORANGE,3689,6
3-ORANGE,3690,7
3-ORANGE,3691,3
3-ORANGE,3692,2
3-ORANGE,3693,7
3-ORANGE,3694,4
3-ORANGE,3695,6
3-ORANGE,3696,3
3-ORANGE,3697,11
3-ORANGE,3698,5
3-ORANGE,3699,4
3-ORANGE,3700,1
3-ORANGE,3701,5
3-ORANGE,3702,6
3-ORANGE,3703,2
3-ORANGE,3704,9
3-ORANGE,3705,2
3-ORANGE,3706,2
3-ORANGE,3707,5
3-ORANGE,3708,10
3-ORANGE,3709,6
3-ORANGE,3710,6
3-ORANGE,3711,5
3-ORANGE,3712,6
3-ORANGE,3713,4
3-ORANGE,3714,4
3-ORANGE,3715,3
3-ORANGE,3716,2
3-ORANGE,3717,7
3-ORANGE,3718,1
3-ORANGE,3719,4
3-ORANGE,3720,7
3-ORANGE,3721,4
3-ORANGE,3722,3
3-ORANGE,3723,4
3-ORANGE,3724,7
3-ORANGE,3725,7
3-ORANGE,3726,6
3-ORANGE,3727,4
3-ORANGE,3728,5
3-ORANGE,3729,4
3-ORANGE,3730,6
3-ORANGE,3731,1
3-ORANGE,3732,5
3-ORANGE,3733,6
3-ORANGE,3734,5
3-ORANGE,3735,5
3-ORANGE,3736,5
3-ORANGE,3737,16
3-ORANGE,3738,1
3-ORANGE,3739,4
3-ORANGE,3740,2
3-ORANGE,3741,3
3-ORANGE,3742,5
3-ORANGE,3743,3
3-ORANGE,3744,5
3-ORANGE,3745,4
3-ORANGE,3746,6
3-ORANGE,3747,4
3-ORANGE,3748,5
3-ORANGE,3749,8
3-ORANGE,3750,4
3-ORANGE,3751,4
3-ORANGE,3752,7
3-ORANGE,3753,6
3-ORANGE,3754,6
3-ORANGE,3755,3
3-ORANGE,3756,7
3-ORANGE,3757,5
3-ORANGE,3758,3
3-ORANGE,3759,3
3-ORANGE,3760,11
3-ORANGE,3761,4
3-ORANGE,3762,5
3-ORANGE,3763,6
3-ORANGE,3764,8
3-ORANGE,3765,3
3-ORANGE,3766,4
3-ORANGE,3767,2
3-ORANGE,3768,4
3-ORANGE,3769,5
3-ORANGE,3770,2
3-ORANGE,3771,2
3-ORANGE,3772,5
3-ORANGE,3773,3
3-ORANGE,3774,3
3-ORANGE,3775,4
3-ORANGE,3776,4
3-ORANGE,3778,4
3-ORANGE,3779,4
3-ORANGE,3780,9
3-ORANGE,3781,4
3-ORANGE,3782,8
3-ORANGE,3783,6
3-ORANGE,3784,6
3-ORANGE,3785,3
3-ORANGE,3786,6
3-ORANGE,3787,8
3-ORANGE,3788,7
3-ORANGE,3789,5
3-ORANGE,3790,2
3-ORANGE,3791,3
3-ORANGE,3792,2
3-ORANGE,3794,5
3-ORANGE,3795,9
3-ORANGE,3796,4
3-ORANGE,3797,4
3-ORANGE,3798,6
3-ORANGE,3799,6
3-ORANGE,3800,7
3-ORANGE,3801,2
3-ORANGE,3802,6
3-ORANGE,3803,2
3-ORANGE,3804,3
3-ORANGE,3805,3
3-ORANGE,3806,6
3-ORANGE,3807,8
3-ORANGE,3808,4
3-ORANGE,3809,3
3-ORANGE,3810,4
3-ORANGE,3811,7
3-ORANGE,3812,3
3-ORANGE,3813,5
3-ORANGE,3814,2
3-ORANGE,3815,7
3-ORANGE,3816,1
3-ORANGE,3817,5
3-ORANGE,3818,3
3-ORANGE,3819,7
3-ORANGE,3820,1
3-ORANGE,3821,3
3-ORANGE,3822,5
3-ORANGE,3823,8
3-ORANGE,3824,3
3-ORANGE,3825,4
3-ORANGE,3826,6
3-ORANGE,3827,7
3-ORANGE,3828,3
3-ORANGE,3829,3
3-ORANGE,3830,2
3-ORANGE,3831,3
3-ORANGE,3832,3
3-ORANGE,3833,2
3-ORANGE,3834,4
3-ORANGE,3835,4
3-ORANGE,3836,4
3-ORANGE,3837,4
3-ORANGE,3838,7
3-ORANGE,3839,1
3-ORANGE,3840,4
3-ORANGE,3841,6
3-ORANGE,3842,6
3-ORANGE,3843,3
3-ORANGE,3844,6
3-ORANGE,3845,5
3-ORANGE,3846,3
3-ORANGE,3847,9
3-ORANGE,3848,2
3-ORANGE,3849,5
3-ORANGE,3850,4
3-ORANGE,3851,3
3-ORANGE,3852,4
3-ORANGE,3853,6
3-ORANGE,3854,8
3-ORANGE,3855,2
3-ORANGE,3856,1
3-ORANGE,3857,4
3-ORANGE,3858,1
3-ORANGE,3859,5
3-ORANGE,3860,6
3-ORANGE,3861,6
3-ORANGE,3862,7
3-ORANGE,3863,4
3-ORANGE,3864,2
3-ORANGE,3865,8
3-ORANGE,3866,4
3-ORANGE,3867,4
3-ORANGE,3868,6
3-ORANGE,3869,2
3-ORANGE,3870,9
3-ORANGE,3871,6
3-ORANGE,3872,2
3-ORANGE,3873,7
3-ORANGE,3874,1
3-ORANGE,3875,4
3-ORANGE,3876,5
3-ORANGE,3877,4
3-ORANGE,3878,4
3-ORANGE,3879,7
3-ORANGE,3880,2
3-ORANGE,3881,1
3-ORANGE,3882,2
3-ORANGE,3883,7
3-ORANGE,3884,3
3-ORANGE,3885,2
3-ORANGE,3886,3
3-ORANGE,3887,6
3-ORANGE,3888,4
3-ORANGE,3889,6
3-ORANGE,3890,6
3-ORANGE,3891,1
3-ORANGE,3892,4
3-ORANGE,3893,3
3-ORANGE,3894,1
3-ORANGE,3895,5
3-ORANGE,3896,2
3-ORANGE,3897,5
3-ORANGE,3898,2
3-ORANGE,3899,1
3-ORANGE,3900,6
3-ORANGE,3901,7
3-ORANGE,3902,8
3-ORANGE,3903,3
3-ORANGE,3904,7
3-ORANGE,3905,8
3-ORANGE,3906,3
3-ORANGE,3907,2
3-ORANGE,3908,5
3-ORANGE,3909,9
3-ORANGE,3910,1
3-ORANGE,3911,4
3-ORANGE,3912,5
3-ORANGE,3913,3
3-ORANGE,3914,3
3-ORANGE,3915,4
3-ORANGE,3916,6
3-ORANGE,3917,6
3-ORANGE,3918,8
3-ORANGE,3919,9
3-ORANGE,3920,1
3-ORANGE,3921,6
3-ORANGE,3922,1
3-ORANGE,3923,4
3-ORANGE,3924,7
3-ORANGE,3925,5
3-ORANGE,3926,6
3-ORANGE,3927,6
3-ORANGE,3928,1
3-ORANGE,3929,4
3-ORANGE,3930,3
3-ORANGE,3931,5
3-ORANGE,3932,2
3-ORANGE,3933,4
3-ORANGE,3934,6
3-ORANGE,3935,2
3-ORANGE,3936,6
3-ORANGE,3937,3
3-ORANGE,3938,5
3-ORANGE,3939,8
3-ORANGE,3940,2
3-ORANGE,3941,5
3-ORANGE,3942,8
3-ORANGE,3943,6
3-ORANGE,3944,5
3-ORANGE,3945,6
3-ORANGE,3946,3
3-ORANGE,3947,3
3-ORANGE,3948,2
3-ORANGE,3949,2
3-ORANGE,3950,4
3-ORANGE,3951,6
3-ORANGE,3952,3
3-ORANGE,3953,4
3-ORANGE,3954,3
3-ORANGE,3955,4
3-ORANGE,3956,6
3-ORANGE,3958,3
3-ORANGE,3959,4
3-ORANGE,3960,5
3-ORANGE,3961,5
3-ORANGE,3962,8
3-ORANGE,3963,8
3-ORANGE,3964,7
3-ORANGE,3965,2
3-ORANGE,3966,4
3-ORANGE,3967,4
3-ORANGE,3968,3
3-ORANGE,3969,2
3-ORANGE,3970,6
3-ORANGE,3971,3
3-ORANGE,3972,5
3-ORANGE,3973,8
3-ORANGE,3974,4
3-ORANGE,3975,1
3-ORANGE,3976,3
3-ORANGE,3977,4
3-ORANGE,3978,3
3-ORANGE,3979,7
3-ORANGE,3980,6
3-ORANGE,3982,3
3-ORANGE,3983,4
3-ORANGE,3984,5
3-ORANGE,3985,2
3-ORANGE,3986,5
3-ORANGE,3988,2
3-ORANGE,3989,2
3-ORANGE,3990,5
3-ORANGE,3991,2
3-ORANGE,3992,3
3-ORANGE,3993,4
3-ORANGE,3994,4
3-ORANGE,3995,2
3-ORANGE,3996,1
3-ORANGE,3997,4
3-ORANGE,3998,1
3-ORANGE,3999,2
3-ORANGE,4000,3
3-ORANGE,4001,7
3-ORANGE,4002,2
3-ORANGE,4003,4
3-ORANGE,4004,3
3-ORANGE,4006,9
3-ORANGE,4007,3
3-ORANGE,4008,2
3-ORANGE,4009,3
3-ORANGE,4010,5
3-ORANGE,4011,1
3-ORANGE,4012,2
3-ORANGE,4013,2
3-ORANGE,4014,1
3-ORANGE,4015,2
3-ORANGE,4016,4
3-ORANGE,4017,2
3-ORANGE,4018,5
3-ORANGE,4019,3
3-ORANGE,4020,4
3-ORANGE,4021,2
3-ORANGE,4022,3
3-ORANGE,4023,1
3-ORANGE,4024,2
3-ORANGE,4025,4
3-ORANGE,4026,6
3-ORANGE,4027,1
3-ORANGE,4028,4
3-ORANGE,4029,2
3-ORANGE,4030,4
3-ORANGE,4031,7
3-ORANGE,4032,7
3-ORANGE,4033,2
3-ORANGE,4034,6
3-ORANGE,4035,7
3-ORANGE,4036,4
3-ORANGE,4037,2
3-ORANGE,4038,5
3-ORANGE,4039,4
3-ORANGE,4041,2
3-ORANGE,4042,4
3-ORANGE,4043,4
3-ORANGE,4044,3
3-ORANGE,4045,3
3-ORANGE,4046,4
3-ORANGE,4047,3
3-ORANGE,4048,6
3-ORANGE,4049,4
3-ORANGE,4050,3
3-ORANGE,4051,3
3-ORANGE,4052,6
3-ORANGE,4053,4
3-ORANGE,4054,3
3-ORANGE,4055,3
3-ORANGE,4056,3
3-ORANGE,4057,6
3-ORANGE,4058,4
3-ORANGE,4059,2
3-ORANGE,4060,2
3-ORANGE,4061,4
3-ORANGE,4062,4
3-ORANGE,4063,2
3-ORANGE,4064,2
3-ORANGE,4065,4
3-ORANGE,4066,5
3-ORANGE,4067,3
3-ORANGE,4068,5
3-ORANGE,4069,2
3-ORANGE,4070,5
3-ORANGE,4071,4
3-ORANGE,4072,1
3-ORANGE,4073,3
3-ORANGE,4074,3
3-ORANGE,4075,2
3-ORANGE,4076,4
3-ORANGE,4077,1
3-ORANGE,4078,1
3-ORANGE,4079,3
3-ORANGE,4080,4
3-ORANGE,4081,3
3-ORANGE,4082,3
3-ORANGE,4083,4
3-ORANGE,4084,2
3-ORANGE,4086,3
3-ORANGE,4087,6
3-ORANGE,4088,3
3-ORANGE,4089,5
3-ORANGE,4090,7
3-ORANGE,4091,4
3-ORANGE,4092,4
3-ORANGE,4093,2
3-ORANGE,4094,3
3-ORANGE,4095,3
3-ORANGE,4097,4
3-ORANGE,4098,3
3-ORANGE,4099,1
3-ORANGE,4100,5
3-ORANGE,4101,5
3-ORANGE,4102,7
3-ORANGE,4103,2
3-ORANGE,4105,3
3-ORANGE,4106,7
3-ORANGE,4107,2
3-ORANGE,4108,4
3-ORANGE,4109,1
3-ORANGE,4110,4
3-ORANGE,4111,5
3-ORANGE,4112,2
3-ORANGE,4113,3
3-ORANGE,4114,2
3-ORANGE,4115,3
3-ORANGE,4116,3
3-ORANGE,4117,2
3-ORANGE,4118,5
3-ORANGE,4119,3
3-ORANGE,4120,2
3-ORANGE,4121,5
3-ORANGE,4122,3
3-ORANGE,4123,3
3-ORANGE,4124,2
3-ORANGE,4125,2
3-ORANGE,4126,3
3-ORANGE,4127,6
3-ORANGE,4128,1
3-ORANGE,4129,3
3-ORANGE,4130,2
3-ORANGE,4131,2
3-ORANGE,4132,3
3-ORANGE,4133,1
3-ORANGE,4134,2
3-ORANGE,4135,3
3-ORANGE,4136,2
3-ORANGE,4137,6
3-ORANGE,4138,2
3-ORANGE,4139,3
3-ORANGE,4140,2
3-ORANGE,4141,2
3-ORANGE,4142,3
3-ORANGE,4143,1
3-ORANGE,4144,4
3-ORANGE,4145,2
3-ORANGE,4146,4
3-ORANGE,4147,3
3-ORANGE,4148,4
3-ORANGE,4149,3
3-ORANGE,4150,2
3-ORANGE,4151,6
3-ORANGE,4152,3
3-ORANGE,4153,6
3-ORANGE,4154,1
3-ORANGE,4155,2
3-ORANGE,4156,2
3-ORANGE,4157,3
3-ORANGE,4158,1
3-ORANGE,4159,4
3-ORANGE,4160,4
3-ORANGE,4161,2
3-ORANGE,4162,8
3-ORANGE,4163,4
3-ORANGE,4164,4
3-ORANGE,4165,2
3-ORANGE,4166,2
3-ORANGE,4167,3
3-ORANGE,4168,3
3-ORANGE,4169,3
3-ORANGE,4170,1
3-ORANGE,4171,1
3-ORANGE,4172,4
3-ORANGE,4173,3
3-ORANGE,4174,2
3-ORANGE,4175,1
3-ORANGE,4176,3
3-ORANGE,4177,5
3-ORANGE,4178,2
3-ORANGE,4179,2
3-ORANGE,4180,1
3-ORANGE,4181,2
3-ORANGE,4182,4
3-ORANGE,4183,1
3-ORANGE,4184,4
3-ORANGE,4185,3
3-ORANGE,4186,3
3-ORANGE,4187,3
3-ORANGE,4188,2
3-ORANGE,4189,7
3-ORANGE,4190,3
3-ORANGE,4191,3
3-ORANGE,4192,3
3-ORANGE,4194,5
3-ORANGE,4195,3
3-ORANGE,4196,6
3-ORANGE,4197,4
3-ORANGE,4198,3
3-ORANGE,4199,4
3-ORANGE,4200,5
3-ORANGE,4201,5
3-ORANGE,4202,3
3-ORANGE,4203,4
3-ORANGE,4204,3
3-ORANGE,4205,2
3-ORANGE,4206,2
3-ORANGE,4207,3
3-ORANGE,4208,5
3-ORANGE,4209,1
3-ORANGE,4210,3
3-ORANGE,4211,1
3-ORANGE,4212,3
3-ORANGE,4213,2
3-ORANGE,4214,5
3-ORANGE,4215,3
3-ORANGE,4216,7
3-ORANGE,4217,3
3-ORANGE,4218,2
3-ORANGE,4219,3
3-ORANGE,4220,6
3-ORANGE,4221,2
3-ORANGE,4223,1
3-ORANGE,4225,3
3-ORANGE,4226,3
3-ORANGE,4228,1
3-ORANGE,4229,3
3-ORANGE,4230,4
3-ORANGE,4231,6
3-ORANGE,4232,4
3-ORANGE,4233,5
3-ORANGE,4234,4
3-ORANGE,4235,6
3-ORANGE,4236,6
3-ORANGE,4237,4
3-ORANGE,4239,3
3-ORANGE,4240,4
3-ORANGE,4241,4
3-ORANGE,4242,1
3-ORANGE,4243,1
3-ORANGE,4245,5
3-ORANGE,4246,3
3-ORANGE,4247,2
3-ORANGE,4248,4
3-ORANGE,4249,3
3-ORANGE,4250,5
3-ORANGE,4251,3
3-ORANGE,4252,1
3-ORANGE,4254,3
3-ORANGE,4255,3
3-ORANGE,4256,2
3-ORANGE,4257,3
3-ORANGE,4258,2
3-ORANGE,4259,7
3-ORANGE,4260,5
3-ORANGE,4261,2
3-ORANGE,4262,1
3-ORANGE,4263,3
3-ORANGE,4264,1
3-ORANGE,4265,3
3-ORANGE,4266,10
3-ORANGE,4267,3
3-ORANGE,4268,2
3-ORANGE,4269,6
3-ORANGE,4270,7
3-ORANGE,4271,3
3-ORANGE,4272,3
3-ORANGE,4273,6
3-ORANGE,4275,4
3-ORANGE,4276,7
3-ORANGE,4277,4
3-ORANGE,4278,3
3-ORANGE,4279,2
3-ORANGE,4280,2
3-ORANGE,4281,2
3-ORANGE,4282,2
3-ORANGE,4283,4
3-ORANGE,4284,4
3-ORANGE,4285,2
3-ORANGE,4286,2
3-ORANGE,4287,3
3-ORANGE,4288,6
3-ORANGE,4289,5
3-ORANGE,4290,1
3-ORANGE,4291,1
3-ORANGE,4292,2
3-ORANGE,4293,3
3-ORANGE,4294,4
3-ORANGE,4295,5
3-ORANGE,4296,1
3-ORANGE,4297,5
3-ORANGE,4298,5
3-ORANGE,4299,5
3-ORANGE,4300,4
3-ORANGE,4301,6
3-ORANGE,4302,4
3-ORANGE,4303,3
3-ORANGE,4304,4
3-ORANGE,4305,1
3-ORANGE,4306,4
3-ORANGE,4307,5
3-ORANGE,4308,5
3-ORANGE,4309,4
3-ORANGE,4310,4
3-ORANGE,4311,3
3-ORANGE,4312,5
3-ORANGE,4313,5
3-ORANGE,4314,2
3-ORANGE,4315,3
3-ORANGE,4316,6
3-ORANGE,4317,2
3-ORANGE,4318,1
3-ORANGE,4319,1
3-ORANGE,4320,1
3-ORANGE,4321,2
3-ORANGE,4322,1
3-ORANGE,4323,1
3-ORANGE,4324,5
3-ORANGE,4325,2
3-ORANGE,4326,5
3-ORANGE,4327,2
3-ORANGE,4328,2
3-ORANGE,4329,5
3-ORANGE,4330,4
3-ORANGE,4331,5
3-ORANGE,4332,5
3-ORANGE,4333,5
3-ORANGE,4334,5
3-ORANGE,4335,3
3-ORANGE,4336,2
3-ORANGE,4337,2
3-ORANGE,4338,5
3-ORANGE,4339,3
3-ORANGE,4340,5
3-ORANGE,4341,4
3-ORANGE,4342,3
3-ORANGE,4343,4
3-ORANGE,4344,2
3-ORANGE,4345,3
3-ORANGE,4346,4
3-ORANGE,4347,3
3-ORANGE,4348,4
3-ORANGE,4349,4
3-ORANGE,4350,5
3-ORANGE,4351,3
3-ORANGE,4352,2
3-ORANGE,4353,2
3-ORANGE,4354,4
3-ORANGE,4355,1
3-ORANGE,4356,1
3-ORANGE,4357,4
3-ORANGE,4359,1
3-ORANGE,4360,2
3-ORANGE,4361,2
3-ORANGE,4362,5
3-ORANGE,4363,3
3-ORANGE,4364,4
3-ORANGE,4365,3
3-ORANGE,4366,2
3-ORANGE,4367,2
3-ORANGE,4368,4
3-ORANGE,4369,5
3-ORANGE,4370,3
3-ORANGE,4371,2
3-ORANGE,4372,1
3-ORANGE,4373,3
3-ORANGE,4374,3
3-ORANGE,4375,5
3-ORANGE,4376,5
3-ORANGE,4377,2
3-ORANGE,4378,2
3-ORANGE,4379,2
3-ORANGE,4380,1
3-ORANGE,4381,3
3-ORANGE,4383,1
3-ORANGE,4384,3
3-ORANGE,4387,1
3-ORANGE,4388,4
3-ORANGE,4389,2
3-ORANGE,4390,6
3-ORANGE,4391,3
3-ORANGE,4392,1
3-ORANGE,4393,4
3-ORANGE,4394,2
3-ORANGE,4395,5
3-ORANGE,4396,4
3-ORANGE,4397,6
3-ORANGE,4398,1
3-ORANGE,4399,3
3-ORANGE,4400,2
3-ORANGE,4401,5
3-ORANGE,4402,3
3-ORANGE,4403,3
3-ORANGE,4404,4
3-ORANGE,4405,1
3-ORANGE,4406,4
3-ORANGE,4407,1
3-ORANGE,4408,2
3-ORANGE,4409,2
3-ORANGE,4410,2
3-ORANGE,4411,6
3-ORANGE,4412,2
3-ORANGE,4413,6
3-ORANGE,4414,4
3-ORANGE,4416,4
3-ORANGE,4417,4
3-ORANGE,4418,2
3-ORANGE,4419,2
3-ORANGE,4420,3
3-ORANGE,4421,1
3-ORANGE,4422,2
3-ORANGE,4423,1
3-ORANGE,4425,4
3-ORANGE,4426,1
3-ORANGE,4427,1
3-ORANGE,4428,2
3-ORANGE,4430,2
3-ORANGE,4431,6
3-ORANGE,4432,2
3-ORANGE,4433,6
3-ORANGE,4436,5
3-ORANGE,4437,1
3-ORANGE,4438,4
3-ORANGE,4439,2
3-ORANGE,4440,2
3-ORANGE,4441,5
3-ORANGE,4442,5
3-ORANGE,4443,1
3-ORANGE,4444,1
3-ORANGE,4445,2
3-ORANGE,4446,4
3-ORANGE,4448,5
3-ORANGE,4449,4
3-ORANGE,4450,2
3-ORANGE,4451,2
3-ORANGE,4453,2
3-ORANGE,4454,5
3-ORANGE,4455,3
3-ORANGE,4456,1
3-ORANGE,4457,2
3-ORANGE,4458,4
3-ORANGE,4459,1
3-ORANGE,4460,3
3-ORANGE,4461,3
3-ORANGE,4462,1
3-ORANGE,4463,1
3-ORANGE,4464,3
3-ORANGE,4465,2
3-ORANGE,4466,1
3-ORANGE,4467,2
3-ORANGE,4468,5
3-ORANGE,4469,5
3-ORANGE,4471,1
3-ORANGE,4472,3
3-ORANGE,4473,4
3-ORANGE,4474,2
3-ORANGE,4475,2
3-ORANGE,4476,5
3-ORANGE,4477,1
3-ORANGE,4478,2
3-ORANGE,4479,2
3-ORANGE,4482,1
3-ORANGE,4483,3
3-ORANGE,4484,2
3-ORANGE,4485,1
3-ORANGE,4486,3
3-ORANGE,4488,3
3-ORANGE,4489,3
3-ORANGE,4490,2
3-ORANGE,4491,4
3-ORANGE,4493,2
3-ORANGE,4494,2
3-ORANGE,4495,2
3-ORANGE,4496,4
3-ORANGE,4497,4
3-ORANGE,4499,6
3-ORANGE,4500,3
3-ORANGE,4501,5
3-ORANGE,4502,4
3-ORANGE,4503,1
3-ORANGE,4504,3
3-ORANGE,4505,3
3-ORANGE,4506,2
3-ORANGE,4507,2
3-ORANGE,4508,4
3-ORANGE,4509,3
3-ORANGE,4510,2
3-ORANGE,4511,2
3-ORANGE,4512,2
3-ORANGE,4513,2
3-ORANGE,4514,3
3-ORANGE,4515,5
3-ORANGE,4516,2
3-ORANGE,4518,4
3-ORANGE,4519,2
3-ORANGE,4520,2
3-ORANGE,4521,4
3-ORANGE,4522,3
3-ORANGE,4523,2
3-ORANGE,4524,2
3-ORANGE,4525,2
3-ORANGE,4526,1
3-ORANGE,4527,4
3-ORANGE,4528,1
3-ORANGE,4529,2
3-ORANGE,4530,2
3-ORANGE,4532,2
3-ORANGE,4533,4
3-ORANGE,4534,1
3-ORANGE,4535,1
3-ORANGE,4536,1
3-ORANGE,4537,4
3-ORANGE,4539,4
3-ORANGE,4540,3
3-ORANGE,4541,2
3-ORANGE,4542,2
3-ORANGE,4543,1
3-ORANGE,4544,2
3-ORANGE,4545,3
3-ORANGE,4546,1
3-ORANGE,4547,4
3-ORANGE,4548,1
3-ORANGE,4549,2
3-ORANGE,4550,2
3-ORANGE,4551,2
3-ORANGE,4552,1
3-ORANGE,4553,3
3-ORANGE,4554,4
3-ORANGE,4555,2
3-ORANGE,4556,3
3-ORANGE,4557,3
3-ORANGE,4558,1
3-ORANGE,4560,3
3-ORANGE,4561,2
3-ORANGE,4562,3
3-ORANGE,4563,1
3-ORANGE,4564,3
3-ORANGE,4565,4
3-ORANGE,4566,1
3-ORANGE,4567,3
3-ORANGE,4568,4
3-ORANGE,4569,3
3-ORANGE,4570,1
3-ORANGE,4571,4
3-ORANGE,4572,3
3-ORANGE,4573,5
3-ORANGE,4574,1
3-ORANGE,4575,3
3-ORANGE,4576,1
3-ORANGE,4577,2
3-ORANGE,4578,2
3-ORANGE,4579,1
3-ORANGE,4580,4
3-ORANGE,4581,2
3-ORANGE,4582,2
3-ORANGE,4583,1
3-ORANGE,4584,3
3-ORANGE,4585,2
3-ORANGE,4586,2
3-ORANGE,4587,2
3-ORANGE,4588,3
3-ORANGE,4589,4
3-ORANGE,4590,2
3-ORANGE,4591,2
3-ORANGE,4592,3
3-ORANGE,4593,1
3-ORANGE,4595,6
3-ORANGE,4596,2
3-ORANGE,4597,3
3-ORANGE,4598,2
3-ORANGE,4599,5
3-ORANGE,4600,2
3-ORANGE,4601,2
3-ORANGE,4602,2
3-ORANGE,4604,4
3-ORANGE,4607,1
3-ORANGE,4608,3
3-ORANGE,4609,1
3-ORANGE,4610,3
3-ORANGE,4611,2
3-ORANGE,4613,3
3-ORANGE,4614,3
3-ORANGE,4615,1
3-ORANGE,4616,2
3-ORANGE,4617,1
3-ORANGE,4618,6
3-ORANGE,4620,2
3-ORANGE,4621,3
3-ORANGE,4622,3
3-ORANGE,4623,2
3-ORANGE,4624,2
3-ORANGE,4625,3
3-ORANGE,4626,2
3-ORANGE,4627,3
3-ORANGE,4628,1
3-ORANGE,4630,3
3-ORANGE,4631,3
3-ORANGE,4632,2
3-ORANGE,4634,1
3-ORANGE,4635,1
3-ORANGE,4636,2
3-ORANGE,4637,2
3-ORANGE,4638,3
3-ORANGE,4639,3
3-ORANGE,4640,1
3-ORANGE,4641,5
3-ORANGE,4642,3
3-ORANGE,4643,4
3-ORANGE,4645,5
3-ORANGE,4646,3
3-ORANGE,4647,3
3-ORANGE,4648,5
3-ORANGE,4649,2
3-ORANGE,4650,1
3-ORANGE,4651,2
3-ORANGE,4652,6
3-ORANGE,4653,2
3-ORANGE,4654,3
3-ORANGE,4655,3
3-ORANGE,4656,1
3-ORANGE,4657,1
3-ORANGE,4658,2
3-ORANGE,4659,4
3-ORANGE,4660,3
3-ORANGE,4662,4
3-ORANGE,4663,3
3-ORANGE,4664,3
3-ORANGE,4665,4
3-ORANGE,4666,1
3-ORANGE,4667,2
3-ORANGE,4668,4
3-ORANGE,4669,1
3-ORANGE,4670,1
3-ORANGE,4671,1
3-ORANGE,4672,2
3-ORANGE,4673,2
3-ORANGE,4674,2
3-ORANGE,4676,3
3-ORANGE,4677,3
3-ORANGE,4678,2
3-ORANGE,4679,4
3-ORANGE,4680,1
3-ORANGE,4681,2
3-ORANGE,4682,3
3-ORANGE,4683,2
3-ORANGE,4684,1
3-ORANGE,4685,3
3-ORANGE,4686,4
3-ORANGE,4688,4
3-ORANGE,4689,3
3-ORANGE,4690,3
3-ORANGE,4691,1
3-ORANGE,4692,1
3-ORANGE,4693,3
3-ORANGE,4694,7
3-ORANGE,4695,1
3-ORANGE,4696,4
3-ORANGE,4697,4
3-ORANGE,4698,1
3-ORANGE,4699,1
3-ORANGE,4700,1
3-ORANGE,4701,2
3-ORANGE,4702,3
3-ORANGE,4703,4
3-ORANGE,4704,2
3-ORANGE,4705,2
3-ORANGE,4706,1
3-ORANGE,4707,4
3-ORANGE,4709,3
3-ORANGE,4710,3
3-ORANGE,4711,3
3-ORANGE,4712,4
3-ORANGE,4713,3
3-ORANGE,4714,3
3-ORANGE,4715,3
3-ORANGE,4716,5
3-ORANGE,4717,1
3-ORANGE,4718,5
3-ORANGE,4719,1
3-ORANGE,4720,1
3-ORANGE,4721,2
3-ORANGE,4722,2
3-ORANGE,4724,1
3-ORANGE,4725,3
3-ORANGE,4726,3
3-ORANGE,4727,4
3-ORANGE,4728,2
3-ORANGE,4729,1
3-ORANGE,4730,3
3-ORANGE,4731,1
3-ORANGE,4732,1
3-ORANGE,4733,2
3-ORANGE,4735,4
3-ORANGE,4736,3
3-ORANGE,4737,3
3-ORANGE,4738,3
3-ORANGE,4739,1
3-ORANGE,4740,1
3-ORANGE,4741,1
3-ORANGE,4743,6
3-ORANGE,4744,1
3-ORANGE,4745,3
3-ORANGE,4746,4
3-ORANGE,4747,3
3-ORANGE,4748,1
3-ORANGE,4749,5
3-ORANGE,4750,1
3-ORANGE,4751,1
3-ORANGE,4752,4
3-ORANGE,4753,1
3-ORANGE,4754,2
3-ORANGE,4755,2
3-ORANGE,4756,4
3-ORANGE,4757,3
3-ORANGE,4758,1
3-ORANGE,4759,3
3-ORANGE,4761,3
3-ORANGE,4763,2
3-ORANGE,4764,2
3-ORANGE,4765,2
3-ORANGE,4766,3
3-ORANGE,4767,3
3-ORANGE,4768,1
3-ORANGE,4769,1
3-ORANGE,4770,4
3-ORANGE,4771,1
3-ORANGE,4772,1
3-ORANGE,4773,3
3-ORANGE,4774,1
3-ORANGE,4775,1
3-ORANGE,4776,3
3-ORANGE,4777,3
3-ORANGE,4778,1
3-ORANGE,4779,2
3-ORANGE,4780,1
3-ORANGE,4781,2
3-ORANGE,4782,1
3-ORANGE,4783,4
3-ORANGE,4784,5
3-ORANGE,4785,1
3-ORANGE,4786,4
3-ORANGE,4787,1
3-ORANGE,4788,1
3-ORANGE,4789,2
3-ORANGE,4790,7
3-ORANGE,4791,1
3-ORANGE,4792,1
3-ORANGE,4793,1
3-ORANGE,4794,2
3-ORANGE,4795,2
3-ORANGE,4796,2
3-ORANGE,4797,1
3-ORANGE,4798,7
3-ORANGE,4799,3
3-ORANGE,4800,1
3-ORANGE,4801,1
3-ORANGE,4802,2
3-ORANGE,4804,3
3-ORANGE,4805,1
3-ORANGE,4806,3
3-ORANGE,4807,3
3-ORANGE,4808,1
3-ORANGE,4809,3
3-ORANGE,4810,2
3-ORANGE,4811,1
3-ORANGE,4812,3
3-ORANGE,4813,1
3-ORANGE,4815,2
3-ORANGE,4816,2
3-ORANGE,4817,2
3-ORANGE,4819,2
3-ORANGE,4820,3
3-ORANGE,4821,3
3-ORANGE,4822,2
3-ORANGE,4824,2
3-ORANGE,4825,1
3-ORANGE,4826,1
3-ORANGE,4827,3
3-ORANGE,4828,1
3-ORANGE,4829,1
3-ORANGE,4830,1
3-ORANGE,4831,1
3-ORANGE,4832,1
3-ORANGE,4833,1
3-ORANGE,4834,2
3-ORANGE,4835,3
3-ORANGE,4836,1
3-ORANGE,4837,2
3-ORANGE,4838,2
3-ORANGE,4839,4
3-ORANGE,4840,1
3-ORANGE,4841,1
3-ORANGE,4842,5
3-ORANGE,4843,4
3-ORANGE,4844,2
3-ORANGE,4845,6
3-ORANGE,4847,1
3-ORANGE,4848,4
3-ORANGE,4849,2
3-ORANGE,4850,2
3-ORANGE,4851,3
3-ORANGE,4852,3
3-ORANGE,4853,3
3-ORANGE,4854,1
3-ORANGE,4855,2
3-ORANGE,4856,3
3-ORANGE,4857,2
3-ORANGE,4858,1
3-ORANGE,4860,2
3-ORANGE,4862,2
3-ORANGE,4863,1
3-ORANGE,4864,1
3-ORANGE,4865,1
3-ORANGE,4866,2
3-ORANGE,4867,3
3-ORANGE,4868,1
3-ORANGE,4869,3
3-ORANGE,4871,4
3-ORANGE,4873,1
3-ORANGE,4874,1
3-ORANGE,4875,2
3-ORANGE,4876,3
3-ORANGE,4877,1
3-ORANGE,4879,2
3-ORANGE,4880,1
3-ORANGE,4881,3
3-ORANGE,4882,4
3-ORANGE,4883,3
3-ORANGE,4884,1
3-ORANGE,4885,4
3-ORANGE,4886,3
3-ORANGE,4887,2
3-ORANGE,4888,1
3-ORANGE,4889,2
3-ORANGE,4890,2
3-ORANGE,4891,2
3-ORANGE,4892,1
3-ORANGE,4893,1
3-ORANGE,4894,3
3-ORANGE,4895,4
3-ORANGE,4896,3
3-ORANGE,4898,1
3-ORANGE,4899,3
3-ORANGE,4900,1
3-ORANGE,4901,2
3-ORANGE,4902,3
3-ORANGE,4904,3
3-ORANGE,4905,1
3-ORANGE,4906,3
3-ORANGE,4907,3
3-ORANGE,4908,5
3-ORANGE,4909,3
3-ORANGE,4910,2
3-ORANGE,4911,1
3-ORANGE,4912,3
3-ORANGE,4913,1
3-ORANGE,4914,3
3-ORANGE,4915,3
3-ORANGE,4916,2
3-ORANGE,4917,1
3-ORANGE,4918,4
3-ORANGE,4919,4
3-ORANGE,4920,3
3-ORANGE,4921,1
3-ORANGE,4922,3
3-ORANGE,4923,3
3-ORANGE,4926,2
3-ORANGE,4927,1
3-ORANGE,4928,2
3-ORANGE,4932,3
3-ORANGE,4933,2
3-ORANGE,4934,1
3-ORANGE,4935,1
3-ORANGE,4936,3
3-ORANGE,4937,2
3-ORANGE,4938,1
3-ORANGE,4939,1
3-ORANGE,4940,1
3-ORANGE,4941,2
3-ORANGE,4942,2
3-ORANGE,4943,3
3-ORANGE,4944,4
3-ORANGE,4945,3
3-ORANGE,4946,7
3-ORANGE,4947,1
3-ORANGE,4948,3
3-ORANGE,4949,5
3-ORANGE,4951,2
3-ORANGE,4952,2
3-ORANGE,4953,1
3-ORANGE,4954,3
3-ORANGE,4955,1
3-ORANGE,4956,2
3-ORANGE,4957,2
3-ORANGE,4958,3
3-ORANGE,4959,2
3-ORANGE,4960,2
3-ORANGE,4961,2
3-ORANGE,4963,1
3-ORANGE,4964,2
3-ORANGE,4965,1
3-ORANGE,4966,2
3-ORANGE,4967,4
3-ORANGE,4968,3
3-ORANGE,4970,1
3-ORANGE,4971,3
3-ORANGE,4972,3
3-ORANGE,4973,1
3-ORANGE,4974,1
3-ORANGE,4975,1
3-ORANGE,4976,3
3-ORANGE,4977,1
3-ORANGE,4978,1
3-ORANGE,4979,3
3-ORANGE,4980,1
3-ORANGE,4981,3
3-ORANGE,4982,1
3-ORANGE,4983,1
3-ORANGE,4986,2
3-ORANGE,4987,1
3-ORANGE,4988,2
3-ORANGE,4989,1
3-ORANGE,4990,1
3-ORANGE,4991,2
3-ORANGE,4992,2
3-ORANGE,4993,3
3-ORANGE,4994,2
3-ORANGE,4995,3
3-ORANGE,4996,3
3-ORANGE,4997,1
3-ORANGE,4998,1
3-ORANGE,4999,2
3-ORANGE,5001,2
3-ORANGE,5002,1
3-ORANGE,5003,1
3-ORANGE,5005,1
3-ORANGE,5006,2
3-ORANGE,5007,2
3-ORANGE,5008,3
3-ORANGE,5009,3
3-ORANGE,5010,1
3-ORANGE,5011,7
3-ORANGE,5012,3
3-ORANGE,5013,1
3-ORANGE,5014,3
3-ORANGE,5015,3
3-ORANGE,5016,4
3-ORANGE,5017,3
3-ORANGE,5018,2
3-ORANGE,5019,2
3-ORANGE,5020,3
3-ORANGE,5023,1
3-ORANGE,5024,2
3-ORANGE,5025,1
3-ORANGE,5026,1
3-ORANGE,5027,2
3-ORANGE,5028,1
3-ORANGE,5029,1
3-ORANGE,5031,2
3-ORANGE,5032,3
3-ORANGE,5033,1
3-ORANGE,5034,2
3-ORANGE,5035,4
3-ORANGE,5036,2
3-ORANGE,5037,2
3-ORANGE,5038,4
3-ORANGE,5039,2
3-ORANGE,5040,5
3-ORANGE,5041,3
3-ORANGE,5042,3
3-ORANGE,5044,1
3-ORANGE,5046,1
3-ORANGE,5047,1
3-ORANGE,5048,2
3-ORANGE,5049,2
3-ORANGE,5052,2
3-ORANGE,5053,1
3-ORANGE,5055,1
3-ORANGE,5056,3
3-ORANGE,5057,4
3-ORANGE,5058,3
3-ORANGE,5059,1
3-ORANGE,5060,3
3-ORANGE,5062,1
3-ORANGE,5063,1
3-ORANGE,5064,2
3-ORANGE,5066,2
3-ORANGE,5067,1
3-ORANGE,5068,3
3-ORANGE,5070,2
3-ORANGE,5071,1
3-ORANGE,5072,1
3-ORANGE,5073,2
3-ORANGE,5075,2
3-ORANGE,5076,1
3-ORANGE,5077,3
3-ORANGE,5078,1
3-ORANGE,5079,5
3-ORANGE,5080,1
3-ORANGE,5081,2
3-ORANGE,5082,2
3-ORANGE,5084,1
3-ORANGE,5085,1
3-ORANGE,5086,3
3-ORANGE,5087,3
3-ORANGE,5089,2
3-ORANGE,5090,1
3-ORANGE,5091,1
3-ORANGE,5092,1
3-ORANGE,5093,3
3-ORANGE,5094,1
3-ORANGE,5095,4
3-ORANGE,5096,1
3-ORANGE,5097,3
3-ORANGE,5098,3
3-ORANGE,5099,3
3-ORANGE,5100,1
3-ORANGE,5101,2
3-ORANGE,5102,2
3-ORANGE,5103,4
3-ORANGE,5104,2
3-ORANGE,5105,3
3-ORANGE,5108,3
3-ORANGE,5109,2
3-ORANGE,5111,2
3-ORANGE,5112,2
3-ORANGE,5113,1
3-ORANGE,5114,1
3-ORANGE,5115,2
3-ORANGE,5116,1
3-ORANGE,5117,3
3-ORANGE,5118,3
3-ORANGE,5119,5
3-ORANGE,5120,1
3-ORANGE,5121,2
3-ORANGE,5123,1
3-ORANGE,5125,7
3-ORANGE,5126,2
3-ORANGE,5128,3
3-ORANGE,5129,3
3-ORANGE,5131,1
3-ORANGE,5132,2
3-ORANGE,5133,2
3-ORANGE,5134,1
3-ORANGE,5135,2
3-ORANGE,5136,3
3-ORANGE,5137,3
3-ORANGE,5138,2
3-ORANGE,5139,1
3-ORANGE,5140,1
3-ORANGE,5141,3
3-ORANGE,5143,3
3-ORANGE,5144,2
3-ORANGE,5145,1
3-ORANGE,5146,4
3-ORANGE,5147,4
3-ORANGE,5148,1
3-ORANGE,5150,1
3-ORANGE,5151,3
3-ORANGE,5152,2
3-ORANGE,5154,1
3-ORANGE,5155,1
3-ORANGE,5156,2
3-ORANGE,5157,1
3-ORANGE,5159,2
3-ORANGE,5160,1
3-ORANGE,5163,1
3-ORANGE,5164,1
3-ORANGE,5165,2
3-ORANGE,5166,2
3-ORANGE,5169,1
3-ORANGE,5170,2
3-ORANGE,5172,2
3-ORANGE,5173,1
3-ORANGE,5174,1
3-ORANGE,5176,3
3-ORANGE,5180,1
3-ORANGE,5182,1
3-ORANGE,5183,2
3-ORANGE,5184,2
3-ORANGE,5187,2
3-ORANGE,5188,2
3-ORANGE,5189,2
3-ORANGE,5190,1
3-ORANGE,5191,2
3-ORANGE,5192,3
3-ORANGE,5193,1
3-ORANGE,5194,3
3-ORANGE,5195,1
3-ORANGE,5196,3
3-ORANGE,5198,3
3-ORANGE,5199,1
3-ORANGE,5200,2
3-ORANGE,5202,1
3-ORANGE,5203,1
3-ORANGE,5204,5
3-ORANGE,5205,2
3-ORANGE,5208,2
3-ORANGE,5209,3
3-ORANGE,5210,3
3-ORANGE,5212,1
3-ORANGE,5213,1
3-ORANGE,5215,1
3-ORANGE,5216,3
3-ORANGE,5217,2
3-ORANGE,5218,1
3-ORANGE,5220,2
3-ORANGE,5221,2
3-ORANGE,5222,1
3-ORANGE,5223,1
3-ORANGE,5224,1
3-ORANGE,5225,2
3-ORANGE,5226,3
3-ORANGE,5227,1
3-ORANGE,5228,2
3-ORANGE,5229,1
3-ORANGE,5230,2
3-ORANGE,5231,1
3-ORANGE,5234,2
3-ORANGE,5235,1
3-ORANGE,5236,1
3-ORANGE,5237,1
3-ORANGE,5238,1
3-ORANGE,5239,1
3-ORANGE,5241,1
3-ORANGE,5242,1
3-ORANGE,5243,1
3-ORANGE,5244,1
3-ORANGE,5245,1
3-ORANGE,5247,3
3-ORANGE,5249,2
3-ORANGE,5250,1
3-ORANGE,5251,4
3-ORANGE,5252,2
3-ORANGE,5253,3
3-ORANGE,5254,2
3-ORANGE,5255,2
3-ORANGE,5256,5
3-ORANGE,5257,2
3-ORANGE,5258,3
3-ORANGE,5259,1
3-ORANGE,5260,1
3-ORANGE,5262,4
3-ORANGE,5264,1
3-ORANGE,5265,3
3-ORANGE,5268,2
3-ORANGE,5269,1
3-ORANGE,5271,1
3-ORANGE,5272,2
3-ORANGE,5273,2
3-ORANGE,5274,2
3-ORANGE,5275,2
3-ORANGE,5276,1
3-ORANGE,5277,1
3-ORANGE,5278,3
3-ORANGE,5279,1
3-ORANGE,5280,3
3-ORANGE,5281,2
3-ORANGE,5282,1
3-ORANGE,5285,1
3-ORANGE,5286,1
3-ORANGE,5288,2
3-ORANGE,5290,2
3-ORANGE,5294,4
3-ORANGE,5295,1
3-ORANGE,5296,1
3-ORANGE,5297,3
3-ORANGE,5298,4
3-ORANGE,5300,3
3-ORANGE,5301,1
3-ORANGE,5303,3
3-ORANGE,5304,1
3-ORANGE,5305,2
3-ORANGE,5306,1
3-ORANGE,5308,2
3-ORANGE,5309,2
3-ORANGE,5312,1
3-ORANGE,5313,2
3-ORANGE,5314,4
3-ORANGE,5315,2
3-ORANGE,5316,1
3-ORANGE,5317,2
3-ORANGE,5318,2
3-ORANGE,5319,2
3-ORANGE,5321,1
3-ORANGE,5322,4
3-ORANGE,5323,2
3-ORANGE,5325,1
3-ORANGE,5326,1
3-ORANGE,5327,2
3-ORANGE,5328,3
3-ORANGE,5329,2
3-ORANGE,5330,2
3-ORANGE,5331,1
3-ORANGE,5332,2
3-ORANGE,5334,2
3-ORANGE,5335,2
3-ORANGE,5336,4
3-ORANGE,5337,2
3-ORANGE,5338,1
3-ORANGE,5339,1
3-ORANGE,5340,1
3-ORANGE,5341,2
3-ORANGE,5344,1
3-ORANGE,5345,1
3-ORANGE,5346,1
3-ORANGE,5347,4
3-ORANGE,5348,2
3-ORANGE,5349,3
3-ORANGE,5354,2
3-ORANGE,5355,1
3-ORANGE,5358,1
3-ORANGE,5359,1
3-ORANGE,5361,2
3-ORANGE,5362,3
3-ORANGE,5363,2
3-ORANGE,5364,2
3-ORANGE,5367,2
3-ORANGE,5368,2
3-ORANGE,5369,2
3-ORANGE,5371,2
3-ORANGE,5372,1
3-ORANGE,5375,1
3-ORANGE,5377,3
3-ORANGE,5378,1
3-ORANGE,5381,2
3-ORANGE,5383,1
3-ORANGE,5384,3
3-ORANGE,5388,1
3-ORANGE,5389,1
3-ORANGE,5391,1
3-ORANGE,5392,2
3-ORANGE,5393,1
3-ORANGE,5394,1
3-ORANGE,5395,2
3-ORANGE,5396,1
3-ORANGE,5397,3
3-ORANGE,5398,1
3-ORANGE,5399,1
3-ORANGE,5400,1
3-ORANGE,5401,1
3-ORANGE,5402,1
3-ORANGE,5404,3
3-ORANGE,5406,2
3-ORANGE,5407,1
3-ORANGE,5408,2
3-ORANGE,5409,3
3-ORANGE,5412,1
3-ORANGE,5413,1
3-ORANGE,5414,2
3-ORANGE,5416,2
3-ORANGE,5417,1
3-ORANGE,5418,3
3-ORANGE,5421,2
3-ORANGE,5423,1
3-ORANGE,5425,1
3-ORANGE,5426,1
3-ORANGE,5428,1
3-ORANGE,5429,3
3-ORANGE,5431,1
3-ORANGE,5433,1
3-ORANGE,5434,3
3-ORANGE,5436,2
3-ORANGE,5437,1
3-ORANGE,5440,2
3-ORANGE,5441,1
3-ORANGE,5443,2
3-ORANGE,5445,1
3-ORANGE,5446,2
3-ORANGE,5447,1
3-ORANGE,5448,1
3-ORANGE,5449,1
3-ORANGE,5451,1
3-ORANGE,5454,2
3-ORANGE,5455,3
3-ORANGE,5456,1
3-ORANGE,5459,1
3-ORANGE,5460,2
3-ORANGE,5462,1
3-ORANGE,5463,2
3-ORANGE,5464,3
3-ORANGE,5467,1
3-ORANGE,5469,2
3-ORANGE,5470,1
3-ORANGE,5471,2
3-ORANGE,5474,1
3-ORANGE,5475,1
3-ORANGE,5476,2
3-ORANGE,5477,2
3-ORANGE,5478,2
3-ORANGE,5479,3
3-ORANGE,5480,2
3-ORANGE,5481,3
3-ORANGE,5482,3
3-ORANGE,5484,2
3-ORANGE,5487,2
3-ORANGE,5489,2
3-ORANGE,5492,3
3-ORANGE,5493,2
3-ORANGE,5494,3
3-ORANGE,5496,1
3-ORANGE,5497,1
3-ORANGE,5499,1
3-ORANGE,5500,4
3-ORANGE,5501,1
3-ORANGE,5502,2
3-ORANGE,5503,1
3-ORANGE,5506,1
3-ORANGE,5507,1
3-ORANGE,5508,2
3-ORANGE,5509,2
3-ORANGE,5510,3
3-ORANGE,5511,2
3-ORANGE,5512,2
3-ORANGE,5513,2
3-ORANGE,5514,2
3-ORANGE,5518,3
3-ORANGE,5519,1
3-ORANGE,5521,1
3-ORANGE,5524,1
3-ORANGE,5526,1
3-ORANGE,5528,2
3-ORANGE,5529,2
3-ORANGE,5530,2
3-ORANGE,5531,1
3-ORANGE,5532,1
3-ORANGE,5533,1
3-ORANGE,5535,1
3-ORANGE,5536,1
3-ORANGE,5537,2
3-ORANGE,5538,1
3-ORANGE,5539,1
3-ORANGE,5546,2
3-ORANGE,5549,2
3-ORANGE,5550,2
3-ORANGE,5551,1
3-ORANGE,5552,3
3-ORANGE,5553,1
3-ORANGE,5554,2
3-ORANGE,5555,5
3-ORANGE,5556,1
3-ORANGE,5557,1
3-ORANGE,5558,1
3-ORANGE,5559,3
3-ORANGE,5560,1
3-ORANGE,5562,1
3-ORANGE,5563,1
3-ORANGE,5564,1
3-ORANGE,5567,1
3-ORANGE,5568,1
3-ORANGE,5569,1
3-ORANGE,5574,3
3-ORANGE,5575,2
3-ORANGE,5576,1
3-ORANGE,5578,1
3-ORANGE,5579,1
3-ORANGE,5581,3
3-ORANGE,5582,1
3-ORANGE,5583,1
3-ORANGE,5585,1
3-ORANGE,5586,2
3-ORANGE,5587,1
3-ORANGE,5588,1
3-ORANGE,5589,1
3-ORANGE,5590,1
3-ORANGE,5591,1
3-ORANGE,5592,1
3-ORANGE,5595,1
3-ORANGE,5596,1
3-ORANGE,5597,1
3-ORANGE,5598,1
3-ORANGE,5599,2
3-ORANGE,5600,1
3-ORANGE,5602,3
3-ORANGE,5603,2
3-ORANGE,5604,1
3-ORANGE,5605,1
3-ORANGE,5608,2
3-ORANGE,5610,1
3-ORANGE,5611,1
3-ORANGE,5614,1
3-ORANGE,5615,3
3-ORANGE,5617,1
3-ORANGE,5618,2
3-ORANGE,5620,1
3-ORANGE,5621,2
3-ORANGE,5622,1
3-ORANGE,5623,1
3-ORANGE,5624,2
3-ORANGE,5625,1
3-ORANGE,5627,1
3-ORANGE,5630,1
3-ORANGE,5631,1
3-ORANGE,5632,1
3-ORANGE,5633,1
3-ORANGE,5637,2
3-ORANGE,5638,1
3-ORANGE,5639,2
3-ORANGE,5641,1
3-ORANGE,5644,1
3-ORANGE,5645,1
3-ORANGE,5647,2
3-ORANGE,5648,1
3-ORANGE,5652,1
3-ORANGE,5653,2
3-ORANGE,5655,3
3-ORANGE,5656,1
3-ORANGE,5657,2
3-ORANGE,5658,1
3-ORANGE,5659,2
3-ORANGE,5661,1
3-ORANGE,5662,1
3-ORANGE,5663,2
3-ORANGE,5664,1
3-ORANGE,5665,4
3-ORANGE,5666,4
3-ORANGE,5667,1
3-ORANGE,5670,3
3-ORANGE,5671,1
3-ORANGE,5672,2
3-ORANGE,5673,1
3-ORANGE,5674,1
3-ORANGE,5676,1
3-ORANGE,5677,2
3-ORANGE,5680,1
3-ORANGE,5681,4
3-ORANGE,5683,1
3-ORANGE,5684,4
3-ORANGE,5687,1
3-ORANGE,5689,1
3-ORANGE,5691,2
3-ORANGE,5692,3
3-ORANGE,5693,2
3-ORANGE,5696,1
3-ORANGE,5697,1
3-ORANGE,5699,1
3-ORANGE,5701,3
3-ORANGE,5704,2
3-ORANGE,5705,3
3-ORANGE,5706,1
3-ORANGE,5710,2
3-ORANGE,5711,2
3-ORANGE,5712,1
3-ORANGE,5714,2
3-ORANGE,5715,1
3-ORANGE,5716,1
3-ORANGE,5717,1
3-ORANGE,5718,2
3-ORANGE,5719,1
3-ORANGE,5720,1
3-ORANGE,5721,1
3-ORANGE,5722,2
3-ORANGE,5723,1
3-ORANGE,5725,1
3-ORANGE,5728,3
3-ORANGE,5729,1
3-ORANGE,5730,1
3-ORANGE,5733,3
3-ORANGE,5735,2
3-ORANGE,5736,1
3-ORANGE,5737,2
3-ORANGE,5738,1
3-ORANGE,5739,1
3-ORANGE,5741,1
3-ORANGE,5743,2
3-ORANGE,5744,1
3-ORANGE,5745,3
3-ORANGE,5747,1
3-ORANGE,5749,1
3-ORANGE,5750,2
3-ORANGE,5751,1
3-ORANGE,5752,1
3-ORANGE,5754,3
3-ORANGE,5755,1
3-ORANGE,5757,3
3-ORANGE,5758,1
3-ORANGE,5760,1
3-ORANGE,5761,1
3-ORANGE,5762,2
3-ORANGE,5763,2
3-ORANGE,5764,2
3-ORANGE,5766,1
3-ORANGE,5771,1
3-ORANGE,5773,1
3-ORANGE,5776,5
3-ORANGE,5778,2
3-ORANGE,5779,1
3-ORANGE,5780,1
3-ORANGE,5783,2
3-ORANGE,5784,1
3-ORANGE,5785,2
3-ORANGE,5786,3
3-ORANGE,5789,2
3-ORANGE,5790,2
3-ORANGE,5791,1
3-ORANGE,5792,1
3-ORANGE,5793,1
3-ORANGE,5794,1
3-ORANGE,5795,1
3-ORANGE,5798,5
3-ORANGE,5799,2
3-ORANGE,5801,1
3-ORANGE,5805,2
3-ORANGE,5807,1
3-ORANGE,5811,1
3-ORANGE,5813,1
3-ORANGE,5814,1
3-ORANGE,5815,1
3-ORANGE,5818,1
3-ORANGE,5821,1
3-ORANGE,5822,2
3-ORANGE,5823,3
3-ORANGE,5824,1
3-ORANGE,5825,2
3-ORANGE,5826,1
3-ORANGE,5828,1
3-ORANGE,5829,2
3-ORANGE,5830,1
3-ORANGE,5831,1
3-ORANGE,5832,1
3-ORANGE,5833,1
3-ORANGE,5834,2
3-ORANGE,5836,1
3-ORANGE,5837,1
3-ORANGE,5840,1
3-ORANGE,5841,1
3-ORANGE,5842,2
3-ORANGE,5843,1
3-ORANGE,5845,1
3-ORANGE,5848,2
3-ORANGE,5849,3
3-ORANGE,5858,2
3-ORANGE,5859,2
3-ORANGE,5862,1
3-ORANGE,5863,1
3-ORANGE,5864,1
3-ORANGE,5865,1
3-ORANGE,5866,1
3-ORANGE,5868,2
3-ORANGE,5869,1
3-ORANGE,5870,1
3-ORANGE,5871,2
3-ORANGE,5873,3
3-ORANGE,5878,1
3-ORANGE,5880,1
3-ORANGE,5882,1
3-ORANGE,5883,1
3-ORANGE,5886,2
3-ORANGE,5887,2
3-ORANGE,5888,2
3-ORANGE,5889,1
3-ORANGE,5890,1
3-ORANGE,5891,1
3-ORANGE,5892,1
3-ORANGE,5893,1
3-ORANGE,5894,1
3-ORANGE,5895,2
3-ORANGE,5901,1
3-ORANGE,5904,1
3-ORANGE,5905,3
3-ORANGE,5907,2
3-ORANGE,5908,1
3-ORANGE,5910,1
3-ORANGE,5911,1
3-ORANGE,5912,2
3-ORANGE,5914,1
3-ORANGE,5916,2
3-ORANGE,5917,1
3-ORANGE,5918,2
3-ORANGE,5919,1
3-ORANGE,5920,2
3-ORANGE,5923,2
3-ORANGE,5924,1
3-ORANGE,5925,1
3-ORANGE,5926,2
3-ORANGE,5927,2
3-ORANGE,5929,2
3-ORANGE,5931,1
3-ORANGE,5932,3
3-ORANGE,5934,1
3-ORANGE,5936,1
3-ORANGE,5937,1
3-ORANGE,5939,2
3-ORANGE,5940,1
3-ORANGE,5943,1
3-ORANGE,5948,1
3-ORANGE,5950,1
3-ORANGE,5951,2
3-ORANGE,5953,1
3-ORANGE,5954,1
3-ORANGE,5956,1
3-ORANGE,5957,2
3-ORANGE,5959,3
3-ORANGE,5960,1
3-ORANGE,5961,1
3-ORANGE,5963,1
3-ORANGE,5964,2
3-ORANGE,5965,1
3-ORANGE,5966,1
3-ORANGE,5968,1
3-ORANGE,5969,2
3-ORANGE,5970,1
3-ORANGE,5972,2
3-ORANGE,5974,5
3-ORANGE,5975,1
3-ORANGE,5976,1
3-ORANGE,5978,2
3-ORANGE,5979,1
3-ORANGE,5980,2
3-ORANGE,5981,1
3-ORANGE,5982,1
3-ORANGE,5984,1
3-ORANGE,5985,3
3-ORANGE,5986,2
3-ORANGE,5987,1
3-ORANGE,5988,1
3-ORANGE,5989,1
3-ORANGE,5991,1
3-ORANGE,5992,2
3-ORANGE,5993,1
3-ORANGE,5995,1
3-ORANGE,5997,1
3-ORANGE,6000,1
3-ORANGE,6002,4
3-ORANGE,6003,4
3-ORANGE,6004,3
3-ORANGE,6006,1
3-ORANGE,6008,3
3-ORANGE,6009,1
3-ORANGE,6013,1
3-ORANGE,6015,1
3-ORANGE,6016,1
3-ORANGE,6017,2
3-ORANGE,6019,5
3-ORANGE,6023,2
3-ORANGE,6024,1
3-ORANGE,6025,1
3-ORANGE,6026,1
3-ORANGE,6027,1
3-ORANGE,6029,2
3-ORANGE,6030,2
3-ORANGE,6032,2
3-ORANGE,6035,1
3-ORANGE,6037,1
3-ORANGE,6038,1
3-ORANGE,6039,2
3-ORANGE,6040,1
3-ORANGE,6041,1
3-ORANGE,6042,2
3-ORANGE,6043,1
3-ORANGE,6044,1
3-ORANGE,6046,1
3-ORANGE,6048,2
3-ORANGE,6049,1
3-ORANGE,6051,2
3-ORANGE,6054,1
3-ORANGE,6056,1
3-ORANGE,6057,1
3-ORANGE,6058,2
3-ORANGE,6060,2
3-ORANGE,6062,2
3-ORANGE,6063,1
3-ORANGE,6064,1
3-ORANGE,6065,1
3-ORANGE,6071,1
3-ORANGE,6072,1
3-ORANGE,6073,2
3-ORANGE,6078,2
3-ORANGE,6080,3
3-ORANGE,6081,1
3-ORANGE,6082,2
3-ORANGE,6084,1
3-ORANGE,6085,1
3-ORANGE,6086,1
3-ORANGE,6087,2
3-ORANGE,6091,2
3-ORANGE,6094,1
3-ORANGE,6095,2
3-ORANGE,6100,1
3-ORANGE,6103,1
3-ORANGE,6106,1
3-ORANGE,6107,1
3-ORANGE,6108,1
3-ORANGE,6109,2
3-ORANGE,6111,5
3-ORANGE,6112,1
3-ORANGE,6115,1
3-ORANGE,6116,2
3-ORANGE,6121,1
3-ORANGE,6123,2
3-ORANGE,6124,2
3-ORANGE,6125,1
3-ORANGE,6126,2
3-ORANGE,6127,1
3-ORANGE,6128,1
3-ORANGE,6129,2
3-ORANGE,6131,2
3-ORANGE,6132,1
3-ORANGE,6134,1
3-ORANGE,6137,1
3-ORANGE,6138,1
3-ORANGE,6140,1
3-ORANGE,6142,1
3-ORANGE,6143,1
3-ORANGE,6144,1
3-ORANGE,6147,1
3-ORANGE,6149,1
3-ORANGE,6152,1
3-ORANGE,6153,1
3-ORANGE,6156,1
3-ORANGE,6161,2
3-ORANGE,6164,1
3-ORANGE,6167,2
3-ORANGE,6169,1
3-ORANGE,6170,1
3-ORANGE,6172,2
3-ORANGE,6173,1
3-ORANGE,6174,1
3-ORANGE,6176,1
3-ORANGE,6177,2
3-ORANGE,6178,2
3-ORANGE,6181,1
3-ORANGE,6183,1
3-ORANGE,6184,1
3-ORANGE,6186,1
3-ORANGE,6187,1
3-ORANGE,6189,1
3-ORANGE,6191,1
3-ORANGE,6192,1
3-ORANGE,6193,1
3-ORANGE,6197,3
3-ORANGE,6200,1
3-ORANGE,6205,2
3-ORANGE,6207,2
3-ORANGE,6209,3
3-ORANGE,6210,2
3-ORANGE,6212,2
3-ORANGE,6214,1
3-ORANGE,6217,1
3-ORANGE,6219,2
3-ORANGE,6220,1
3-ORANGE,6222,4
3-ORANGE,6223,2
3-ORANGE,6224,1
3-ORANGE,6225,1
3-ORANGE,6229,1
3-ORANGE,6230,1
3-ORANGE,6232,3
3-ORANGE,6235,1
3-ORANGE,6237,1
3-ORANGE,6238,1
3-ORANGE,6239,1
3-ORANGE,6240,1
3-ORANGE,6241,1
3-ORANGE,6242,1
3-ORANGE,6243,1
3-ORANGE,6244,2
3-ORANGE,6247,1
3-ORANGE,6248,2
3-ORANGE,6251,1
3-ORANGE,6253,1
3-ORANGE,6258,1
3-ORANGE,6259,2
3-ORANGE,6261,1
3-ORANGE,6262,1
3-ORANGE,6263,2
3-ORANGE,6264,2
3-ORANGE,6265,1
3-ORANGE,6266,1
3-ORANGE,6267,2
3-ORANGE,6269,2
3-ORANGE,6271,2
3-ORANGE,6272,3
3-ORANGE,6273,1
3-ORANGE,6274,1
3-ORANGE,6275,1
3-ORANGE,6278,1
3-ORANGE,6280,1
3-ORANGE,6282,1
3-ORANGE,6283,2
3-ORANGE,6285,3
3-ORANGE,6286,1
3-ORANGE,6288,1
3-ORANGE,6293,1
3-ORANGE,6295,1
3-ORANGE,6296,2
3-ORANGE,6299,1
3-ORANGE,6301,1
3-ORANGE,6303,2
3-ORANGE,6304,2
3-ORANGE,6305,2
3-ORANGE,6306,2
3-ORANGE,6309,2
3-ORANGE,6310,1
3-ORANGE,6311,2
3-ORANGE,6315,3
3-ORANGE,6316,1
3-ORANGE,6317,1
3-ORANGE,6321,1
3-ORANGE,6324,1
3-ORANGE,6326,3
3-ORANGE,6329,1
3-ORANGE,6331,1
3-ORANGE,6332,1
3-ORANGE,6337,1
3-ORANGE,6338,1
3-ORANGE,6339,1
3-ORANGE,6340,1
3-ORANGE,6342,1
3-ORANGE,6344,2
3-ORANGE,6345,3
3-ORANGE,6348,2
3-ORANGE,6357,1
3-ORANGE,6358,2
3-ORANGE,6359,1
3-ORANGE,6361,1
3-ORANGE,6363,1
3-ORANGE,6365,1
3-ORANGE,6367,1
3-ORANGE,6369,1
3-ORANGE,6370,1
3-ORANGE,6377,2
3-ORANGE,6379,5
3-ORANGE,6380,3
3-ORANGE,6384,1
3-ORANGE,6385,1
3-ORANGE,6386,1
3-ORANGE,6389,1
3-ORANGE,6394,1
3-ORANGE,6395,1
3-ORANGE,6396,1
3-ORANGE,6398,1
3-ORANGE,6400,1
3-ORANGE,6401,2
3-ORANGE,6402,2
3-ORANGE,6403,1
3-ORANGE,6404,2
3-ORANGE,6406,1
3-ORANGE,6409,1
3-ORANGE,6410,1
3-ORANGE,6411,1
3-ORANGE,6412,1
3-ORANGE,6414,1
3-ORANGE,6423,1
3-ORANGE,6424,1
3-ORANGE,6428,1
3-ORANGE,6429,3
3-ORANGE,6430,1
3-ORANGE,6431,1
3-ORANGE,6433,1
3-ORANGE,6434,2
3-ORANGE,6436,1
3-ORANGE,6438,1
3-ORANGE,6441,1
3-ORANGE,6444,1
3-ORANGE,6446,1
3-ORANGE,6448,1
3-ORANGE,6449,2
3-ORANGE,6450,1
3-ORANGE,6457,1
3-ORANGE,6458,1
3-ORANGE,6460,1
3-ORANGE,6463,1
3-ORANGE,6465,1
3-ORANGE,6466,1
3-ORANGE,6469,2
3-ORANGE,6470,1
3-ORANGE,6475,1
3-ORANGE,6477,2
3-ORANGE,6479,1
3-ORANGE,6480,1
3-ORANGE,6481,2
3-ORANGE,6482,1
3-ORANGE,6483,2
3-ORANGE,6487,2
3-ORANGE,6492,2
3-ORANGE,6493,1
3-ORANGE,6494,2
3-ORANGE,6498,1
3-ORANGE,6499,1
3-ORANGE,6504,2
3-ORANGE,6515,1
3-ORANGE,6516,1
3-ORANGE,6519,1
3-ORANGE,6520,2
3-ORANGE,6522,1
3-ORANGE,6523,3
3-ORANGE,6529,1
3-ORANGE,6533,1
3-ORANGE,6534,1
3-ORANGE,6537,1
3-ORANGE,6543,1
3-ORANGE,6544,1
3-ORANGE,6545,2
3-ORANGE,6546,1
3-ORANGE,6547,1
3-ORANGE,6548,1
3-ORANGE,6549,1
3-ORANGE,6551,1
3-ORANGE,6553,1
3-ORANGE,6555,1
3-ORANGE,6559,1
3-ORANGE,6560,1
3-ORANGE,6563,2
3-ORANGE,6565,1
3-ORANGE,6566,1
3-ORANGE,6570,1
3-ORANGE,6571,1
3-ORANGE,6573,2
3-ORANGE,6575,1
3-ORANGE,6576,1
3-ORANGE,6579,2
3-ORANGE,6580,1
3-ORANGE,6583,1
3-ORANGE,6585,1
3-ORANGE,6593,1
3-ORANGE,6596,2
3-ORANGE,6606,1
3-ORANGE,6607,1
3-ORANGE,6608,3
3-ORANGE,6609,1
3-ORANGE,6610,2
3-ORANGE,6612,2
3-ORANGE,6614,2
3-ORANGE,6615,3
3-ORANGE,6616,1
3-ORANGE,6617,1
3-ORANGE,6618,1
3-ORANGE,6619,2
3-ORANGE,6621,1
3-ORANGE,6622,1
3-ORANGE,6623,1
3-ORANGE,6628,1
3-ORANGE,6631,1
3-ORANGE,6632,1
3-ORANGE,6635,3
3-ORANGE,6637,1
3-ORANGE,6639,1
3-ORANGE,6640,2
3-ORANGE,6645,1
3-ORANGE,6646,2
3-ORANGE,6647,3
3-ORANGE,6648,1
3-ORANGE,6651,1
3-ORANGE,6653,2
3-ORANGE,6654,3
3-ORANGE,6656,1
3-ORANGE,6658,2
3-ORANGE,6661,1
3-ORANGE,6666,1
3-ORANGE,6668,1
3-ORANGE,6669,2
3-ORANGE,6670,2
3-ORANGE,6671,1
3-ORANGE,6672,1
3-ORANGE,6673,2
3-ORANGE,6674,1
3-ORANGE,6675,1
3-ORANGE,6677,3
3-ORANGE,6678,1
3-ORANGE,6679,1
3-ORANGE,6680,3
3-ORANGE,6681,1
3-ORANGE,6683,1
3-ORANGE,6689,1
3-ORANGE,6691,1
3-ORANGE,6693,2
3-ORANGE,6695,1
3-ORANGE,6696,1
3-ORANGE,6697,4
3-ORANGE,6700,1
3-ORANGE,6701,1
3-ORANGE,6705,1
3-ORANGE,6707,1
3-ORANGE,6708,1
3-ORANGE,6709,1
3-ORANGE,6711,1
3-ORANGE,6713,1
3-ORANGE,6715,1
3-ORANGE,6720,1
3-ORANGE,6722,1
3-ORANGE,6725,1
3-ORANGE,6728,1
3-ORANGE,6730,1
3-ORANGE,6733,1
3-ORANGE,6734,1
3-ORANGE,6735,1
3-ORANGE,6738,1
3-ORANGE,6739,2
3-ORANGE,6741,2
3-ORANGE,6742,1
3-ORANGE,6745,1
3-ORANGE,6746,1
3-ORANGE,6748,2
3-ORANGE,6749,2
3-ORANGE,6751,2
3-ORANGE,6754,1
3-ORANGE,6756,1
3-ORANGE,6758,2
3-ORANGE,6759,1
3-ORANGE,6761,1
3-ORANGE,6765,1
3-ORANGE,6768,1
3-ORANGE,6769,1
3-ORANGE,6770,1
3-ORANGE,6772,1
3-ORANGE,6773,2
3-ORANGE,6774,2
3-ORANGE,6775,1
3-ORANGE,6780,1
3-ORANGE,6781,1
3-ORANGE,6783,1
3-ORANGE,6788,1
3-ORANGE,6789,2
3-ORANGE,6790,1
3-ORANGE,6794,2
3-ORANGE,6796,2
3-ORANGE,6797,2
3-ORANGE,6800,1
3-ORANGE,6802,1
3-ORANGE,6804,1
3-ORANGE,6807,2
3-ORANGE,6809,1
3-ORANGE,6811,1
3-ORANGE,6815,2
3-ORANGE,6817,1
3-ORANGE,6819,2
3-ORANGE,6820,2
3-ORANGE,6822,2
3-ORANGE,6823,3
3-ORANGE,6824,2
3-ORANGE,6825,2
3-ORANGE,6829,1
3-ORANGE,6839,1
3-ORANGE,6841,2
3-ORANGE,6842,1
3-ORANGE,6843,1
3-ORANGE,6852,2
3-ORANGE,6853,2
3-ORANGE,6855,2
3-ORANGE,6856,1
3-ORANGE,6858,2
3-ORANGE,6861,1
3-ORANGE,6865,1
3-ORANGE,6868,1
3-ORANGE,6877,2
3-ORANGE,6880,1
3-ORANGE,6882,1
3-ORANGE,6883,1
3-ORANGE,6887,1
3-ORANGE,6888,1
3-ORANGE,6889,1
3-ORANGE,6890,1
3-ORANGE,6895,3
3-ORANGE,6903,1
3-ORANGE,6904,2
3-ORANGE,6905,1
3-ORANGE,6906,1
3-ORANGE,6911,1
3-ORANGE,6918,2
3-ORANGE,6921,1
3-ORANGE,6924,1
3-ORANGE,6930,1
3-ORANGE,6932,1
3-ORANGE,6935,2
3-ORANGE,6938,1
3-ORANGE,6939,1
3-ORANGE,6942,2
3-ORANGE,6944,1
3-ORANGE,6946,1
3-ORANGE,6949,1
3-ORANGE,6952,1
3-ORANGE,6954,1
3-ORANGE,6957,2
3-ORANGE,6959,1
3-ORANGE,6970,1
3-ORANGE,6972,1
3-ORANGE,6976,1
3-ORANGE,6980,1
3-ORANGE,6981,1
3-ORANGE,6988,1
3-ORANGE,6990,2
3-ORANGE,6992,1
3-ORANGE,6993,1
3-ORANGE,6994,2
3-ORANGE,7000,1
3-ORANGE,7006,1
3-ORANGE,7008,1
3-ORANGE,7009,1
3-ORANGE,7012,3
3-ORANGE,7013,1
3-ORANGE,7014,1
3-ORANGE,7017,1
3-ORANGE,7021,1
3-ORANGE,7028,1
3-ORANGE,7030,1
3-ORANGE,7031,1
3-ORANGE,7035,2
3-ORANGE,7036,1
3-ORANGE,7037,1
3-ORANGE,7039,1
3-ORANGE,7040,1
3-ORANGE,7042,1
3-ORANGE,7044,1
3-ORANGE,7048,2
3-ORANGE,7049,1
3-ORANGE,7050,3
3-ORANGE,7053,2
3-ORANGE,7056,1
3-ORANGE,7058,2
3-ORANGE,7062,2
3-ORANGE,7065,2
3-ORANGE,7069,1
3-ORANGE,7074,1
3-ORANGE,7081,2
3-ORANGE,7083,1
3-ORANGE,7084,1
3-ORANGE,7088,2
3-ORANGE,7089,2
3-ORANGE,7094,1
3-ORANGE,7098,1
3-ORANGE,7099,1
3-ORANGE,7104,1
3-ORANGE,7106,2
3-ORANGE,7110,1
3-ORANGE,7114,1
3-ORANGE,7116,1
3-ORANGE,7118,1
3-ORANGE,7120,1
3-ORANGE,7123,1
3-ORANGE,7130,1
3-ORANGE,7131,2
3-ORANGE,7134,3
3-ORANGE,7135,2
3-ORANGE,7137,1
3-ORANGE,7143,1
3-ORANGE,7144,1
3-ORANGE,7145,1
3-ORANGE,7146,1
3-ORANGE,7149,1
3-ORANGE,7154,1
3-ORANGE,7160,1
3-ORANGE,7164,2
3-ORANGE,7167,1
3-ORANGE,7168,2
3-ORANGE,7172,2
3-ORANGE,7174,1
3-ORANGE,7177,2
3-ORANGE,7178,2
3-ORANGE,7181,1
3-ORANGE,7184,1
3-ORANGE,7186,1
3-ORANGE,7191,1
3-ORANGE,7194,1
3-ORANGE,7200,1
3-ORANGE,7201,1
3-ORANGE,7209,1
3-ORANGE,7212,1
3-ORANGE,7215,2
3-ORANGE,7220,1
3-ORANGE,7221,2
3-ORANGE,7222,1
3-ORANGE,7223,1
3-ORANGE,7224,2
3-ORANGE,7225,1
3-ORANGE,7228,1
3-ORANGE,7229,2
3-ORANGE,7233,1
3-ORANGE,7243,1
3-ORANGE,7245,2
3-ORANGE,7246,2
3-ORANGE,7247,2
3-ORANGE,7250,1
3-ORANGE,7257,2
3-ORANGE,7258,2
3-ORANGE,7261,1
3-ORANGE,7266,1
3-ORANGE,7272,1
3-ORANGE,7276,1
3-ORANGE,7277,2
3-ORANGE,7279,1
3-ORANGE,7280,3
3-ORANGE,7281,1
3-ORANGE,7285,1
3-ORANGE,7288,1
3-ORANGE,7290,1
3-ORANGE,7296,1
3-ORANGE,7298,1
3-ORANGE,7300,1
3-ORANGE,7303,1
3-ORANGE,7306,1
3-ORANGE,7308,1
3-ORANGE,7310,1
3-ORANGE,7316,1
3-ORANGE,7318,1
3-ORANGE,7320,2
3-ORANGE,7322,2
3-ORANGE,7324,1
3-ORANGE,7325,1
3-ORANGE,7328,1
3-ORANGE,7329,1
3-ORANGE,7331,1
3-ORANGE,7332,2
3-ORANGE,7340,1
3-ORANGE,7342,1
3-ORANGE,7343,1
3-ORANGE,7344,1
3-ORANGE,7345,2
3-ORANGE,7347,2
3-ORANGE,7350,1
3-ORANGE,7352,1
3-ORANGE,7354,2
3-ORANGE,7356,1
3-ORANGE,7362,1
3-ORANGE,7367,1
3-ORANGE,7368,2
3-ORANGE,7374,1
3-ORANGE,7376,1
3-ORANGE,7380,1
3-ORANGE,7381,2
3-ORANGE,7382,1
3-ORANGE,7385,1
3-ORANGE,7387,1
3-ORANGE,7391,1
3-ORANGE,7394,1
3-ORANGE,7396,1
3-ORANGE,7397,1
3-ORANGE,7398,1
3-ORANGE,7399,1
3-ORANGE,7400,1
3-ORANGE,7404,2
3-ORANGE,7405,2
3-ORANGE,7406,1
3-ORANGE,7408,1
3-ORANGE,7409,1
3-ORANGE,7412,2
3-ORANGE,7413,1
3-ORANGE,7418,1
3-ORANGE,7419,1
3-ORANGE,7427,1
3-ORANGE,7428,1
3-ORANGE,7432,1
3-ORANGE,7438,1
3-ORANGE,7439,1
3-ORANGE,7442,1
3-ORANGE,7446,1
3-ORANGE,7450,2
3-ORANGE,7452,1
3-ORANGE,7453,3
3-ORANGE,7454,1
3-ORANGE,7455,2
3-ORANGE,7456,1
3-ORANGE,7464,2
3-ORANGE,7468,2
3-ORANGE,7472,2
3-ORANGE,7476,3
3-ORANGE,7477,3
3-ORANGE,7481,2
3-ORANGE,7483,1
3-ORANGE,7489,1
3-ORANGE,7495,1
3-ORANGE,7497,1
3-ORANGE,7500,1
3-ORANGE,7503,1
3-ORANGE,7507,1
3-ORANGE,7514,2
3-ORANGE,7516,1
3-ORANGE,7521,1
3-ORANGE,7523,1
3-ORANGE,7526,1
3-ORANGE,7527,2
3-ORANGE,7528,1
3-ORANGE,7529,2
3-ORANGE,7541,2
3-ORANGE,7544,1
3-ORANGE,7545,1
3-ORANGE,7548,1
3-ORANGE,7551,1
3-ORANGE,7552,2
3-ORANGE,7556,1
3-ORANGE,7557,1
3-ORANGE,7558,1
3-ORANGE,7560,1
3-ORANGE,7562,1
3-ORANGE,7563,2
3-ORANGE,7565,1
3-ORANGE,7566,1
3-ORANGE,7578,1
3-ORANGE,7584,1
3-ORANGE,7598,1
3-ORANGE,7604,1
3-ORANGE,7610,1
3-ORANGE,7613,2
3-ORANGE,7615,1
3-ORANGE,7617,1
3-ORANGE,7619,1
3-ORANGE,7620,1
3-ORANGE,7632,1
3-ORANGE,7635,1
3-ORANGE,7642,2
3-ORANGE,7644,1
3-ORANGE,7647,1
3-ORANGE,7651,1
3-ORANGE,7653,1
3-ORANGE,7656,2
3-ORANGE,7665,1
3-ORANGE,7667,1
3-ORANGE,7668,1
3-ORANGE,7674,2
3-ORANGE,7677,1
3-ORANGE,7680,1
3-ORANGE,7684,1
3-ORANGE,7685,1
3-ORANGE,7687,1
3-ORANGE,7688,1
3-ORANGE,7689,1
3-ORANGE,7693,1
3-ORANGE,7694,1
3-ORANGE,7698,1
3-ORANGE,7699,1
3-ORANGE,7704,1
3-ORANGE,7705,1
3-ORANGE,7707,1
3-ORANGE,7709,1
3-ORANGE,7711,1
3-ORANGE,7712,1
3-ORANGE,7713,1
3-ORANGE,7714,1
3-ORANGE,7716,2
3-ORANGE,7718,1
3-ORANGE,7719,1
3-ORANGE,7721,1
3-ORANGE,7722,1
3-ORANGE,7723,1
3-ORANGE,7733,1
3-ORANGE,7739,2
3-ORANGE,7744,1
3-ORANGE,7746,1
3-ORANGE,7759,1
3-ORANGE,7763,1
3-ORANGE,7764,1
3-ORANGE,7765,1
3-ORANGE,7767,1
3-ORANGE,7777,1
3-ORANGE,7789,1
3-ORANGE,7790,1
3-ORANGE,7795,1
3-ORANGE,7800,1
3-ORANGE,7804,1
3-ORANGE,7805,1
3-ORANGE,7811,1
3-ORANGE,7813,1
3-ORANGE,7818,1
3-ORANGE,7822,1
3-ORANGE,7825,1
3-ORANGE,7829,1
3-ORANGE,7831,1
3-ORANGE,7832,1
3-ORANGE,7835,1
3-ORANGE,7837,1
3-ORANGE,7841,1
3-ORANGE,7848,1
3-ORANGE,7856,1
3-ORANGE,7866,1
3-ORANGE,7870,1
3-ORANGE,7875,2
3-ORANGE,7881,1
3-ORANGE,7892,2
3-ORANGE,7896,1
3-ORANGE,7899,1
3-ORANGE,7900,1
3-ORANGE,7904,1
3-ORANGE,7905,1
3-ORANGE,7909,1
3-ORANGE,7915,2
3-ORANGE,7916,1
3-ORANGE,7918,1
3-ORANGE,7921,1
3-ORANGE,7922,1
3-ORANGE,7924,1
3-ORANGE,7926,1
3-ORANGE,7927,1
3-ORANGE,7929,1
3-ORANGE,7931,1
3-ORANGE,7937,1
3-ORANGE,7943,1
3-ORANGE,7945,1
3-ORANGE,7950,1
3-ORANGE,7956,1
3-ORANGE,7957,1
3-ORANGE,7963,1
3-ORANGE,7964,1
3-ORANGE,7977,1
3-ORANGE,7979,1
3-ORANGE,7987,1
3-ORANGE,8000,2
3-ORANGE,8002,1
3-ORANGE,8005,1
3-ORANGE,8007,2
3-ORANGE,8013,2
3-ORANGE,8014,1
3-ORANGE,8016,2
3-ORANGE,8018,1
3-ORANGE,8024,1
3-ORANGE,8025,1
3-ORANGE,8027,1
3-ORANGE,8028,1
3-ORANGE,8030,1
3-ORANGE,8034,1
3-ORANGE,8038,1
3-ORANGE,8045,1
3-ORANGE,8047,1
3-ORANGE,8051,1
3-ORANGE,8052,1
3-ORANGE,8058,1
3-ORANGE,8068,2
3-ORANGE,8069,1
3-ORANGE,8074,2
3-ORANGE,8082,1
3-ORANGE,8085,2
3-ORANGE,8088,1
3-ORANGE,8091,1
3-ORANGE,8093,1
3-ORANGE,8100,2
3-ORANGE,8101,1
3-ORANGE,8109,1
3-ORANGE,8110,1
3-ORANGE,8116,2
3-ORANGE,8130,1
3-ORANGE,8132,1
3-ORANGE,8139,1
3-ORANGE,8141,1
3-ORANGE,8144,1
3-ORANGE,8145,1
3-ORANGE,8151,1
3-ORANGE,8167,1
3-ORANGE,8168,1
3-ORANGE,8172,2
3-ORANGE,8184,1
3-ORANGE,8189,2
3-ORANGE,8190,1
3-ORANGE,8198,1
3-ORANGE,8199,1
3-ORANGE,8206,1
3-ORANGE,8210,1
3-ORANGE,8216,1
3-ORANGE,8231,2
3-ORANGE,8232,2
3-ORANGE,8235,1
3-ORANGE,8240,1
3-ORANGE,8265,1
3-ORANGE,8283,1
3-ORANGE,8291,1
3-ORANGE,8302,1
3-ORANGE,8303,1
3-ORANGE,8308,1
3-ORANGE,8310,2
3-ORANGE,8318,1
3-ORANGE,8326,1
3-ORANGE,8327,1
3-ORANGE,8330,1
3-ORANGE,8334,1
3-ORANGE,8335,1
3-ORANGE,8336,1
3-ORANGE,8342,1
3-ORANGE,8343,1
3-ORANGE,8345,1
3-ORANGE,8347,3
3-ORANGE,8353,1
3-ORANGE,8362,1
3-ORANGE,8364,1
3-ORANGE,8365,1
3-ORANGE,8368,1
3-ORANGE,8370,1
3-ORANGE,8372,1
3-ORANGE,8375,1
3-ORANGE,8388,1
3-ORANGE,8389,1
3-ORANGE,8400,1
3-ORANGE,8401,1
3-ORANGE,8403,1
3-ORANGE,8404,1
3-ORANGE,8412,1
3-ORANGE,8429,1
3-ORANGE,8442,1
3-ORANGE,8449,1
3-ORANGE,8461,1
3-ORANGE,8467,1
3-ORANGE,8470,1
3-ORANGE,8473,1
3-ORANGE,8475,1
3-ORANGE,8476,1
3-ORANGE,8483,1
3-ORANGE,8489,2
3-ORANGE,8490,2
3-ORANGE,8496,1
3-ORANGE,8502,1
3-ORANGE,8503,1
3-ORANGE,8513,1
3-ORANGE,8515,1
3-ORANGE,8517,1
3-ORANGE,8528,1
3-ORANGE,8534,1
3-ORANGE,8539,1
3-ORANGE,8548,1
3-ORANGE,8557,1
3-ORANGE,8563,1
3-ORANGE,8581,2
3-ORANGE,8586,1
3-ORANGE,8600,1
3-ORANGE,8601,1
3-ORANGE,8610,1
3-ORANGE,8614,1
3-ORANGE,8615,1
3-ORANGE,8620,1
3-ORANGE,8623,1
3-ORANGE,8626,1
3-ORANGE,8637,2
3-ORANGE,8644,1
3-ORANGE,8649,1
3-ORANGE,8654,1
3-ORANGE,8667,1
3-ORANGE,8678,1
3-ORANGE,8686,2
3-ORANGE,8687,1
3-ORANGE,8690,1
3-ORANGE,8702,1
3-ORANGE,8706,1
3-ORANGE,8707,1
3-ORANGE,8709,1
3-ORANGE,8710,1
3-ORANGE,8717,1
3-ORANGE,8722,1
3-ORANGE,8723,2
3-ORANGE,8728,1
3-ORANGE,8733,1
3-ORANGE,8736,1
3-ORANGE,8739,1
3-ORANGE,8740,1
3-ORANGE,8741,1
3-ORANGE,8747,1
3-ORANGE,8755,1
3-ORANGE,8757,1
3-ORANGE,8762,1
3-ORANGE,8766,1
3-ORANGE,8770,1
3-ORANGE,8775,1
3-ORANGE,8776,1
3-ORANGE,8778,1
3-ORANGE,8781,1
3-ORANGE,8792,1
3-ORANGE,8795,1
3-ORANGE,8796,1
3-ORANGE,8797,1
3-ORANGE,8806,1
3-ORANGE,8813,1
3-ORANGE,8820,1
3-ORANGE,8829,1
3-ORANGE,8833,1
3-ORANGE,8865,1
3-ORANGE,8868,1
3-ORANGE,8869,1
3-ORANGE,8887,2
3-ORANGE,8896,1
3-ORANGE,8897,1
3-ORANGE,8899,1
3-ORANGE,8915,1
3-ORANGE,8920,1
3-ORANGE,8921,1
3-ORANGE,8931,1
3-ORANGE,8938,2
3-ORANGE,8939,1
3-ORANGE,8942,1
3-ORANGE,8945,1
3-ORANGE,8968,1
3-ORANGE,8973,1
3-ORANGE,8976,1
3-ORANGE,8983,2
3-ORANGE,8991,1
3-ORANGE,8996,1
3-ORANGE,8997,1
3-ORANGE,9001,1
3-ORANGE,9012,1
3-ORANGE,9016,1
3-ORANGE,9020,1
3-ORANGE,9023,1
3-ORANGE,9026,2
3-ORANGE,9028,1
3-ORANGE,9030,1
3-ORANGE,9041,1
3-ORANGE,9047,1
3-ORANGE,9051,1
3-ORANGE,9056,1
3-ORANGE,9064,1
3-ORANGE,9075,1
3-ORANGE,9091,1
3-ORANGE,9094,1
3-ORANGE,9095,1
3-ORANGE,9096,1
3-ORANGE,9100,1
3-ORANGE,9102,1
3-ORANGE,9124,1
3-ORANGE,9133,1
3-ORANGE,9142,1
3-ORANGE,9145,2
3-ORANGE,9149,1
3-ORANGE,9151,1
3-ORANGE,9154,1
3-ORANGE,9161,1
3-ORANGE,9163,1
3-ORANGE,9170,1
3-ORANGE,9179,1
3-ORANGE,9180,1
3-ORANGE,9181,1
3-ORANGE,9182,1
3-ORANGE,9191,1
3-ORANGE,9193,1
3-ORANGE,9201,1
3-ORANGE,9204,1
3-ORANGE,9213,1
3-ORANGE,9215,1
3-ORANGE,9224,1
3-ORANGE,9229,1
3-ORANGE,9251,1
3-ORANGE,9254,1
3-ORANGE,9260,1
3-ORANGE,9268,1
3-ORANGE,9274,1
3-ORANGE,9279,2
3-ORANGE,9280,1
3-ORANGE,9297,1
3-ORANGE,9302,1
3-ORANGE,9304,1
3-ORANGE,9318,1
3-ORANGE,9337,1
3-ORANGE,9339,1
3-ORANGE,9345,1
3-ORANGE,9347,1
3-ORANGE,9348,1
3-ORANGE,9365,1
3-ORANGE,9371,1
3-ORANGE,9383,1
3-ORANGE,9389,1
3-ORANGE,9390,1
3-ORANGE,9394,1
3-ORANGE,9396,1
3-ORANGE,9409,1
3-ORANGE,9416,1
3-ORANGE,9420,1
3-ORANGE,9429,1
3-ORANGE,9437,1
3-ORANGE,9441,1
3-ORANGE,9442,1
3-ORANGE,9451,1
3-ORANGE,9470,1
3-ORANGE,9478,1
3-ORANGE,9481,1
3-ORANGE,9488,1
3-ORANGE,9492,1
3-ORANGE,9496,1
3-ORANGE,9499,1
3-ORANGE,9502,1
3-ORANGE,9503,2
3-ORANGE,9509,1
3-ORANGE,9514,2
3-ORANGE,9515,1
3-ORANGE,9518,1
3-ORANGE,9528,1
3-ORANGE,9541,1
3-ORANGE,9548,1
3-ORANGE,9550,1
3-ORANGE,9555,1
3-ORANGE,9556,1
3-ORANGE,9558,1
3-ORANGE,9559,1
3-ORANGE,9561,2
3-ORANGE,9574,1
3-ORANGE,9579,1
3-ORANGE,9583,1
3-ORANGE,9585,1
3-ORANGE,9586,1
3-ORANGE,9588,1
3-ORANGE,9590,1
3-ORANGE,9592,1
3-ORANGE,9612,1
3-ORANGE,9618,1
3-ORANGE,9620,1
3-ORANGE,9628,1
3-ORANGE,9652,1
3-ORANGE,9654,1
3-ORANGE,9668,1
3-ORANGE,9669,1
3-ORANGE,9672,1
3-ORANGE,9684,1
3-ORANGE,9687,1
3-ORANGE,9689,2
3-ORANGE,9691,1
3-ORANGE,9693,1
3-ORANGE,9698,1
3-ORANGE,9735,1
3-ORANGE,9748,1
3-ORANGE,9750,1
3-ORANGE,9757,1
3-ORANGE,9759,1
3-ORANGE,9773,2
3-ORANGE,9775,1
3-ORANGE,9778,1
3-ORANGE,9781,1
3-ORANGE,9798,1
3-ORANGE,9803,1
3-ORANGE,9806,1
3-ORANGE,9812,1
3-ORANGE,9818,1
3-ORANGE,9827,1
3-ORANGE,9830,1
3-ORANGE,9851,1
3-ORANGE,9853,1
3-ORANGE,9855,2
3-ORANGE,9872,1
3-ORANGE,9886,2
3-ORANGE,9894,1
3-ORANGE,9897,1
3-ORANGE,9908,1
3-ORANGE,9910,1
3-ORANGE,9914,1
3-ORANGE,9920,1
3-ORANGE,9921,1
3-ORANGE,9926,2
3-ORANGE,9928,1
3-ORANGE,9940,1
3-ORANGE,9941,1
3-ORANGE,9942,1
3-ORANGE,9946,1
3-ORANGE,9950,1
3-ORANGE,9955,1
3-ORANGE,9958,1
3-ORANGE,9974,1
3-ORANGE,9979,1
3-ORANGE,9985,1
3-ORANGE,9989,2
3-ORANGE,9993,1
3-ORANGE,10000,1
3-ORANGE,10017,1
3-ORANGE,10022,1
3-ORANGE,10023,1
3-ORANGE,10035,1
3-ORANGE,10041,2
3-ORANGE,10045,1
3-ORANGE,10049,1
3-ORANGE,10050,1
3-ORANGE,10052,1
3-ORANGE,10061,1
3-ORANGE,10085,1
3-ORANGE,10097,1
3-ORANGE,10099,1
3-ORANGE,10109,1
3-ORANGE,10127,1
3-ORANGE,10134,1
3-ORANGE,10136,1
3-ORANGE,10142,1
3-ORANGE,10146,1
3-ORANGE,10148,1
3-ORANGE,10149,1
3-ORANGE,10155,1
3-ORANGE,10161,1
3-ORANGE,10175,2
3-ORANGE,10182,1
3-ORANGE,10198,2
3-ORANGE,10202,1
3-ORANGE,10210,1
3-ORANGE,10215,1
3-ORANGE,10219,1
3-ORANGE,10234,1
3-ORANGE,10255,1
3-ORANGE,10271,1
3-ORANGE,10273,1
3-ORANGE,10277,1
3-ORANGE,10284,1
3-ORANGE,10287,1
3-ORANGE,10288,1
3-ORANGE,10289,1
3-ORANGE,10298,1
3-ORANGE,10306,1
3-ORANGE,10316,1
3-ORANGE,10319,1
3-ORANGE,10335,1
3-ORANGE,10339,1
3-ORANGE,10341,1
3-ORANGE,10347,1
3-ORANGE,10349,1
3-ORANGE,10352,1
3-ORANGE,10362,1
3-ORANGE,10366,1
3-ORANGE,10370,1
3-ORANGE,10372,1
3-ORANGE,10383,2
3-ORANGE,10388,1
3-ORANGE,10390,1
3-ORANGE,10391,1
3-ORANGE,10403,1
3-ORANGE,10404,2
3-ORANGE,10406,1
3-ORANGE,10432,1
3-ORANGE,10448,1
3-ORANGE,10463,1
3-ORANGE,10468,1
3-ORANGE,10483,1
3-ORANGE,10493,1
3-ORANGE,10501,1
3-ORANGE,10509,1
3-ORANGE,10514,1
3-ORANGE,10518,1
3-ORANGE,10521,1
3-ORANGE,10528,1
3-ORANGE,10554,1
3-ORANGE,10560,1
3-ORANGE,10561,1
3-ORANGE,10567,1
3-ORANGE,10579,1
3-ORANGE,10580,1
3-ORANGE,10582,1
3-ORANGE,10586,1
3-ORANGE,10595,1
3-ORANGE,10603,1
3-ORANGE,10606,1
3-ORANGE,10611,1
3-ORANGE,10619,1
3-ORANGE,10629,1
3-ORANGE,10631,1
3-ORANGE,10642,1
3-ORANGE,10651,1
3-ORANGE,10655,1
3-ORANGE,10658,1
3-ORANGE,10685,1
3-ORANGE,10689,1
3-ORANGE,10707,1
3-ORANGE,10708,1
3-ORANGE,10712,1
3-ORANGE,10715,1
3-ORANGE,10721,1
3-ORANGE,10724,1
3-ORANGE,10757,1
3-ORANGE,10760,1
3-ORANGE,10767,2
3-ORANGE,10770,1
3-ORANGE,10775,1
3-ORANGE,10797,1
3-ORANGE,10800,1
3-ORANGE,10801,1
3-ORANGE,10803,1
3-ORANGE,10824,1
3-ORANGE,10833,1
3-ORANGE,10834,1
3-ORANGE,10867,1
3-ORANGE,10873,1
3-ORANGE,10875,1
3-ORANGE,10877,1
3-ORANGE,10879,1
3-ORANGE,10920,1
3-ORANGE,10935,1
3-ORANGE,10940,1
3-ORANGE,10951,1
3-ORANGE,10952,1
3-ORANGE,10954,1
3-ORANGE,10987,1
3-ORANGE,10992,1
3-ORANGE,10995,1
3-ORANGE,11000,1
3-ORANGE,11011,1
3-ORANGE,11012,1
3-ORANGE,11016,1
3-ORANGE,11025,1
3-ORANGE,11032,1
3-ORANGE,11049,1
3-ORANGE,11061,1
3-ORANGE,11064,2
3-ORANGE,11071,1
3-ORANGE,11085,1
3-ORANGE,11089,1
3-ORANGE,11094,1
3-ORANGE,11098,1
3-ORANGE,11101,1
3-ORANGE,11117,1
3-ORANGE,11145,1
3-ORANGE,11149,1
3-ORANGE,11202,1
3-ORANGE,11211,1
3-ORANGE,11232,1
3-ORANGE,11248,1
3-ORANGE,11253,1
3-ORANGE,11255,1
3-ORANGE,11272,1
3-ORANGE,11320,1
3-ORANGE,11323,1
3-ORANGE,11338,1
3-ORANGE,11365,2
3-ORANGE,11368,1
3-ORANGE,11376,1
3-ORANGE,11390,1
3-ORANGE,11391,1
3-ORANGE,11408,1
3-ORANGE,11413,1
3-ORANGE,11454,1
3-ORANGE,11459,1
3-ORANGE,11468,1
3-ORANGE,11497,1
3-ORANGE,11498,1
3-ORANGE,11518,1
3-ORANGE,11521,1
3-ORANGE,11524,1
3-ORANGE,11535,1
3-ORANGE,11544,1
3-ORANGE,11575,1
3-ORANGE,11584,1
3-ORANGE,11593,1
3-ORANGE,11596,1
3-ORANGE,11599,1
3-ORANGE,11623,1
3-ORANGE,11629,1
3-ORANGE,11630,1
3-ORANGE,11637,1
3-ORANGE,11639,1
3-ORANGE,11650,1
3-ORANGE,11665,1
3-ORANGE,11667,1
3-ORANGE,11694,1
3-ORANGE,11701,1
3-ORANGE,11729,1
3-ORANGE,11736,1
3-ORANGE,11743,1
3-ORANGE,11747,1
3-ORANGE,11751,1
3-ORANGE,11758,1
3-ORANGE,11764,1
3-ORANGE,11785,1
3-ORANGE,11818,1
3-ORANGE,11863,1
3-ORANGE,11868,1
3-ORANGE,11870,1
3-ORANGE,11874,2
3-ORANGE,11884,1
3-ORANGE,11891,1
3-ORANGE,11911,1
3-ORANGE,11914,1
3-ORANGE,11922,1
3-ORANGE,11937,1
3-ORANGE,11954,1
3-ORANGE,11965,1
3-ORANGE,11981,1
3-ORANGE,11983,1
3-ORANGE,11993,1
3-ORANGE,11999,1
3-ORANGE,12007,1
3-ORANGE,12008,1
3-ORANGE,12047,1
3-ORANGE,12054,1
3-ORANGE,12076,1
3-ORANGE,12078,1
3-ORANGE,12081,1
3-ORANGE,12084,1
3-ORANGE,12094,1
3-ORANGE,12096,1
3-ORANGE,12112,1
3-ORANGE,12128,1
3-ORANGE,12137,1
3-ORANGE,12155,1
3-ORANGE,12169,2
3-ORANGE,12180,1
3-ORANGE,12193,1
3-ORANGE,12206,1
3-ORANGE,12211,1
3-ORANGE,12233,1
3-ORANGE,12234,1
3-ORANGE,12244,1
3-ORANGE,12263,1
3-ORANGE,12295,1
3-ORANGE,12300,1
3-ORANGE,12303,1
3-ORANGE,12304,1
3-ORANGE,12337,1
3-ORANGE,12340,1
3-ORANGE,12350,1
3-ORANGE,12361,1
3-ORANGE,12399,1
3-ORANGE,12402,1
3-ORANGE,12403,1
3-ORANGE,12423,1
3-ORANGE,12426,1
3-ORANGE,12435,1
3-ORANGE,12446,1
3-ORANGE,12450,1
3-ORANGE,12482,1
3-ORANGE,12483,1
3-ORANGE,12484,1
3-ORANGE,12493,1
3-ORANGE,12503,1
3-ORANGE,12506,1
3-ORANGE,12511,1
3-ORANGE,12518,1
3-ORANGE,12531,1
3-ORANGE,12548,1
3-ORANGE,12558,1
3-ORANGE,12559,1
3-ORANGE,12584,1
3-ORANGE,12671,1
3-ORANGE,12674,1
3-ORANGE,12678,1
3-ORANGE,12689,1
3-ORANGE,12701,1
3-ORANGE,12708,1
3-ORANGE,12721,1
3-ORANGE,12730,1
3-ORANGE,12731,1
3-ORANGE,12737,1
3-ORANGE,12743,1
3-ORANGE,12748,1
3-ORANGE,12754,1
3-ORANGE,12755,1
3-ORANGE,12764,1
3-ORANGE,12777,1
3-ORANGE,12794,1
3-ORANGE,12795,1
3-ORANGE,12818,1
3-ORANGE,12821,2
3-ORANGE,12833,1
3-ORANGE,12861,1
3-ORANGE,12883,1
3-ORANGE,12888,1
3-ORANGE,12907,1
3-ORANGE,12909,1
3-ORANGE,12912,1
3-ORANGE,12925,1
3-ORANGE,12938,1
3-ORANGE,12954,1
3-ORANGE,12981,1
3-ORANGE,12993,1
3-ORANGE,13009,1
3-ORANGE,13018,1
3-ORANGE,13044,1
3-ORANGE,13052,1
3-ORANGE,13081,1
3-ORANGE,13091,1
3-ORANGE,13127,1
3-ORANGE,13132,1
3-ORANGE,13159,1
3-ORANGE,13171,1
3-ORANGE,13179,1
3-ORANGE,13225,1
3-ORANGE,13269,1
3-ORANGE,13279,1
3-ORANGE,13329,1
3-ORANGE,13334,1
3-ORANGE,13345,1
3-ORANGE,13348,1
3-ORANGE,13379,1
3-ORANGE,13392,1
3-ORANGE,13405,1
3-ORANGE,13426,1
3-ORANGE,13447,1
3-ORANGE,13454,1
3-ORANGE,13455,1
3-ORANGE,13483,1
3-ORANGE,13502,1
3-ORANGE,13513,1
3-ORANGE,13554,1
3-ORANGE,13555,2
3-ORANGE,13563,1
3-ORANGE,13573,1
3-ORANGE,13587,1
3-ORANGE,13632,1
3-ORANGE,13647,1
3-ORANGE,13656,1
3-ORANGE,13702,1
3-ORANGE,13712,1
3-ORANGE,13746,1
3-ORANGE,13760,1
3-ORANGE,13763,1
3-ORANGE,13783,1
3-ORANGE,13785,1
3-ORANGE,13801,2
3-ORANGE,13803,1
3-ORANGE,13808,1
3-ORANGE,13819,1
3-ORANGE,13823,1
3-ORANGE,13845,1
3-ORANGE,13846,1
3-ORANGE,13862,1
3-ORANGE,13878,2
3-ORANGE,13880,1
3-ORANGE,13884,1
3-ORANGE,13900,1
3-ORANGE,13914,1
3-ORANGE,13921,1
3-ORANGE,13952,1
3-ORANGE,13966,1
3-ORANGE,13974,1
3-ORANGE,14005,1
3-ORANGE,14006,1
3-ORANGE,14009,1
3-ORANGE,14016,1
3-ORANGE,14021,1
3-ORANGE,14032,1
3-ORANGE,14071,1
3-ORANGE,14090,1
3-ORANGE,14142,1
3-ORANGE,14160,1
3-ORANGE,14194,1
3-ORANGE,14245,1
3-ORANGE,14251,1
3-ORANGE,14256,1
3-ORANGE,14272,1
3-ORANGE,14322,1
3-ORANGE,14348,1
3-ORANGE,14385,1
3-ORANGE,14393,1
3-ORANGE,14417,1
3-ORANGE,14450,1
3-ORANGE,14470,1
3-ORANGE,14486,1
3-ORANGE,14494,1
3-ORANGE,14499,1
3-ORANGE,14501,1
3-ORANGE,14511,1
3-ORANGE,14513,1
3-ORANGE,14522,1
3-ORANGE,14542,1
3-ORANGE,14544,1
3-ORANGE,14547,1
3-ORANGE,14551,1
3-ORANGE,14591,1
3-ORANGE,14627,1
3-ORANGE,14654,1
3-ORANGE,14659,1
3-ORANGE,14660,1
3-ORANGE,14686,1
3-ORANGE,14710,1
3-ORANGE,14714,1
3-ORANGE,14717,1
3-ORANGE,14721,1
3-ORANGE,14722,1
3-ORANGE,14735,1
3-ORANGE,14782,1
3-ORANGE,14831,1
3-ORANGE,14852,1
3-ORANGE,14854,1
3-ORANGE,14869,1
3-ORANGE,14891,1
3-ORANGE,14901,1
3-ORANGE,14916,1
3-ORANGE,14918,1
3-ORANGE,14928,1
3-ORANGE,14980,1
3-ORANGE,14986,1
3-ORANGE,15006,1
3-ORANGE,15021,1
3-ORANGE,15039,1
3-ORANGE,15042,1
3-ORANGE,15045,1
3-ORANGE,15076,1
3-ORANGE,15080,1
3-ORANGE,15107,1
3-ORANGE,15108,1
3-ORANGE,15125,1
3-ORANGE,15127,1
3-ORANGE,15181,1
3-ORANGE,15192,1
3-ORANGE,15237,1
3-ORANGE,15262,1
3-ORANGE,15267,1
3-ORANGE,15287,1
3-ORANGE,15381,1
3-ORANGE,15449,1
3-ORANGE,15459,1
3-ORANGE,15494,1
3-ORANGE,15554,1
3-ORANGE,15568,1
3-ORANGE,15619,1
3-ORANGE,15625,1
3-ORANGE,15651,1
3-ORANGE,15666,1
3-ORANGE,15736,1
3-ORANGE,15742,1
3-ORANGE,15766,1
3-ORANGE,15785,1
3-ORANGE,15794,1
3-ORANGE,15811,1
3-ORANGE,15812,1
3-ORANGE,15851,1
3-ORANGE,15862,1
3-ORANGE,15883,1
3-ORANGE,15890,1
3-ORANGE,15900,1
3-ORANGE,15906,1
3-ORANGE,15913,1
3-ORANGE,15915,1
3-ORANGE,15939,1
3-ORANGE,15986,1
3-ORANGE,16001,1
3-ORANGE,16059,1
3-ORANGE,16063,1
3-ORANGE,16070,1
3-ORANGE,16097,1
3-ORANGE,16123,1
3-ORANGE,16178,1
3-ORANGE,16210,1
3-ORANGE,16237,1
3-ORANGE,16239,1
3-ORANGE,16241,1
3-ORANGE,16248,1
3-ORANGE,16338,1
3-ORANGE,16354,1
3-ORANGE,16375,1
3-ORANGE,16452,1
3-ORANGE,16465,1
3-ORANGE,16471,1
3-ORANGE,16488,1
3-ORANGE,16491,1
3-ORANGE,16495,1
3-ORANGE,16542,1
3-ORANGE,16578,1
3-ORANGE,16587,1
3-ORANGE,16589,1
3-ORANGE,16630,1
3-ORANGE,16695,1
3-ORANGE,16705,1
3-ORANGE,16741,1
3-ORANGE,16744,1
3-ORANGE,16753,1
3-ORANGE,16764,1
3-ORANGE,16840,1
3-ORANGE,16844,1
3-ORANGE,16863,1
3-ORANGE,16920,1
3-ORANGE,16928,1
3-ORANGE,17013,1
3-ORANGE,17035,1
3-ORANGE,17082,1
3-ORANGE,17113,1
3-ORANGE,17142,1
3-ORANGE,17165,1
3-ORANGE,17243,1
3-ORANGE,17340,2
3-ORANGE,17349,1
3-ORANGE,17352,1
3-ORANGE,17418,1
3-ORANGE,17432,1
3-ORANGE,17456,1
3-ORANGE,17464,1
3-ORANGE,17488,1
3-ORANGE,17498,1
3-ORANGE,17511,1
3-ORANGE,17522,1
3-ORANGE,17530,1
3-ORANGE,17672,1
3-ORANGE,17713,1
3-ORANGE,17736,1
3-ORANGE,17755,1
3-ORANGE,17969,1
3-ORANGE,18042,1
3-ORANGE,18058,1
3-ORANGE,18082,1
3-ORANGE,18246,1
3-ORANGE,18287,1
3-ORANGE,18340,1
3-ORANGE,18400,1
3-ORANGE,18476,1
3-ORANGE,18552,1
3-ORANGE,18563,1
3-ORANGE,18628,1
3-ORANGE,18655,1
3-ORANGE,18666,1
3-ORANGE,18673,1
3-ORANGE,18689,1
3-ORANGE,18697,1
3-ORANGE,18755,1
3-ORANGE,18839,1
3-ORANGE,18861,1
3-ORANGE,18923,1
3-ORANGE,18941,1
3-ORANGE,18989,1
3-ORANGE,18992,1
3-ORANGE,19030,1
3-ORANGE,19171,1
3-ORANGE,19182,1
3-ORANGE,19224,1
3-ORANGE,19250,1
3-ORANGE,19252,1
3-ORANGE,19271,1
3-ORANGE,19350,1
3-ORANGE,19431,1
3-ORANGE,19504,1
3-ORANGE,19526,1
3-ORANGE,19536,1
3-ORANGE,19628,1
3-ORANGE,19645,1
3-ORANGE,19702,1
3-ORANGE,19759,1
3-ORANGE,19884,1
3-ORANGE,19961,1
3-ORANGE,20025,1
3-ORANGE,20105,1
3-ORANGE,20206,1
3-ORANGE,20255,1
3-ORANGE,20449,1
3-ORANGE,20487,1
3-ORANGE,20582,1
3-ORANGE,20707,1
3-ORANGE,20887,1
3-ORANGE,20942,1
3-ORANGE,21075,1
3-ORANGE,21091,1
3-ORANGE,21496,1
3-ORANGE,21607,1
3-ORANGE,21636,1
3-ORANGE,21709,1
3-ORANGE,21748,1
3-ORANGE,21792,1
3-ORANGE,21816,1
3-ORANGE,21873,1
3-ORANGE,21874,1
3-ORANGE,22278,1
3-ORANGE,22287,1
3-ORANGE,22360,1
3-ORANGE,22846,1
3-ORANGE,22852,1
3-ORANGE,22885,1
3-ORANGE,22946,1
3-ORANGE,23124,1
3-ORANGE,23206,1
3-ORANGE,23329,1
3-ORANGE,23356,1
3-ORANGE,23380,1
3-ORANGE,23679,1
3-ORANGE,23690,1
3-ORANGE,24197,1
3-ORANGE,24738,1
3-ORANGE,25146,1
3-ORANGE,25244,1
3-ORANGE,25263,1
3-ORANGE,25303,1
3-ORANGE,25403,1
3-ORANGE,25600,1
3-ORANGE,25637,1
3-ORANGE,25703,1
3-ORANGE,25722,1
3-ORANGE,25867,1
3-ORANGE,25886,1
3-ORANGE,26408,1
3-ORANGE,26473,1
3-ORANGE,26574,1
3-ORANGE,26577,1
3-ORANGE,26750,1
3-ORANGE,26967,1
3-ORANGE,27372,1
3-ORANGE,27724,1
3-ORANGE,27726,1
3-ORANGE,27757,1
3-ORANGE,27909,1
3-ORANGE,28084,1
3-ORANGE,28242,1
3-ORANGE,28445,1
3-ORANGE,28686,1
3-ORANGE,28755,1
3-ORANGE,28847,1
3-ORANGE,28862,1
3-ORANGE,29081,1
3-ORANGE,29725,1
3-ORANGE,29844,1
3-ORANGE,34651,1
3-ORANGE,35635,1
3-ORANGE,41813,1
3-ORANGE,42446,1
3-ORANGE,44170,1
3-ORANGE,48600,1
3-ORANGE,51565,1
3-ORANGE,52701,1
3-ORANGE,57836,1
3-ORANGE,59098,1
3-ORANGE,63461,1
3-ORANGE,90794,1
3-ORANGE,110324,1
4-YELLOW,0,64
4-YELLOW,6,1
4-YELLOW,8,1
4-YELLOW,9,3
4-YELLOW,10,2
4-YELLOW,11,3
4-YELLOW,12,1
4-YELLOW,13,2
4-YELLOW,14,6
4-YELLOW,15,4
4-YELLOW,16,1
4-YELLOW,17,3
4-YELLOW,18,3
4-YELLOW,19,1
4-YELLOW,20,4
4-YELLOW,21,1
4-YELLOW,22,2
4-YELLOW,24,1
4-YELLOW,25,3
4-YELLOW,27,3
4-YELLOW,28,1
4-YELLOW,29,1
4-YELLOW,30,1
4-YELLOW,31,4
4-YELLOW,33,1
4-YELLOW,34,2
4-YELLOW,35,1
4-YELLOW,36,3
4-YELLOW,37,2
4-YELLOW,38,2
4-YELLOW,39,4
4-YELLOW,41,1
4-YELLOW,43,1
4-YELLOW,44,2
4-YELLOW,45,4
4-YELLOW,46,6
4-YELLOW,47,6
4-YELLOW,48,3
4-YELLOW,49,3
4-YELLOW,50,2
4-YELLOW,51,5
4-YELLOW,52,3
4-YELLOW,53,4
4-YELLOW,54,3
4-YELLOW,55,5
4-YELLOW,56,3
4-YELLOW,57,2
4-YELLOW,58,3
4-YELLOW,59,2
4-YELLOW,60,1
4-YELLOW,61,2
4-YELLOW,62,4
4-YELLOW,63,2
4-YELLOW,64,4
4-YELLOW,65,3
4-YELLOW,66,4
4-YELLOW,67,4
4-YELLOW,68,3
4-YELLOW,69,3
4-YELLOW,70,1
4-YELLOW,71,2
4-YELLOW,72,1
4-YELLOW,73,2
4-YELLOW,74,2
4-YELLOW,75,4
4-YELLOW,76,4
4-YELLOW,77,2
4-YELLOW,78,3
4-YELLOW,79,3
4-YELLOW,80,2
4-YELLOW,81,2
4-YELLOW,82,2
4-YELLOW,83,2
4-YELLOW,84,1
4-YELLOW,86,5
4-YELLOW,87,2
4-YELLOW,88,2
4-YELLOW,90,2
4-YELLOW,91,2
4-YELLOW,92,4
4-YELLOW,93,1
4-YELLOW,94,3
4-YELLOW,95,4
4-YELLOW,96,4
4-YELLOW,97,3
4-YELLOW,98,3
4-YELLOW,99,3
4-YELLOW,100,4
4-YELLOW,101,3
4-YELLOW,102,3
4-YELLOW,103,1
4-YELLOW,104,2
4-YELLOW,105,4
4-YELLOW,106,2
4-YELLOW,108,2
4-YELLOW,110,1
4-YELLOW,111,3
4-YELLOW,112,1
4-YELLOW,113,1
4-YELLOW,114,3
4-YELLOW,115,2
4-YELLOW,117,2
4-YELLOW,118,3
4-YELLOW,119,2
4-YELLOW,122,2
4-YELLOW,123,1
4-YELLOW,124,2
4-YELLOW,125,3
4-YELLOW,127,2
4-YELLOW,128,1
4-YELLOW,130,2
4-YELLOW,131,2
4-YELLOW,132,1
4-YELLOW,133,2
4-YELLOW,134,1
4-YELLOW,135,4
4-YELLOW,136,3
4-YELLOW,138,2
4-YELLOW,139,1
4-YELLOW,140,1
4-YELLOW,141,1
4-YELLOW,143,1
4-YELLOW,145,1
4-YELLOW,146,2
4-YELLOW,147,2
4-YELLOW,149,1
4-YELLOW,151,1
4-YELLOW,152,1
4-YELLOW,153,3
4-YELLOW,155,2
4-YELLOW,156,2
4-YELLOW,158,1
4-YELLOW,159,1
4-YELLOW,160,3
4-YELLOW,161,1
4-YELLOW,162,2
4-YELLOW,163,1
4-YELLOW,165,2
4-YELLOW,166,1
4-YELLOW,168,1
4-YELLOW,171,1
4-YELLOW,173,1
4-YELLOW,176,2
4-YELLOW,178,2
4-YELLOW,179,1
4-YELLOW,180,2
4-YELLOW,181,1
4-YELLOW,182,1
4-YELLOW,183,1
4-YELLOW,184,2
4-YELLOW,186,1
4-YELLOW,188,1
4-YELLOW,189,1
4-YELLOW,191,1
4-YELLOW,192,1
4-YELLOW,193,2
4-YELLOW,195,2
4-YELLOW,196,3
4-YELLOW,197,1
4-YELLOW,198,1
4-YELLOW,200,3
4-YELLOW,201,1
4-YELLOW,203,1
4-YELLOW,204,1
4-YELLOW,205,1
4-YELLOW,206,1
4-YELLOW,207,1
4-YELLOW,208,1
4-YELLOW,209,1
4-YELLOW,212,1
4-YELLOW,214,1
4-YELLOW,215,1
4-YELLOW,216,1
4-YELLOW,217,1
4-YELLOW,219,1
4-YELLOW,220,2
4-YELLOW,221,1
4-YELLOW,222,2
4-YELLOW,223,2
4-YELLOW,224,2
4-YELLOW,225,1
4-YELLOW,226,2
4-YELLOW,228,1
4-YELLOW,229,1
4-YELLOW,230,1
4-YELLOW,232,2
4-YELLOW,233,1
4-YELLOW,235,1
4-YELLOW,238,1
4-YELLOW,242,1
4-YELLOW,244,1
4-YELLOW,245,3
4-YELLOW,246,2
4-YELLOW,247,1
4-YELLOW,248,2
4-YELLOW,249,1
4-YELLOW,250,4
4-YELLOW,251,2
4-YELLOW,252,3
4-YELLOW,253,1
4-YELLOW,254,1
4-YELLOW,255,1
4-YELLOW,256,1
4-YELLOW,257,1
4-YELLOW,258,2
4-YELLOW,260,3
4-YELLOW,262,2
4-YELLOW,263,2
4-YELLOW,264,1
4-YELLOW,265,1
4-YELLOW,266,4
4-YELLOW,267,1
4-YELLOW,268,2
4-YELLOW,270,4
4-YELLOW,271,1
4-YELLOW,272,1
4-YELLOW,274,3
4-YELLOW,275,1
4-YELLOW,277,3
4-YELLOW,278,2
4-YELLOW,280,1
4-YELLOW,281,1
4-YELLOW,282,1
4-YELLOW,283,6
4-YELLOW,284,2
4-YELLOW,286,3
4-YELLOW,287,1
4-YELLOW,288,1
4-YELLOW,289,3
4-YELLOW,290,1
4-YELLOW,291,5
4-YELLOW,293,2
4-YELLOW,294,2
4-YELLOW,295,1
4-YELLOW,298,3
4-YELLOW,299,1
4-YELLOW,300,3
4-YELLOW,301,1
4-YELLOW,302,1
4-YELLOW,303,2
4-YELLOW,304,3
4-YELLOW,305,2
4-YELLOW,306,5
4-YELLOW,308,3
4-YELLOW,309,1
4-YELLOW,310,2
4-YELLOW,311,1
4-YELLOW,312,1
4-YELLOW,313,1
4-YELLOW,315,1
4-YELLOW,316,1
4-YELLOW,317,1
4-YELLOW,318,1
4-YELLOW,319,3
4-YELLOW,320,4
4-YELLOW,321,3
4-YELLOW,322,6
4-YELLOW,323,2
4-YELLOW,324,1
4-YELLOW,325,2
4-YELLOW,326,5
4-YELLOW,327,3
4-YELLOW,328,4
4-YELLOW,329,1
4-YELLOW,330,4
4-YELLOW,331,3
4-YELLOW,332,5
4-YELLOW,333,2
4-YELLOW,334,1
4-YELLOW,335,3
4-YELLOW,336,1
4-YELLOW,337,2
4-YELLOW,338,2
4-YELLOW,339,2
4-YELLOW,340,2
4-YELLOW,342,3
4-YELLOW,343,3
4-YELLOW,344,3
4-YELLOW,345,1
4-YELLOW,346,1
4-YELLOW,347,1
4-YELLOW,348,1
4-YELLOW,349,3
4-YELLOW,350,4
4-YELLOW,351,2
4-YELLOW,352,1
4-YELLOW,353,4
4-YELLOW,354,2
4-YELLOW,356,4
4-YELLOW,357,5
4-YELLOW,358,5
4-YELLOW,359,1
4-YELLOW,360,4
4-YELLOW,361,4
4-YELLOW,363,4
4-YELLOW,364,6
4-YELLOW,366,3
4-YELLOW,367,2
4-YELLOW,368,4
4-YELLOW,369,6
4-YELLOW,370,2
4-YELLOW,371,4
4-YELLOW,372,3
4-YELLOW,373,2
4-YELLOW,374,3
4-YELLOW,375,1
4-YELLOW,376,3
4-YELLOW,377,2
4-YELLOW,378,4
4-YELLOW,379,7
4-YELLOW,380,9
4-YELLOW,381,4
4-YELLOW,382,1
4-YELLOW,383,5
4-YELLOW,384,4
4-YELLOW,385,10
4-YELLOW,386,6
4-YELLOW,387,2
4-YELLOW,388,5
4-YELLOW,389,6
4-YELLOW,390,3
4-YELLOW,391,4
4-YELLOW,392,1
4-YELLOW,393,8
4-YELLOW,394,5
4-YELLOW,395,2
4-YELLOW,396,4
4-YELLOW,397,3
4-YELLOW,398,5
4-YELLOW,399,4
4-YELLOW,400,4
4-YELLOW,401,5
4-YELLOW,402,10
4-YELLOW,403,6
4-YELLOW,404,6
4-YELLOW,405,1
4-YELLOW,406,9
4-YELLOW,407,5
4-YELLOW,408,8
4-YELLOW,409,5
4-YELLOW,410,6
4-YELLOW,411,2
4-YELLOW,412,2
4-YELLOW,413,1
4-YELLOW,414,2
4-YELLOW,415,7
4-YELLOW,416,7
4-YELLOW,417,7
4-YELLOW,418,5
4-YELLOW,419,4
4-YELLOW,420,5
4-YELLOW,421,8
4-YELLOW,422,6
4-YELLOW,423,6
4-YELLOW,424,2
4-YELLOW,425,5
4-YELLOW,426,3
4-YELLOW,427,8
4-YELLOW,428,5
4-YELLOW,429,5
4-YELLOW,430,10
4-YELLOW,431,4
4-YELLOW,432,9
4-YELLOW,433,10
4-YELLOW,434,7
4-YELLOW,435,8
4-YELLOW,436,6
4-YELLOW,437,9
4-YELLOW,438,7
4-YELLOW,439,6
4-YELLOW,440,9
4-YELLOW,441,7
4-YELLOW,442,2
4-YELLOW,443,2
4-YELLOW,444,4
4-YELLOW,445,6
4-YELLOW,446,9
4-YELLOW,447,6
4-YELLOW,448,13
4-YELLOW,449,6
4-YELLOW,450,6
4-YELLOW,451,1
4-YELLOW,452,4
4-YELLOW,453,9
4-YELLOW,454,4
4-YELLOW,455,6
4-YELLOW,456,5
4-YELLOW,457,4
4-YELLOW,458,9
4-YELLOW,459,10
4-YELLOW,460,10
4-YELLOW,461,4
4-YELLOW,462,5
4-YELLOW,463,6
4-YELLOW,464,9
4-YELLOW,465,5
4-YELLOW,466,5
4-YELLOW,467,1
4-YELLOW,468,5
4-YELLOW,469,3
4-YELLOW,470,8
4-YELLOW,471,8
4-YELLOW,472,14
4-YELLOW,473,8
4-YELLOW,474,4
4-YELLOW,475,7
4-YELLOW,476,4
4-YELLOW,477,8
4-YELLOW,478,13
4-YELLOW,479,7
4-YELLOW,480,14
4-YELLOW,481,9
4-YELLOW,482,6
4-YELLOW,483,9
4-YELLOW,484,8
4-YELLOW,485,8
4-YELLOW,486,5
4-YELLOW,487,9
4-YELLOW,488,11
4-YELLOW,489,7
4-YELLOW,490,10
4-YELLOW,491,12
4-YELLOW,492,9
4-YELLOW,493,11
4-YELLOW,494,7
4-YELLOW,495,10
4-YELLOW,496,12
4-YELLOW,497,7
4-YELLOW,498,6
4-YELLOW,499,14
4-YELLOW,500,12
4-YELLOW,501,11
4-YELLOW,502,13
4-YELLOW,503,11
4-YELLOW,504,9
4-YELLOW,505,8
4-YELLOW,506,11
4-YELLOW,507,11
4-YELLOW,508,14
4-YELLOW,509,9
4-YELLOW,510,10
4-YELLOW,511,5
4-YELLOW,512,12
4-YELLOW,513,5
4-YELLOW,514,13
4-YELLOW,515,12
4-YELLOW,516,8
4-YELLOW,517,7
4-YELLOW,518,9
4-YELLOW,519,10
4-YELLOW,520,12
4-YELLOW,521,10
4-YELLOW,522,8
4-YELLOW,523,12
4-YELLOW,524,8
4-YELLOW,525,18
4-YELLOW,526,17
4-YELLOW,527,7
4-YELLOW,528,15
4-YELLOW,529,9
4-YELLOW,530,8
4-YELLOW,531,14
4-YELLOW,532,13
4-YELLOW,533,13
4-YELLOW,534,14
4-YELLOW,535,7
4-YELLOW,536,14
4-YELLOW,537,6
4-YELLOW,538,15
4-YELLOW,539,9
4-YELLOW,540,11
4-YELLOW,541,12
4-YELLOW,542,11
4-YELLOW,543,19
4-YELLOW,544,7
4-YELLOW,545,15
4-YELLOW,546,12
4-YELLOW,547,16
4-YELLOW,548,15
4-YELLOW,549,6
4-YELLOW,550,9
4-YELLOW,551,10
4-YELLOW,552,12
4-YELLOW,553,10
4-YELLOW,554,13
4-YELLOW,555,7
4-YELLOW,556,13
4-YELLOW,557,15
4-YELLOW,558,9
4-YELLOW,559,15
4-YELLOW,560,11
4-YELLOW,561,10
4-YELLOW,562,18
4-YELLOW,563,7
4-YELLOW,564,12
4-YELLOW,565,12
4-YELLOW,566,18
4-YELLOW,567,16
4-YELLOW,568,17
4-YELLOW,569,11
4-YELLOW,570,12
4-YELLOW,571,11
4-YELLOW,572,17
4-YELLOW,573,13
4-YELLOW,574,11
4-YELLOW,575,16
4-YELLOW,576,6
4-YELLOW,577,18
4-YELLOW,578,18
4-YELLOW,579,13
4-YELLOW,580,15
4-YELLOW,581,14
4-YELLOW,582,19
4-YELLOW,583,10
4-YELLOW,584,12
4-YELLOW,585,14
4-YELLOW,586,11
4-YELLOW,587,11
4-YELLOW,588,15
4-YELLOW,589,12
4-YELLOW,590,13
4-YELLOW,591,7
4-YELLOW,592,10
4-YELLOW,593,14
4-YELLOW,594,14
4-YELLOW,595,12
4-YELLOW,596,10
4-YELLOW,597,15
4-YELLOW,598,18
4-YELLOW,599,9
4-YELLOW,600,15
4-YELLOW,601,16
4-YELLOW,602,9
4-YELLOW,603,16
4-YELLOW,604,16
4-YELLOW,605,14
4-YELLOW,606,18
4-YELLOW,607,21
4-YELLOW,608,17
4-YELLOW,609,15
4-YELLOW,610,13
4-YELLOW,611,24
4-YELLOW,612,19
4-YELLOW,613,13
4-YELLOW,614,12
4-YELLOW,615,10
4-YELLOW,616,14
4-YELLOW,617,20
4-YELLOW,618,16
4-YELLOW,619,15
4-YELLOW,620,15
4-YELLOW,621,15
4-YELLOW,622,18
4-YELLOW,623,15
4-YELLOW,624,22
4-YELLOW,625,13
4-YELLOW,626,17
4-YELLOW,627,19
4-YELLOW,628,16
4-YELLOW,629,14
4-YELLOW,630,16
4-YELLOW,631,20
4-YELLOW,632,18
4-YELLOW,633,11
4-YELLOW,634,12
4-YELLOW,635,14
4-YELLOW,636,15
4-YELLOW,637,13
4-YELLOW,638,15
4-YELLOW,639,11
4-YELLOW,640,14
4-YELLOW,641,13
4-YELLOW,642,12
4-YELLOW,643,23
4-YELLOW,644,17
4-YELLOW,645,19
4-YELLOW,646,21
4-YELLOW,647,21
4-YELLOW,648,21
4-YELLOW,649,22
4-YELLOW,650,19
4-YELLOW,651,19
4-YELLOW,652,17
4-YELLOW,653,16
4-YELLOW,654,12
4-YELLOW,655,15
4-YELLOW,656,22
4-YELLOW,657,29
4-YELLOW,658,16
4-YELLOW,659,20
4-YELLOW,660,13
4-YELLOW,661,12
4-YELLOW,662,19
4-YELLOW,663,14
4-YELLOW,664,14
4-YELLOW,665,17
4-YELLOW,666,14
4-YELLOW,667,15
4-YELLOW,668,26
4-YELLOW,669,14
4-YELLOW,670,9
4-YELLOW,671,18
4-YELLOW,672,16
4-YELLOW,673,6
4-YELLOW,674,17
4-YELLOW,675,23
4-YELLOW,676,16
4-YELLOW,677,15
4-YELLOW,678,29
4-YELLOW,679,11
4-YELLOW,680,18
4-YELLOW,681,20
4-YELLOW,682,11
4-YELLOW,683,15
4-YELLOW,684,21
4-YELLOW,685,20
4-YELLOW,686,22
4-YELLOW,687,21
4-YELLOW,688,28
4-YELLOW,689,17
4-YELLOW,690,13
4-YELLOW,691,16
4-YELLOW,692,15
4-YELLOW,693,18
4-YELLOW,694,22
4-YELLOW,695,27
4-YELLOW,696,18
4-YELLOW,697,13
4-YELLOW,698,22
4-YELLOW,699,23
4-YELLOW,700,25
4-YELLOW,701,23
4-YELLOW,702,14
4-YELLOW,703,13
4-YELLOW,704,22
4-YELLOW,705,21
4-YELLOW,706,20
4-YELLOW,707,22
4-YELLOW,708,17
4-YELLOW,709,25
4-YELLOW,710,22
4-YELLOW,711,22
4-YELLOW,712,24
4-YELLOW,713,22
4-YELLOW,714,29
4-YELLOW,715,23
4-YELLOW,716,24
4-YELLOW,717,19
4-YELLOW,718,28
4-YELLOW,719,18
4-YELLOW,720,32
4-YELLOW,721,19
4-YELLOW,722,14
4-YELLOW,723,17
4-YELLOW,724,28
4-YELLOW,725,11
4-YELLOW,726,18
4-YELLOW,727,24
4-YELLOW,728,22
4-YELLOW,729,19
4-YELLOW,730,19
4-YELLOW,731,16
4-YELLOW,732,19
4-YELLOW,733,20
4-YELLOW,734,22
4-YELLOW,735,17
4-YELLOW,736,18
4-YELLOW,737,19
4-YELLOW,738,25
4-YELLOW,739,28
4-YELLOW,740,22
4-YELLOW,741,17
4-YELLOW,742,16
4-YELLOW,743,31
4-YELLOW,744,23
4-YELLOW,745,13
4-YELLOW,746,31
4-YELLOW,747,30
4-YELLOW,748,19
4-YELLOW,749,15
4-YELLOW,750,22
4-YELLOW,751,24
4-YELLOW,752,21
4-YELLOW,753,12
4-YELLOW,754,22
4-YELLOW,755,22
4-YELLOW,756,16
4-YELLOW,757,23
4-YELLOW,758,10
4-YELLOW,759,27
4-YELLOW,760,24
4-YELLOW,761,17
4-YELLOW,762,16
4-YELLOW,763,25
4-YELLOW,764,25
4-YELLOW,765,25
4-YELLOW,766,24
4-YELLOW,767,22
4-YELLOW,768,18
4-YELLOW,769,18
4-YELLOW,770,24
4-YELLOW,771,20
4-YELLOW,772,25
4-YELLOW,773,27
4-YELLOW,774,14
4-YELLOW,775,20
4-YELLOW,776,33
4-YELLOW,777,38
4-YELLOW,778,22
4-YELLOW,779,25
4-YELLOW,780,24
4-YELLOW,781,28
4-YELLOW,782,19
4-YELLOW,783,30
4-YELLOW,784,23
4-YELLOW,785,17
4-YELLOW,786,20
4-YELLOW,787,18
4-YELLOW,788,18
4-YELLOW,789,18
4-YELLOW,790,16
4-YELLOW,791,16
4-YELLOW,792,21
4-YELLOW,793,23
4-YELLOW,794,17
4-YELLOW,795,23
4-YELLOW,796,28
4-YELLOW,797,27
4-YELLOW,798,26
4-YELLOW,799,24
4-YELLOW,800,19
4-YELLOW,801,20
4-YELLOW,802,26
4-YELLOW,803,29
4-YELLOW,804,19
4-YELLOW,805,28
4-YELLOW,806,21
4-YELLOW,807,15
4-YELLOW,808,23
4-YELLOW,809,23
4-YELLOW,810,36
4-YELLOW,811,24
4-YELLOW,812,25
4-YELLOW,813,23
4-YELLOW,814,18
4-YELLOW,815,15
4-YELLOW,816,24
4-YELLOW,817,25
4-YELLOW,818,30
4-YELLOW,819,24
4-YELLOW,820,28
4-YELLOW,821,22
4-YELLOW,822,24
4-YELLOW,823,29
4-YELLOW,824,27
4-YELLOW,825,20
4-YELLOW,826,24
4-YELLOW,827,31
4-YELLOW,828,26
4-YELLOW,829,17
4-YELLOW,830,15
4-YELLOW,831,33
4-YELLOW,832,18
4-YELLOW,833,31
4-YELLOW,834,24
4-YELLOW,835,23
4-YELLOW,836,30
4-YELLOW,837,22
4-YELLOW,838,29
4-YELLOW,839,35
4-YELLOW,840,30
4-YELLOW,841,25
4-YELLOW,842,30
4-YELLOW,843,23
4-YELLOW,844,36
4-YELLOW,845,14
4-YELLOW,846,23
4-YELLOW,847,33
4-YELLOW,848,23
4-YELLOW,849,25
4-YELLOW,850,25
4-YELLOW,851,27
4-YELLOW,852,29
4-YELLOW,853,24
4-YELLOW,854,30
4-YELLOW,855,30
4-YELLOW,856,24
4-YELLOW,857,27
4-YELLOW,858,20
4-YELLOW,859,28
4-YELLOW,860,25
4-YELLOW,861,30
4-YELLOW,862,28
4-YELLOW,863,29
4-YELLOW,864,16
4-YELLOW,865,30
4-YELLOW,866,22
4-YELLOW,867,27
4-YELLOW,868,19
4-YELLOW,869,30
4-YELLOW,870,28
4-YELLOW,871,34
4-YELLOW,872,31
4-YELLOW,873,22
4-YELLOW,874,29
4-YELLOW,875,26
4-YELLOW,876,25
4-YELLOW,877,31
4-YELLOW,878,22
4-YELLOW,879,28
4-YELLOW,880,24
4-YELLOW,881,24
4-YELLOW,882,35
4-YELLOW,883,24
4-YELLOW,884,29
4-YELLOW,885,32
4-YELLOW,886,18
4-YELLOW,887,14
4-YELLOW,888,24
4-YELLOW,889,19
4-YELLOW,890,26
4-YELLOW,891,16
4-YELLOW,892,24
4-YELLOW,893,24
4-YELLOW,894,28
4-YELLOW,895,30
4-YELLOW,896,22
4-YELLOW,897,34
4-YELLOW,898,30
4-YELLOW,899,23
4-YELLOW,900,28
4-YELLOW,901,15
4-YELLOW,902,22
4-YELLOW,903,24
4-YELLOW,904,27
4-YELLOW,905,35
4-YELLOW,906,20
4-YELLOW,907,23
4-YELLOW,908,31
4-YELLOW,909,23
4-YELLOW,910,22
4-YELLOW,911,19
4-YELLOW,912,22
4-YELLOW,913,32
4-YELLOW,914,24
4-YELLOW,915,23
4-YELLOW,916,31
4-YELLOW,917,29
4-YELLOW,918,31
4-YELLOW,919,36
4-YELLOW,920,19
4-YELLOW,921,25
4-YELLOW,922,28
4-YELLOW,923,18
4-YELLOW,924,30
4-YELLOW,925,23
4-YELLOW,926,27
4-YELLOW,927,21
4-YELLOW,928,26
4-YELLOW,929,30
4-YELLOW,930,33
4-YELLOW,931,26
4-YELLOW,932,26
4-YELLOW,933,24
4-YELLOW,934,35
4-YELLOW,935,18
4-YELLOW,936,23
4-YELLOW,937,28
4-YELLOW,938,31
4-YELLOW,939,25
4-YELLOW,940,24
4-YELLOW,941,30
4-YELLOW,942,22
4-YELLOW,943,26
4-YELLOW,944,20
4-YELLOW,945,23
4-YELLOW,946,23
4-YELLOW,947,38
4-YELLOW,948,23
4-YELLOW,949,27
4-YELLOW,950,26
4-YELLOW,951,34
4-YELLOW,952,27
4-YELLOW,953,37
4-YELLOW,954,21
4-YELLOW,955,25
4-YELLOW,956,17
4-YELLOW,957,25
4-YELLOW,958,23
4-YELLOW,959,25
4-YELLOW,960,20
4-YELLOW,961,21
4-YELLOW,962,25
4-YELLOW,963,29
4-YELLOW,964,33
4-YELLOW,965,30
4-YELLOW,966,23
4-YELLOW,967,28
4-YELLOW,968,29
4-YELLOW,969,17
4-YELLOW,970,30
4-YELLOW,971,19
4-YELLOW,972,25
4-YELLOW,973,25
4-YELLOW,974,34
4-YELLOW,975,29
4-YELLOW,976,36
4-YELLOW,977,28
4-YELLOW,978,28
4-YELLOW,979,23
4-YELLOW,980,31
4-YELLOW,981,16
4-YELLOW,982,23
4-YELLOW,983,29
4-YELLOW,984,30
4-YELLOW,985,18
4-YELLOW,986,25
4-YELLOW,987,29
4-YELLOW,988,33
4-YELLOW,989,28
4-YELLOW,990,37
4-YELLOW,991,36
4-YELLOW,992,26
4-YELLOW,993,23
4-YELLOW,994,25
4-YELLOW,995,21
4-YELLOW,996,22
4-YELLOW,997,23
4-YELLOW,998,24
4-YELLOW,999,30
4-YELLOW,1000,31
4-YELLOW,1001,19
4-YELLOW,1002,28
4-YELLOW,1003,26
4-YELLOW,1004,29
4-YELLOW,1005,32
4-YELLOW,1006,30
4-YELLOW,1007,28
4-YELLOW,1008,30
4-YELLOW,1009,24
4-YELLOW,1010,29
4-YELLOW,1011,25
4-YELLOW,1012,40
4-YELLOW,1013,25
4-YELLOW,1014,30
4-YELLOW,1015,31
4-YELLOW,1016,19
4-YELLOW,1017,36
4-YELLOW,1018,29
4-YELLOW,1019,29
4-YELLOW,1020,35
4-YELLOW,1021,32
4-YELLOW,1022,15
4-YELLOW,1023,29
4-YELLOW,1024,34
4-YELLOW,1025,27
4-YELLOW,1026,31
4-YELLOW,1027,27
4-YELLOW,1028,24
4-YELLOW,1029,29
4-YELLOW,1030,29
4-YELLOW,1031,27
4-YELLOW,1032,34
4-YELLOW,1033,25
4-YELLOW,1034,24
4-YELLOW,1035,33
4-YELLOW,1036,30
4-YELLOW,1037,29
4-YELLOW,1038,27
4-YELLOW,1039,21
4-YELLOW,1040,30
4-YELLOW,1041,22
4-YELLOW,1042,35
4-YELLOW,1043,36
4-YELLOW,1044,30
4-YELLOW,1045,29
4-YELLOW,1046,29
4-YELLOW,1047,34
4-YELLOW,1048,30
4-YELLOW,1049,20
4-YELLOW,1050,18
4-YELLOW,1051,28
4-YELLOW,1052,25
4-YELLOW,1053,30
4-YELLOW,1054,32
4-YELLOW,1055,37
4-YELLOW,1056,27
4-YELLOW,1057,25
4-YELLOW,1058,22
4-YELLOW,1059,46
4-YELLOW,1060,24
4-YELLOW,1061,32
4-YELLOW,1062,25
4-YELLOW,1063,22
4-YELLOW,1064,27
4-YELLOW,1065,25
4-YELLOW,1066,27
4-YELLOW,1067,30
4-YELLOW,1068,37
4-YELLOW,1069,29
4-YELLOW,1070,27
4-YELLOW,1071,35
4-YELLOW,1072,34
4-YELLOW,1073,25
4-YELLOW,1074,37
4-YELLOW,1075,27
4-YELLOW,1076,25
4-YELLOW,1077,30
4-YELLOW,1078,35
4-YELLOW,1079,23
4-YELLOW,1080,23
4-YELLOW,1081,29
4-YELLOW,1082,31
4-YELLOW,1083,22
4-YELLOW,1084,25
4-YELLOW,1085,15
4-YELLOW,1086,24
4-YELLOW,1087,31
4-YELLOW,1088,20
4-YELLOW,1089,25
4-YELLOW,1090,21
4-YELLOW,1091,25
4-YELLOW,1092,25
4-YELLOW,1093,28
4-YELLOW,1094,34
4-YELLOW,1095,25
4-YELLOW,1096,19
4-YELLOW,1097,27
4-YELLOW,1098,24
4-YELLOW,1099,19
4-YELLOW,1100,27
4-YELLOW,1101,29
4-YELLOW,1102,33
4-YELLOW,1103,35
4-YELLOW,1104,23
4-YELLOW,1105,19
4-YELLOW,1106,31
4-YELLOW,1107,24
4-YELLOW,1108,26
4-YELLOW,1109,17
4-YELLOW,1110,37
4-YELLOW,1111,34
4-YELLOW,1112,18
4-YELLOW,1113,28
4-YELLOW,1114,25
4-YELLOW,1115,27
4-YELLOW,1116,36
4-YELLOW,1117,31
4-YELLOW,1118,33
4-YELLOW,1119,42
4-YELLOW,1120,34
4-YELLOW,1121,21
4-YELLOW,1122,30
4-YELLOW,1123,23
4-YELLOW,1124,24
4-YELLOW,1125,30
4-YELLOW,1126,26
4-YELLOW,1127,31
4-YELLOW,1128,13
4-YELLOW,1129,26
4-YELLOW,1130,17
4-YELLOW,1131,27
4-YELLOW,1132,30
4-YELLOW,1133,25
4-YELLOW,1134,34
4-YELLOW,1135,23
4-YELLOW,1136,21
4-YELLOW,1137,31
4-YELLOW,1138,19
4-YELLOW,1139,24
4-YELLOW,1140,26
4-YELLOW,1141,20
4-YELLOW,1142,29
4-YELLOW,1143,20
4-YELLOW,1144,28
4-YELLOW,1145,25
4-YELLOW,1146,31
4-YELLOW,1147,25
4-YELLOW,1148,31
4-YELLOW,1149,34
4-YELLOW,1150,26
4-YELLOW,1151,37
4-YELLOW,1152,23
4-YELLOW,1153,25
4-YELLOW,1154,24
4-YELLOW,1155,28
4-YELLOW,1156,24
4-YELLOW,1157,36
4-YELLOW,1158,18
4-YELLOW,1159,36
4-YELLOW,1160,26
4-YELLOW,1161,23
4-YELLOW,1162,27
4-YELLOW,1163,25
4-YELLOW,1164,31
4-YELLOW,1165,27
4-YELLOW,1166,23
4-YELLOW,1167,32
4-YELLOW,1168,22
4-YELLOW,1169,30
4-YELLOW,1170,17
4-YELLOW,1171,22
4-YELLOW,1172,26
4-YELLOW,1173,24
4-YELLOW,1174,38
4-YELLOW,1175,21
4-YELLOW,1176,30
4-YELLOW,1177,21
4-YELLOW,1178,30
4-YELLOW,1179,17
4-YELLOW,1180,21
4-YELLOW,1181,21
4-YELLOW,1182,26
4-YELLOW,1183,30
4-YELLOW,1184,24
4-YELLOW,1185,23
4-YELLOW,1186,28
4-YELLOW,1187,26
4-YELLOW,1188,32
4-YELLOW,1189,23
4-YELLOW,1190,21
4-YELLOW,1191,25
4-YELLOW,1192,31
4-YELLOW,1193,24
4-YELLOW,1194,22
4-YELLOW,1195,31
4-YELLOW,1196,23
4-YELLOW,1197,28
4-YELLOW,1198,27
4-YELLOW,1199,24
4-YELLOW,1200,22
4-YELLOW,1201,17
4-YELLOW,1202,25
4-YELLOW,1203,23
4-YELLOW,1204,38
4-YELLOW,1205,35
4-YELLOW,1206,30
4-YELLOW,1207,31
4-YELLOW,1208,29
4-YELLOW,1209,18
4-YELLOW,1210,23
4-YELLOW,1211,17
4-YELLOW,1212,25
4-YELLOW,1213,34
4-YELLOW,1214,28
4-YELLOW,1215,23
4-YELLOW,1216,29
4-YELLOW,1217,29
4-YELLOW,1218,17
4-YELLOW,1219,26
4-YELLOW,1220,31
4-YELLOW,1221,19
4-YELLOW,1222,18
4-YELLOW,1223,25
4-YELLOW,1224,22
4-YELLOW,1225,25
4-YELLOW,1226,23
4-YELLOW,1227,29
4-YELLOW,1228,19
4-YELLOW,1229,29
4-YELLOW,1230,26
4-YELLOW,1231,14
4-YELLOW,1232,13
4-YELLOW,1233,24
4-YELLOW,1234,28
4-YELLOW,1235,23
4-YELLOW,1236,19
4-YELLOW,1237,19
4-YELLOW,1238,25
4-YELLOW,1239,25
4-YELLOW,1240,23
4-YELLOW,1241,31
4-YELLOW,1242,31
4-YELLOW,1243,19
4-YELLOW,1244,21
4-YELLOW,1245,17
4-YELLOW,1246,28
4-YELLOW,1247,25
4-YELLOW,1248,26
4-YELLOW,1249,23
4-YELLOW,1250,29
4-YELLOW,1251,21
4-YELLOW,1252,22
4-YELLOW,1253,20
4-YELLOW,1254,30
4-YELLOW,1255,27
4-YELLOW,1256,33
4-YELLOW,1257,14
4-YELLOW,1258,15
4-YELLOW,1259,37
4-YELLOW,1260,34
4-YELLOW,1261,22
4-YELLOW,1262,22
4-YELLOW,1263,29
4-YELLOW,1264,22
4-YELLOW,1265,29
4-YELLOW,1266,30
4-YELLOW,1267,26
4-YELLOW,1268,21
4-YELLOW,1269,21
4-YELLOW,1270,30
4-YELLOW,1271,27
4-YELLOW,1272,24
4-YELLOW,1273,16
4-YELLOW,1274,26
4-YELLOW,1275,21
4-YELLOW,1276,21
4-YELLOW,1277,26
4-YELLOW,1278,16
4-YELLOW,1279,18
4-YELLOW,1280,28
4-YELLOW,1281,24
4-YELLOW,1282,29
4-YELLOW,1283,31
4-YELLOW,1284,32
4-YELLOW,1285,29
4-YELLOW,1286,27
4-YELLOW,1287,28
4-YELLOW,1288,22
4-YELLOW,1289,23
4-YELLOW,1290,19
4-YELLOW,1291,25
4-YELLOW,1292,27
4-YELLOW,1293,14
4-YELLOW,1294,28
4-YELLOW,1295,32
4-YELLOW,1296,23
4-YELLOW,1297,31
4-YELLOW,1298,22
4-YELLOW,1299,28
4-YELLOW,1300,25
4-YELLOW,1301,30
4-YELLOW,1302,22
4-YELLOW,1303,17
4-YELLOW,1304,21
4-YELLOW,1305,27
4-YELLOW,1306,16
4-YELLOW,1307,25
4-YELLOW,1308,23
4-YELLOW,1309,19
4-YELLOW,1310,18
4-YELLOW,1311,24
4-YELLOW,1312,27
4-YELLOW,1313,20
4-YELLOW,1314,22
4-YELLOW,1315,20
4-YELLOW,1316,17
4-YELLOW,1317,30
4-YELLOW,1318,27
4-YELLOW,1319,23
4-YELLOW,1320,24
4-YELLOW,1321,24
4-YELLOW,1322,19
4-YELLOW,1323,21
4-YELLOW,1324,29
4-YELLOW,1325,25
4-YELLOW,1326,21
4-YELLOW,1327,26
4-YELLOW,1328,13
4-YELLOW,1329,24
4-YELLOW,1330,18
4-YELLOW,1331,14
4-YELLOW,1332,23
4-YELLOW,1333,17
4-YELLOW,1334,24
4-YELLOW,1335,22
4-YELLOW,1336,27
4-YELLOW,1337,22
4-YELLOW,1338,19
4-YELLOW,1339,22
4-YELLOW,1340,22
4-YELLOW,1341,27
4-YELLOW,1342,28
4-YELLOW,1343,21
4-YELLOW,1344,20
4-YELLOW,1345,20
4-YELLOW,1346,18
4-YELLOW,1347,13
4-YELLOW,1348,22
4-YELLOW,1349,22
4-YELLOW,1350,21
4-YELLOW,1351,21
4-YELLOW,1352,19
4-YELLOW,1353,29
4-YELLOW,1354,21
4-YELLOW,1355,21
4-YELLOW,1356,22
4-YELLOW,1357,17
4-YELLOW,1358,21
4-YELLOW,1359,22
4-YELLOW,1360,25
4-YELLOW,1361,33
4-YELLOW,1362,22
4-YELLOW,1363,29
4-YELLOW,1364,23
4-YELLOW,1365,19
4-YELLOW,1366,24
4-YELLOW,1367,22
4-YELLOW,1368,18
4-YELLOW,1369,17
4-YELLOW,1370,25
4-YELLOW,1371,30
4-YELLOW,1372,31
4-YELLOW,1373,19
4-YELLOW,1374,23
4-YELLOW,1375,23
4-YELLOW,1376,14
4-YELLOW,1377,20
4-YELLOW,1378,20
4-YELLOW,1379,24
4-YELLOW,1380,22
4-YELLOW,1381,25
4-YELLOW,1382,17
4-YELLOW,1383,26
4-YELLOW,1384,28
4-YELLOW,1385,34
4-YELLOW,1386,31
4-YELLOW,1387,25
4-YELLOW,1388,28
4-YELLOW,1389,21
4-YELLOW,1390,27
4-YELLOW,1391,27
4-YELLOW,1392,13
4-YELLOW,1393,19
4-YELLOW,1394,18
4-YELLOW,1395,21
4-YELLOW,1396,26
4-YELLOW,1397,25
4-YELLOW,1398,25
4-YELLOW,1399,19
4-YELLOW,1400,16
4-YELLOW,1401,17
4-YELLOW,1402,26
4-YELLOW,1403,19
4-YELLOW,1404,16
4-YELLOW,1405,30
4-YELLOW,1406,19
4-YELLOW,1407,17
4-YELLOW,1408,16
4-YELLOW,1409,18
4-YELLOW,1410,18
4-YELLOW,1411,27
4-YELLOW,1412,20
4-YELLOW,1413,28
4-YELLOW,1414,19
4-YELLOW,1415,23
4-YELLOW,1416,19
4-YELLOW,1417,18
4-YELLOW,1418,30
4-YELLOW,1419,18
4-YELLOW,1420,30
4-YELLOW,1421,29
4-YELLOW,1422,21
4-YELLOW,1423,27
4-YELLOW,1424,25
4-YELLOW,1425,19
4-YELLOW,1426,18
4-YELLOW,1427,22
4-YELLOW,1428,29
4-YELLOW,1429,21
4-YELLOW,1430,24
4-YELLOW,1431,23
4-YELLOW,1432,23
4-YELLOW,1433,15
4-YELLOW,1434,22
4-YELLOW,1435,29
4-YELLOW,1436,13
4-YELLOW,1437,11
4-YELLOW,1438,17
4-YELLOW,1439,15
4-YELLOW,1440,18
4-YELLOW,1441,22
4-YELLOW,1442,19
4-YELLOW,1443,17
4-YELLOW,1444,22
4-YELLOW,1445,10
4-YELLOW,1446,18
4-YELLOW,1447,21
4-YELLOW,1448,27
4-YELLOW,1449,18
4-YELLOW,1450,24
4-YELLOW,1451,12
4-YELLOW,1452,22
4-YELLOW,1453,24
4-YELLOW,1454,16
4-YELLOW,1455,22
4-YELLOW,1456,25
4-YELLOW,1457,13
4-YELLOW,1458,23
4-YELLOW,1459,19
4-YELLOW,1460,21
4-YELLOW,1461,22
4-YELLOW,1462,27
4-YELLOW,1463,12
4-YELLOW,1464,20
4-YELLOW,1465,18
4-YELLOW,1466,19
4-YELLOW,1467,25
4-YELLOW,1468,19
4-YELLOW,1469,21
4-YELLOW,1470,25
4-YELLOW,1471,21
4-YELLOW,1472,22
4-YELLOW,1473,27
4-YELLOW,1474,21
4-YELLOW,1475,14
4-YELLOW,1476,15
4-YELLOW,1477,17
4-YELLOW,1478,25
4-YELLOW,1479,16
4-YELLOW,1480,14
4-YELLOW,1481,26
4-YELLOW,1482,20
4-YELLOW,1483,20
4-YELLOW,1484,25
4-YELLOW,1485,16
4-YELLOW,1486,24
4-YELLOW,1487,14
4-YELLOW,1488,20
4-YELLOW,1489,23
4-YELLOW,1490,25
4-YELLOW,1491,24
4-YELLOW,1492,23
4-YELLOW,1493,17
4-YELLOW,1494,23
4-YELLOW,1495,19
4-YELLOW,1496,15
4-YELLOW,1497,18
4-YELLOW,1498,20
4-YELLOW,1499,20
4-YELLOW,1500,26
4-YELLOW,1501,22
4-YELLOW,1502,19
4-YELLOW,1503,19
4-YELLOW,1504,19
4-YELLOW,1505,14
4-YELLOW,1506,20
4-YELLOW,1507,20
4-YELLOW,1508,19
4-YELLOW,1509,17
4-YELLOW,1510,24
4-YELLOW,1511,19
4-YELLOW,1512,23
4-YELLOW,1513,17
4-YELLOW,1514,22
4-YELLOW,1515,21
4-YELLOW,1516,24
4-YELLOW,1517,15
4-YELLOW,1518,15
4-YELLOW,1519,19
4-YELLOW,1520,26
4-YELLOW,1521,24
4-YELLOW,1522,27
4-YELLOW,1523,22
4-YELLOW,1524,18
4-YELLOW,1525,28
4-YELLOW,1526,25
4-YELLOW,1527,20
4-YELLOW,1528,15
4-YELLOW,1529,19
4-YELLOW,1530,14
4-YELLOW,1531,21
4-YELLOW,1532,27
4-YELLOW,1533,23
4-YELLOW,1534,30
4-YELLOW,1535,18
4-YELLOW,1536,25
4-YELLOW,1537,24
4-YELLOW,1538,17
4-YELLOW,1539,23
4-YELLOW,1540,16
4-YELLOW,1541,26
4-YELLOW,1542,15
4-YELLOW,1543,15
4-YELLOW,1544,23
4-YELLOW,1545,26
4-YELLOW,1546,17
4-YELLOW,1547,21
4-YELLOW,1548,25
4-YELLOW,1549,19
4-YELLOW,1550,11
4-YELLOW,1551,22
4-YELLOW,1552,12
4-YELLOW,1553,29
4-YELLOW,1554,23
4-YELLOW,1555,23
4-YELLOW,1556,19
4-YELLOW,1557,12
4-YELLOW,1558,21
4-YELLOW,1559,22
4-YELLOW,1560,19
4-YELLOW,1561,17
4-YELLOW,1562,25
4-YELLOW,1563,18
4-YELLOW,1564,24
4-YELLOW,1565,20
4-YELLOW,1566,22
4-YELLOW,1567,18
4-YELLOW,1568,21
4-YELLOW,1569,23
4-YELLOW,1570,23
4-YELLOW,1571,22
4-YELLOW,1572,27
4-YELLOW,1573,16
4-YELLOW,1574,20
4-YELLOW,1575,12
4-YELLOW,1576,21
4-YELLOW,1577,25
4-YELLOW,1578,12
4-YELLOW,1579,17
4-YELLOW,1580,20
4-YELLOW,1581,17
4-YELLOW,1582,21
4-YELLOW,1583,16
4-YELLOW,1584,18
4-YELLOW,1585,17
4-YELLOW,1586,11
4-YELLOW,1587,16
4-YELLOW,1588,15
4-YELLOW,1589,23
4-YELLOW,1590,13
4-YELLOW,1591,13
4-YELLOW,1592,13
4-YELLOW,1593,16
4-YELLOW,1594,26
4-YELLOW,1595,13
4-YELLOW,1596,19
4-YELLOW,1597,30
4-YELLOW,1598,17
4-YELLOW,1599,27
4-YELLOW,1600,21
4-YELLOW,1601,18
4-YELLOW,1602,19
4-YELLOW,1603,11
4-YELLOW,1604,14
4-YELLOW,1605,13
4-YELLOW,1606,20
4-YELLOW,1607,25
4-YELLOW,1608,15
4-YELLOW,1609,14
4-YELLOW,1610,27
4-YELLOW,1611,16
4-YELLOW,1612,11
4-YELLOW,1613,19
4-YELLOW,1614,20
4-YELLOW,1615,26
4-YELLOW,1616,17
4-YELLOW,1617,26
4-YELLOW,1618,13
4-YELLOW,1619,21
4-YELLOW,1620,10
4-YELLOW,1621,9
4-YELLOW,1622,22
4-YELLOW,1623,20
4-YELLOW,1624,22
4-YELLOW,1625,26
4-YELLOW,1626,15
4-YELLOW,1627,25
4-YELLOW,1628,17
4-YELLOW,1629,23
4-YELLOW,1630,16
4-YELLOW,1631,20
4-YELLOW,1632,15
4-YELLOW,1633,22
4-YELLOW,1634,23
4-YELLOW,1635,17
4-YELLOW,1636,17
4-YELLOW,1637,27
4-YELLOW,1638,14
4-YELLOW,1639,18
4-YELLOW,1640,14
4-YELLOW,1641,22
4-YELLOW,1642,19
4-YELLOW,1643,17
4-YELLOW,1644,15
4-YELLOW,1645,16
4-YELLOW,1646,10
4-YELLOW,1647,13
4-YELLOW,1648,13
4-YELLOW,1649,21
4-YELLOW,1650,18
4-YELLOW,1651,14
4-YELLOW,1652,11
4-YELLOW,1653,13
4-YELLOW,1654,19
4-YELLOW,1655,17
4-YELLOW,1656,10
4-YELLOW,1657,13
4-YELLOW,1658,20
4-YELLOW,1659,16
4-YELLOW,1660,27
4-YELLOW,1661,21
4-YELLOW,1662,20
4-YELLOW,1663,18
4-YELLOW,1664,12
4-YELLOW,1665,16
4-YELLOW,1666,11
4-YELLOW,1667,22
4-YELLOW,1668,16
4-YELLOW,1669,18
4-YELLOW,1670,19
4-YELLOW,1671,18
4-YELLOW,1672,14
4-YELLOW,1673,16
4-YELLOW,1674,21
4-YELLOW,1675,13
4-YELLOW,1676,18
4-YELLOW,1677,21
4-YELLOW,1678,18
4-YELLOW,1679,17
4-YELLOW,1680,14
4-YELLOW,1681,17
4-YELLOW,1682,19
4-YELLOW,1683,24
4-YELLOW,1684,15
4-YELLOW,1685,27
4-YELLOW,1686,16
4-YELLOW,1687,16
4-YELLOW,1688,14
4-YELLOW,1689,19
4-YELLOW,1690,20
4-YELLOW,1691,17
4-YELLOW,1692,17
4-YELLOW,1693,12
4-YELLOW,1694,15
4-YELLOW,1695,23
4-YELLOW,1696,18
4-YELLOW,1697,14
4-YELLOW,1698,18
4-YELLOW,1699,16
4-YELLOW,1700,20
4-YELLOW,1701,14
4-YELLOW,1702,19
4-YELLOW,1703,24
4-YELLOW,1704,21
4-YELLOW,1705,23
4-YELLOW,1706,8
4-YELLOW,1707,14
4-YELLOW,1708,24
4-YELLOW,1709,22
4-YELLOW,1710,18
4-YELLOW,1711,15
4-YELLOW,1712,20
4-YELLOW,1713,13
4-YELLOW,1714,17
4-YELLOW,1715,10
4-YELLOW,1716,21
4-YELLOW,1717,26
4-YELLOW,1718,14
4-YELLOW,1719,15
4-YELLOW,1720,21
4-YELLOW,1721,15
4-YELLOW,1722,19
4-YELLOW,1723,14
4-YELLOW,1724,13
4-YELLOW,1725,15
4-YELLOW,1726,22
4-YELLOW,1727,21
4-YELLOW,1728,16
4-YELLOW,1729,9
4-YELLOW,1730,21
4-YELLOW,1731,14
4-YELLOW,1732,11
4-YELLOW,1733,10
4-YELLOW,1734,18
4-YELLOW,1735,20
4-YELLOW,1736,25
4-YELLOW,1737,20
4-YELLOW,1738,23
4-YELLOW,1739,10
4-YELLOW,1740,25
4-YELLOW,1741,20
4-YELLOW,1742,16
4-YELLOW,1743,23
4-YELLOW,1744,19
4-YELLOW,1745,19
4-YELLOW,1746,13
4-YELLOW,1747,20
4-YELLOW,1748,18
4-YELLOW,1749,15
4-YELLOW,1750,15
4-YELLOW,1751,14
4-YELLOW,1752,17
4-YELLOW,1753,18
4-YELLOW,1754,11
4-YELLOW,1755,15
4-YELLOW,1756,16
4-YELLOW,1757,15
4-YELLOW,1758,19
4-YELLOW,1759,12
4-YELLOW,1760,12
4-YELLOW,1761,20
4-YELLOW,1762,16
4-YELLOW,1763,14
4-YELLOW,1764,13
4-YELLOW,1765,18
4-YELLOW,1766,20
4-YELLOW,1767,19
4-YELLOW,1768,18
4-YELLOW,1769,16
4-YELLOW,1770,19
4-YELLOW,1771,13
4-YELLOW,1772,13
4-YELLOW,1773,16
4-YELLOW,1774,21
4-YELLOW,1775,16
4-YELLOW,1776,19
4-YELLOW,1777,17
4-YELLOW,1778,13
4-YELLOW,1779,13
4-YELLOW,1780,12
4-YELLOW,1781,16
4-YELLOW,1782,14
4-YELLOW,1783,14
4-YELLOW,1784,15
4-YELLOW,1785,13
4-YELLOW,1786,14
4-YELLOW,1787,18
4-YELLOW,1788,17
4-YELLOW,1789,15
4-YELLOW,1790,21
4-YELLOW,1791,7
4-YELLOW,1792,12
4-YELLOW,1793,15
4-YELLOW,1794,12
4-YELLOW,1795,11
4-YELLOW,1796,16
4-YELLOW,1797,20
4-YELLOW,1798,12
4-YELLOW,1799,13
4-YELLOW,1800,14
4-YELLOW,1801,12
4-YELLOW,1802,13
4-YELLOW,1803,24
4-YELLOW,1804,8
4-YELLOW,1805,12
4-YELLOW,1806,21
4-YELLOW,1807,15
4-YELLOW,1808,12
4-YELLOW,1809,15
4-YELLOW,1810,7
4-YELLOW,1811,17
4-YELLOW,1812,13
4-YELLOW,1813,11
4-YELLOW,1814,15
4-YELLOW,1815,11
4-YELLOW,1816,19
4-YELLOW,1817,14
4-YELLOW,1818,17
4-YELLOW,1819,18
4-YELLOW,1820,25
4-YELLOW,1821,9
4-YELLOW,1822,14
4-YELLOW,1823,14
4-YELLOW,1824,13
4-YELLOW,1825,22
4-YELLOW,1826,14
4-YELLOW,1827,14
4-YELLOW,1828,20
4-YELLOW,1829,5
4-YELLOW,1830,16
4-YELLOW,1831,9
4-YELLOW,1832,18
4-YELLOW,1833,22
4-YELLOW,1834,22
4-YELLOW,1835,12
4-YELLOW,1836,11
4-YELLOW,1837,16
4-YELLOW,1838,24
4-YELLOW,1839,14
4-YELLOW,1840,19
4-YELLOW,1841,13
4-YELLOW,1842,17
4-YELLOW,1843,16
4-YELLOW,1844,18
4-YELLOW,1845,12
4-YELLOW,1846,16
4-YELLOW,1847,9
4-YELLOW,1848,10
4-YELLOW,1849,15
4-YELLOW,1850,15
4-YELLOW,1851,17
4-YELLOW,1852,16
4-YELLOW,1853,17
4-YELLOW,1854,7
4-YELLOW,1855,22
4-YELLOW,1856,19
4-YELLOW,1857,12
4-YELLOW,1858,24
4-YELLOW,1859,12
4-YELLOW,1860,15
4-YELLOW,1861,12
4-YELLOW,1862,16
4-YELLOW,1863,14
4-YELLOW,1864,14
4-YELLOW,1865,16
4-YELLOW,1866,13
4-YELLOW,1867,13
4-YELLOW,1868,13
4-YELLOW,1869,9
4-YELLOW,1870,19
4-YELLOW,1871,18
4-YELLOW,1872,19
4-YELLOW,1873,17
4-YELLOW,1874,15
4-YELLOW,1875,21
4-YELLOW,1876,14
4-YELLOW,1877,13
4-YELLOW,1878,14
4-YELLOW,1879,15
4-YELLOW,1880,15
4-YELLOW,1881,19
4-YELLOW,1882,18
4-YELLOW,1883,14
4-YELLOW,1884,13
4-YELLOW,1885,12
4-YELLOW,1886,20
4-YELLOW,1887,13
4-YELLOW,1888,8
4-YELLOW,1889,10
4-YELLOW,1890,6
4-YELLOW,1891,16
4-YELLOW,1892,14
4-YELLOW,1893,11
4-YELLOW,1894,21
4-YELLOW,1895,16
4-YELLOW,1896,14
4-YELLOW,1897,14
4-YELLOW,1898,21
4-YELLOW,1899,17
4-YELLOW,1900,13
4-YELLOW,1901,15
4-YELLOW,1902,14
4-YELLOW,1903,15
4-YELLOW,1904,14
4-YELLOW,1905,14
4-YELLOW,1906,13
4-YELLOW,1907,16
4-YELLOW,1908,14
4-YELLOW,1909,15
4-YELLOW,1910,19
4-YELLOW,1911,15
4-YELLOW,1912,22
4-YELLOW,1913,15
4-YELLOW,1914,10
4-YELLOW,1915,11
4-YELLOW,1916,20
4-YELLOW,1917,14
4-YELLOW,1918,13
4-YELLOW,1919,17
4-YELLOW,1920,8
4-YELLOW,1921,12
4-YELLOW,1922,5
4-YELLOW,1923,13
4-YELLOW,1924,13
4-YELLOW,1925,12
4-YELLOW,1926,13
4-YELLOW,1927,9
4-YELLOW,1928,13
4-YELLOW,1929,12
4-YELLOW,1930,13
4-YELLOW,1931,16
4-YELLOW,1932,13
4-YELLOW,1933,19
4-YELLOW,1934,17
4-YELLOW,1935,15
4-YELLOW,1936,10
4-YELLOW,1937,8
4-YELLOW,1938,9
4-YELLOW,1939,15
4-YELLOW,1940,17
4-YELLOW,1941,13
4-YELLOW,1942,11
4-YELLOW,1943,11
4-YELLOW,1944,10
4-YELLOW,1945,14
4-YELLOW,1946,14
4-YELLOW,1947,13
4-YELLOW,1948,12
4-YELLOW,1949,13
4-YELLOW,1950,11
4-YELLOW,1951,15
4-YELLOW,1952,11
4-YELLOW,1953,12
4-YELLOW,1954,10
4-YELLOW,1955,10
4-YELLOW,1956,10
4-YELLOW,1957,15
4-YELLOW,1958,10
4-YELLOW,1959,19
4-YELLOW,1960,13
4-YELLOW,1961,17
4-YELLOW,1962,13
4-YELLOW,1963,14
4-YELLOW,1964,14
4-YELLOW,1965,7
4-YELLOW,1966,7
4-YELLOW,1967,16
4-YELLOW,1968,15
4-YELLOW,1969,14
4-YELLOW,1970,15
4-YELLOW,1971,15
4-YELLOW,1972,21
4-YELLOW,1973,9
4-YELLOW,1974,12
4-YELLOW,1975,16
4-YELLOW,1976,6
4-YELLOW,1977,16
4-YELLOW,1978,10
4-YELLOW,1979,10
4-YELLOW,1980,7
4-YELLOW,1981,15
4-YELLOW,1982,17
4-YELLOW,1983,16
4-YELLOW,1984,20
4-YELLOW,1985,14
4-YELLOW,1986,14
4-YELLOW,1987,11
4-YELLOW,1988,12
4-YELLOW,1989,11
4-YELLOW,1990,18
4-YELLOW,1991,13
4-YELLOW,1992,16
4-YELLOW,1993,10
4-YELLOW,1994,8
4-YELLOW,1995,12
4-YELLOW,1996,17
4-YELLOW,1997,13
4-YELLOW,1998,10
4-YELLOW,1999,20
4-YELLOW,2000,13
4-YELLOW,2001,18
4-YELLOW,2002,17
4-YELLOW,2003,15
4-YELLOW,2004,9
4-YELLOW,2005,15
4-YELLOW,2006,7
4-YELLOW,2007,17
4-YELLOW,2008,19
4-YELLOW,2009,10
4-YELLOW,2010,8
4-YELLOW,2011,13
4-YELLOW,2012,13
4-YELLOW,2013,9
4-YELLOW,2014,13
4-YELLOW,2015,18
4-YELLOW,2016,9
4-YELLOW,2017,15
4-YELLOW,2018,10
4-YELLOW,2019,7
4-YELLOW,2020,14
4-YELLOW,2021,15
4-YELLOW,2022,12
4-YELLOW,2023,9
4-YELLOW,2024,16
4-YELLOW,2025,13
4-YELLOW,2026,4
4-YELLOW,2027,11
4-YELLOW,2028,15
4-YELLOW,2029,12
4-YELLOW,2030,16
4-YELLOW,2031,10
4-YELLOW,2032,18
4-YELLOW,2033,10
4-YELLOW,2034,13
4-YELLOW,2035,8
4-YELLOW,2036,12
4-YELLOW,2037,14
4-YELLOW,2038,15
4-YELLOW,2039,12
4-YELLOW,2040,13
4-YELLOW,2041,15
4-YELLOW,2042,15
4-YELLOW,2043,10
4-YELLOW,2044,8
4-YELLOW,2045,9
4-YELLOW,2046,22
4-YELLOW,2047,7
4-YELLOW,2048,15
4-YELLOW,2049,10
4-YELLOW,2050,10
4-YELLOW,2051,8
4-YELLOW,2052,14
4-YELLOW,2053,7
4-YELLOW,2054,9
4-YELLOW,2055,14
4-YELLOW,2056,21
4-YELLOW,2057,9
4-YELLOW,2058,11
4-YELLOW,2059,16
4-YELLOW,2060,11
4-YELLOW,2061,12
4-YELLOW,2062,11
4-YELLOW,2063,8
4-YELLOW,2064,3
4-YELLOW,2065,15
4-YELLOW,2066,7
4-YELLOW,2067,13
4-YELLOW,2068,11
4-YELLOW,2069,6
4-YELLOW,2070,10
4-YELLOW,2071,14
4-YELLOW,2072,11
4-YELLOW,2073,13
4-YELLOW,2074,10
4-YELLOW,2075,14
4-YELLOW,2076,11
4-YELLOW,2077,13
4-YELLOW,2078,16
4-YELLOW,2079,16
4-YELLOW,2080,9
4-YELLOW,2081,11
4-YELLOW,2082,11
4-YELLOW,2083,11
4-YELLOW,2084,12
4-YELLOW,2085,11
4-YELLOW,2086,19
4-YELLOW,2087,10
4-YELLOW,2088,22
4-YELLOW,2089,13
4-YELLOW,2090,12
4-YELLOW,2091,14
4-YELLOW,2092,14
4-YELLOW,2093,14
4-YELLOW,2094,8
4-YELLOW,2095,13
4-YELLOW,2096,10
4-YELLOW,2097,8
4-YELLOW,2098,12
4-YELLOW,2099,8
4-YELLOW,2100,13
4-YELLOW,2101,11
4-YELLOW,2102,10
4-YELLOW,2103,14
4-YELLOW,2104,8
4-YELLOW,2105,13
4-YELLOW,2106,14
4-YELLOW,2107,12
4-YELLOW,2108,10
4-YELLOW,2109,12
4-YELLOW,2110,8
4-YELLOW,2111,7
4-YELLOW,2112,12
4-YELLOW,2113,17
4-YELLOW,2114,12
4-YELLOW,2115,12
4-YELLOW,2116,13
4-YELLOW,2117,9
4-YELLOW,2118,13
4-YELLOW,2119,8
4-YELLOW,2120,18
4-YELLOW,2121,9
4-YELLOW,2122,10
4-YELLOW,2123,16
4-YELLOW,2124,14
4-YELLOW,2125,7
4-YELLOW,2126,8
4-YELLOW,2127,13
4-YELLOW,2128,12
4-YELLOW,2129,15
4-YELLOW,2130,10
4-YELLOW,2131,9
4-YELLOW,2132,12
4-YELLOW,2133,6
4-YELLOW,2134,15
4-YELLOW,2135,11
4-YELLOW,2136,10
4-YELLOW,2137,11
4-YELLOW,2138,12
4-YELLOW,2139,12
4-YELLOW,2140,13
4-YELLOW,2141,10
4-YELLOW,2142,16
4-YELLOW,2143,14
4-YELLOW,2144,17
4-YELLOW,2145,10
4-YELLOW,2146,8
4-YELLOW,2147,6
4-YELLOW,2148,12
4-YELLOW,2149,8
4-YELLOW,2150,11
4-YELLOW,2151,7
4-YELLOW,2152,9
4-YELLOW,2153,9
4-YELLOW,2154,12
4-YELLOW,2155,17
4-YELLOW,2156,7
4-YELLOW,2157,16
4-YELLOW,2158,10
4-YELLOW,2159,16
4-YELLOW,2160,18
4-YELLOW,2161,15
4-YELLOW,2162,12
4-YELLOW,2163,11
4-YELLOW,2164,6
4-YELLOW,2165,9
4-YELLOW,2166,14
4-YELLOW,2167,8
4-YELLOW,2168,11
4-YELLOW,2169,12
4-YELLOW,2170,13
4-YELLOW,2171,10
4-YELLOW,2172,18
4-YELLOW,2173,16
4-YELLOW,2174,12
4-YELLOW,2175,5
4-YELLOW,2176,9
4-YELLOW,2177,17
4-YELLOW,2178,14
4-YELLOW,2179,5
4-YELLOW,2180,10
4-YELLOW,2181,14
4-YELLOW,2182,5
4-YELLOW,2183,13
4-YELLOW,2184,9
4-YELLOW,2185,7
4-YELLOW,2186,10
4-YELLOW,2187,13
4-YELLOW,2188,17
4-YELLOW,2189,7
4-YELLOW,2190,10
4-YELLOW,2191,8
4-YELLOW,2192,8
4-YELLOW,2193,9
4-YELLOW,2194,11
4-YELLOW,2195,7
4-YELLOW,2196,13
4-YELLOW,2197,13
4-YELLOW,2198,15
4-YELLOW,2199,9
4-YELLOW,2200,6
4-YELLOW,2201,14
4-YELLOW,2202,8
4-YELLOW,2203,15
4-YELLOW,2204,6
4-YELLOW,2205,11
4-YELLOW,2206,10
4-YELLOW,2207,14
4-YELLOW,2208,10
4-YELLOW,2209,3
4-YELLOW,2210,11
4-YELLOW,2211,8
4-YELLOW,2212,13
4-YELLOW,2213,12
4-YELLOW,2214,12
4-YELLOW,2215,10
4-YELLOW,2216,11
4-YELLOW,2217,14
4-YELLOW,2218,9
4-YELLOW,2219,9
4-YELLOW,2220,9
4-YELLOW,2221,7
4-YELLOW,2222,10
4-YELLOW,2223,11
4-YELLOW,2224,7
4-YELLOW,2225,17
4-YELLOW,2226,6
4-YELLOW,2227,14
4-YELLOW,2228,9
4-YELLOW,2229,11
4-YELLOW,2230,8
4-YELLOW,2231,14
4-YELLOW,2232,5
4-YELLOW,2233,22
4-YELLOW,2234,10
4-YELLOW,2235,7
4-YELLOW,2236,12
4-YELLOW,2237,8
4-YELLOW,2238,13
4-YELLOW,2239,9
4-YELLOW,2240,16
4-YELLOW,2241,8
4-YELLOW,2242,10
4-YELLOW,2243,13
4-YELLOW,2244,8
4-YELLOW,2245,12
4-YELLOW,2246,9
4-YELLOW,2247,8
4-YELLOW,2248,5
4-YELLOW,2249,13
4-YELLOW,2250,10
4-YELLOW,2251,10
4-YELLOW,2252,14
4-YELLOW,2253,11
4-YELLOW,2254,16
4-YELLOW,2255,7
4-YELLOW,2256,8
4-YELLOW,2257,6
4-YELLOW,2258,9
4-YELLOW,2259,16
4-YELLOW,2260,14
4-YELLOW,2261,9
4-YELLOW,2262,12
4-YELLOW,2263,16
4-YELLOW,2264,8
4-YELLOW,2265,13
4-YELLOW,2266,16
4-YELLOW,2267,8
4-YELLOW,2268,9
4-YELLOW,2269,16
4-YELLOW,2270,3
4-YELLOW,2271,9
4-YELLOW,2272,11
4-YELLOW,2273,9
4-YELLOW,2274,7
4-YELLOW,2275,14
4-YELLOW,2276,14
4-YELLOW,2277,13
4-YELLOW,2278,7
4-YELLOW,2279,10
4-YELLOW,2280,18
4-YELLOW,2281,7
4-YELLOW,2282,11
4-YELLOW,2283,12
4-YELLOW,2284,3
4-YELLOW,2285,8
4-YELLOW,2286,12
4-YELLOW,2287,5
4-YELLOW,2288,14
4-YELLOW,2289,7
4-YELLOW,2290,8
4-YELLOW,2291,18
4-YELLOW,2292,10
4-YELLOW,2293,10
4-YELLOW,2294,13
4-YELLOW,2295,9
4-YELLOW,2296,16
4-YELLOW,2297,7
4-YELLOW,2298,13
4-YELLOW,2299,10
4-YELLOW,2300,6
4-YELLOW,2301,14
4-YELLOW,2302,13
4-YELLOW,2303,9
4-YELLOW,2304,13
4-YELLOW,2305,10
4-YELLOW,2306,12
4-YELLOW,2307,14
4-YELLOW,2308,11
4-YELLOW,2309,8
4-YELLOW,2310,7
4-YELLOW,2311,14
4-YELLOW,2312,8
4-YELLOW,2313,9
4-YELLOW,2314,12
4-YELLOW,2315,11
4-YELLOW,2316,9
4-YELLOW,2317,5
4-YELLOW,2318,13
4-YELLOW,2319,16
4-YELLOW,2320,10
4-YELLOW,2321,8
4-YELLOW,2322,9
4-YELLOW,2323,9
4-YELLOW,2324,9
4-YELLOW,2325,7
4-YELLOW,2326,11
4-YELLOW,2327,11
4-YELLOW,2328,6
4-YELLOW,2329,6
4-YELLOW,2330,4
4-YELLOW,2331,11
4-YELLOW,2332,12
4-YELLOW,2333,7
4-YELLOW,2334,13
4-YELLOW,2335,4
4-YELLOW,2336,13
4-YELLOW,2337,10
4-YELLOW,2338,13
4-YELLOW,2339,6
4-YELLOW,2340,12
4-YELLOW,2341,8
4-YELLOW,2342,12
4-YELLOW,2343,11
4-YELLOW,2344,14
4-YELLOW,2345,8
4-YELLOW,2346,8
4-YELLOW,2347,7
4-YELLOW,2348,11
4-YELLOW,2349,7
4-YELLOW,2350,10
4-YELLOW,2351,9
4-YELLOW,2352,8
4-YELLOW,2353,15
4-YELLOW,2354,8
4-YELLOW,2355,7
4-YELLOW,2356,11
4-YELLOW,2357,6
4-YELLOW,2358,11
4-YELLOW,2359,16
4-YELLOW,2360,14
4-YELLOW,2361,6
4-YELLOW,2362,10
4-YELLOW,2363,7
4-YELLOW,2364,9
4-YELLOW,2365,6
4-YELLOW,2366,8
4-YELLOW,2367,7
4-YELLOW,2368,11
4-YELLOW,2369,8
4-YELLOW,2370,8
4-YELLOW,2371,16
4-YELLOW,2372,6
4-YELLOW,2373,11
4-YELLOW,2374,11
4-YELLOW,2375,14
4-YELLOW,2376,6
4-YELLOW,2377,6
4-YELLOW,2378,8
4-YELLOW,2379,9
4-YELLOW,2380,9
4-YELLOW,2381,11
4-YELLOW,2382,11
4-YELLOW,2383,18
4-YELLOW,2384,8
4-YELLOW,2385,11
4-YELLOW,2386,10
4-YELLOW,2387,6
4-YELLOW,2388,6
4-YELLOW,2389,10
4-YELLOW,2390,10
4-YELLOW,2391,12
4-YELLOW,2392,12
4-YELLOW,2393,14
4-YELLOW,2394,8
4-YELLOW,2395,11
4-YELLOW,2396,13
4-YELLOW,2397,13
4-YELLOW,2398,10
4-YELLOW,2399,9
4-YELLOW,2400,13
4-YELLOW,2401,6
4-YELLOW,2402,10
4-YELLOW,2403,7
4-YELLOW,2404,10
4-YELLOW,2405,8
4-YELLOW,2406,7
4-YELLOW,2407,10
4-YELLOW,2408,11
4-YELLOW,2409,6
4-YELLOW,2410,11
4-YELLOW,2411,9
4-YELLOW,2412,7
4-YELLOW,2413,13
4-YELLOW,2414,7
4-YELLOW,2415,11
4-YELLOW,2416,9
4-YELLOW,2417,8
4-YELLOW,2418,12
4-YELLOW,2419,9
4-YELLOW,2420,10
4-YELLOW,2421,8
4-YELLOW,2422,11
4-YELLOW,2423,9
4-YELLOW,2424,17
4-YELLOW,2425,6
4-YELLOW,2426,4
4-YELLOW,2427,6
4-YELLOW,2428,8
4-YELLOW,2429,17
4-YELLOW,2430,10
4-YELLOW,2431,7
4-YELLOW,2432,11
4-YELLOW,2433,7
4-YELLOW,2434,10
4-YELLOW,2435,12
4-YELLOW,2436,8
4-YELLOW,2437,10
4-YELLOW,2438,5
4-YELLOW,2439,13
4-YELLOW,2440,12
4-YELLOW,2441,14
4-YELLOW,2442,7
4-YELLOW,2443,9
4-YELLOW,2444,14
4-YELLOW,2445,8
4-YELLOW,2446,13
4-YELLOW,2447,9
4-YELLOW,2448,7
4-YELLOW,2449,11
4-YELLOW,2450,14
4-YELLOW,2451,3
4-YELLOW,2452,10
4-YELLOW,2453,6
4-YELLOW,2454,15
4-YELLOW,2455,7
4-YELLOW,2456,11
4-YELLOW,2457,7
4-YELLOW,2458,14
4-YELLOW,2459,9
4-YELLOW,2460,8
4-YELLOW,2461,12
4-YELLOW,2462,12
4-YELLOW,2463,10
4-YELLOW,2464,9
4-YELLOW,2465,8
4-YELLOW,2466,5
4-YELLOW,2467,8
4-YELLOW,2468,6
4-YELLOW,2469,9
4-YELLOW,2470,6
4-YELLOW,2471,6
4-YELLOW,2472,4
4-YELLOW,2473,7
4-YELLOW,2474,9
4-YELLOW,2475,10
4-YELLOW,2476,7
4-YELLOW,2477,12
4-YELLOW,2478,10
4-YELLOW,2479,10
4-YELLOW,2480,8
4-YELLOW,2481,8
4-YELLOW,2482,10
4-YELLOW,2483,14
4-YELLOW,2484,15
4-YELLOW,2485,11
4-YELLOW,2486,5
4-YELLOW,2487,4
4-YELLOW,2488,13
4-YELLOW,2489,4
4-YELLOW,2490,9
4-YELLOW,2491,9
4-YELLOW,2492,8
4-YELLOW,2493,10
4-YELLOW,2494,16
4-YELLOW,2495,6
4-YELLOW,2496,7
4-YELLOW,2497,11
4-YELLOW,2498,6
4-YELLOW,2499,9
4-YELLOW,2500,10
4-YELLOW,2501,8
4-YELLOW,2502,7
4-YELLOW,2503,8
4-YELLOW,2504,6
4-YELLOW,2505,11
4-YELLOW,2506,11
4-YELLOW,2507,9
4-YELLOW,2508,2
4-YELLOW,2509,8
4-YELLOW,2510,13
4-YELLOW,2511,11
4-YELLOW,2512,11
4-YELLOW,2513,7
4-YELLOW,2514,10
4-YELLOW,2515,7
4-YELLOW,2516,14
4-YELLOW,2517,13
4-YELLOW,2518,6
4-YELLOW,2519,8
4-YELLOW,2520,11
4-YELLOW,2521,6
4-YELLOW,2522,10
4-YELLOW,2523,6
4-YELLOW,2524,7
4-YELLOW,2525,9
4-YELLOW,2526,9
4-YELLOW,2527,8
4-YELLOW,2528,12
4-YELLOW,2529,11
4-YELLOW,2530,7
4-YELLOW,2531,12
4-YELLOW,2532,10
4-YELLOW,2533,5
4-YELLOW,2534,11
4-YELLOW,2535,15
4-YELLOW,2536,10
4-YELLOW,2537,6
4-YELLOW,2538,7
4-YELLOW,2539,13
4-YELLOW,2540,9
4-YELLOW,2541,7
4-YELLOW,2542,4
4-YELLOW,2543,4
4-YELLOW,2544,6
4-YELLOW,2545,7
4-YELLOW,2546,4
4-YELLOW,2547,5
4-YELLOW,2548,4
4-YELLOW,2549,8
4-YELLOW,2550,8
4-YELLOW,2551,10
4-YELLOW,2552,8
4-YELLOW,2553,7
4-YELLOW,2554,17
4-YELLOW,2555,10
4-YELLOW,2556,10
4-YELLOW,2557,12
4-YELLOW,2558,10
4-YELLOW,2559,9
4-YELLOW,2560,12
4-YELLOW,2561,12
4-YELLOW,2562,9
4-YELLOW,2563,10
4-YELLOW,2564,9
4-YELLOW,2565,10
4-YELLOW,2566,10
4-YELLOW,2567,11
4-YELLOW,2568,10
4-YELLOW,2569,6
4-YELLOW,2570,12
4-YELLOW,2571,7
4-YELLOW,2572,8
4-YELLOW,2573,3
4-YELLOW,2574,4
4-YELLOW,2575,7
4-YELLOW,2576,7
4-YELLOW,2577,16
4-YELLOW,2578,7
4-YELLOW,2579,9
4-YELLOW,2580,11
4-YELLOW,2581,11
4-YELLOW,2582,8
4-YELLOW,2583,8
4-YELLOW,2584,12
4-YELLOW,2585,10
4-YELLOW,2586,15
4-YELLOW,2587,13
4-YELLOW,2588,12
4-YELLOW,2589,7
4-YELLOW,2590,12
4-YELLOW,2591,5
4-YELLOW,2592,4
4-YELLOW,2593,8
4-YELLOW,2594,6
4-YELLOW,2595,6
4-YELLOW,2596,11
4-YELLOW,2597,7
4-YELLOW,2598,13
4-YELLOW,2599,4
4-YELLOW,2600,4
4-YELLOW,2601,12
4-YELLOW,2602,9
4-YELLOW,2603,7
4-YELLOW,2604,6
4-YELLOW,2605,7
4-YELLOW,2606,13
4-YELLOW,2607,6
4-YELLOW,2608,10
4-YELLOW,2609,12
4-YELLOW,2610,7
4-YELLOW,2611,5
4-YELLOW,2612,12
4-YELLOW,2613,9
4-YELLOW,2614,3
4-YELLOW,2615,6
4-YELLOW,2616,11
4-YELLOW,2617,7
4-YELLOW,2618,9
4-YELLOW,2619,7
4-YELLOW,2620,5
4-YELLOW,2621,10
4-YELLOW,2622,10
4-YELLOW,2623,7
4-YELLOW,2624,6
4-YELLOW,2625,10
4-YELLOW,2626,8
4-YELLOW,2627,10
4-YELLOW,2628,12
4-YELLOW,2629,5
4-YELLOW,2630,8
4-YELLOW,2631,10
4-YELLOW,2632,7
4-YELLOW,2633,6
4-YELLOW,2634,7
4-YELLOW,2635,11
4-YELLOW,2636,9
4-YELLOW,2637,14
4-YELLOW,2638,6
4-YELLOW,2639,8
4-YELLOW,2640,10
4-YELLOW,2641,13
4-YELLOW,2642,12
4-YELLOW,2643,12
4-YELLOW,2644,7
4-YELLOW,2645,13
4-YELLOW,2646,6
4-YELLOW,2647,6
4-YELLOW,2648,14
4-YELLOW,2649,5
4-YELLOW,2650,19
4-YELLOW,2651,9
4-YELLOW,2652,9
4-YELLOW,2653,10
4-YELLOW,2654,8
4-YELLOW,2655,9
4-YELLOW,2656,10
4-YELLOW,2657,17
4-YELLOW,2658,7
4-YELLOW,2659,8
4-YELLOW,2660,7
4-YELLOW,2661,10
4-YELLOW,2662,6
4-YELLOW,2663,16
4-YELLOW,2664,6
4-YELLOW,2665,7
4-YELLOW,2666,9
4-YELLOW,2667,13
4-YELLOW,2668,5
4-YELLOW,2669,11
4-YELLOW,2670,13
4-YELLOW,2671,8
4-YELLOW,2672,6
4-YELLOW,2673,9
4-YELLOW,2674,7
4-YELLOW,2675,8
4-YELLOW,2676,10
4-YELLOW,2677,8
4-YELLOW,2678,9
4-YELLOW,2679,10
4-YELLOW,2680,3
4-YELLOW,2681,12
4-YELLOW,2682,6
4-YELLOW,2683,5
4-YELLOW,2684,11
4-YELLOW,2685,6
4-YELLOW,2686,13
4-YELLOW,2687,9
4-YELLOW,2688,2
4-YELLOW,2689,4
4-YELLOW,2690,7
4-YELLOW,2691,5
4-YELLOW,2692,5
4-YELLOW,2693,6
4-YELLOW,2694,12
4-YELLOW,2695,8
4-YELLOW,2696,10
4-YELLOW,2697,9
4-YELLOW,2698,5
4-YELLOW,2699,8
4-YELLOW,2700,12
4-YELLOW,2701,8
4-YELLOW,2702,8
4-YELLOW,2703,11
4-YELLOW,2704,5
4-YELLOW,2705,5
4-YELLOW,2706,6
4-YELLOW,2707,2
4-YELLOW,2708,8
4-YELLOW,2709,3
4-YELLOW,2710,7
4-YELLOW,2711,8
4-YELLOW,2712,3
4-YELLOW,2713,7
4-YELLOW,2714,12
4-YELLOW,2715,4
4-YELLOW,2716,7
4-YELLOW,2717,6
4-YELLOW,2718,10
4-YELLOW,2719,5
4-YELLOW,2720,7
4-YELLOW,2721,7
4-YELLOW,2722,4
4-YELLOW,2723,10
4-YELLOW,2724,9
4-YELLOW,2725,2
4-YELLOW,2726,5
4-YELLOW,2727,3
4-YELLOW,2728,2
4-YELLOW,2729,8
4-YELLOW,2730,9
4-YELLOW,2731,9
4-YELLOW,2732,6
4-YELLOW,2733,12
4-YELLOW,2734,13
4-YELLOW,2735,8
4-YELLOW,2736,17
4-YELLOW,2737,10
4-YELLOW,2738,5
4-YELLOW,2739,7
4-YELLOW,2740,6
4-YELLOW,2741,10
4-YELLOW,2742,8
4-YELLOW,2743,8
4-YELLOW,2744,8
4-YELLOW,2745,10
4-YELLOW,2746,5
4-YELLOW,2747,7
4-YELLOW,2748,9
4-YELLOW,2749,3
4-YELLOW,2750,7
4-YELLOW,2751,9
4-YELLOW,2752,8
4-YELLOW,2753,8
4-YELLOW,2754,4
4-YELLOW,2755,9
4-YELLOW,2756,6
4-YELLOW,2757,7
4-YELLOW,2758,4
4-YELLOW,2759,8
4-YELLOW,2760,4
4-YELLOW,2761,11
4-YELLOW,2762,9
4-YELLOW,2763,5
4-YELLOW,2764,1
4-YELLOW,2765,2
4-YELLOW,2766,8
4-YELLOW,2767,8
4-YELLOW,2768,10
4-YELLOW,2769,10
4-YELLOW,2770,10
4-YELLOW,2771,8
4-YELLOW,2772,10
4-YELLOW,2773,8
4-YELLOW,2774,7
4-YELLOW,2775,8
4-YELLOW,2776,8
4-YELLOW,2777,6
4-YELLOW,2778,6
4-YELLOW,2779,11
4-YELLOW,2780,5
4-YELLOW,2781,5
4-YELLOW,2782,11
4-YELLOW,2783,7
4-YELLOW,2784,9
4-YELLOW,2785,7
4-YELLOW,2786,8
4-YELLOW,2787,5
4-YELLOW,2788,7
4-YELLOW,2789,9
4-YELLOW,2790,5
4-YELLOW,2791,9
4-YELLOW,2792,10
4-YELLOW,2793,10
4-YELLOW,2794,9
4-YELLOW,2795,10
4-YELLOW,2796,4
4-YELLOW,2797,8
4-YELLOW,2798,8
4-YELLOW,2799,9
4-YELLOW,2800,5
4-YELLOW,2801,3
4-YELLOW,2802,3
4-YELLOW,2803,7
4-YELLOW,2804,11
4-YELLOW,2805,6
4-YELLOW,2806,9
4-YELLOW,2807,8
4-YELLOW,2808,6
4-YELLOW,2809,6
4-YELLOW,2810,8
4-YELLOW,2811,9
4-YELLOW,2812,11
4-YELLOW,2813,11
4-YELLOW,2814,7
4-YELLOW,2815,10
4-YELLOW,2816,6
4-YELLOW,2817,8
4-YELLOW,2818,5
4-YELLOW,2819,9
4-YELLOW,2820,7
4-YELLOW,2821,8
4-YELLOW,2822,7
4-YELLOW,2823,4
4-YELLOW,2824,5
4-YELLOW,2825,7
4-YELLOW,2826,10
4-YELLOW,2827,7
4-YELLOW,2828,5
4-YELLOW,2829,10
4-YELLOW,2830,4
4-YELLOW,2831,4
4-YELLOW,2832,7
4-YELLOW,2833,6
4-YELLOW,2834,6
4-YELLOW,2835,11
4-YELLOW,2836,7
4-YELLOW,2837,10
4-YELLOW,2838,6
4-YELLOW,2839,4
4-YELLOW,2840,3
4-YELLOW,2841,9
4-YELLOW,2842,8
4-YELLOW,2843,5
4-YELLOW,2844,4
4-YELLOW,2845,10
4-YELLOW,2846,11
4-YELLOW,2847,8
4-YELLOW,2848,7
4-YELLOW,2849,11
4-YELLOW,2850,12
4-YELLOW,2851,4
4-YELLOW,2852,5
4-YELLOW,2853,8
4-YELLOW,2854,6
4-YELLOW,2855,6
4-YELLOW,2856,1
4-YELLOW,2857,6
4-YELLOW,2858,7
4-YELLOW,2859,11
4-YELLOW,2860,2
4-YELLOW,2861,5
4-YELLOW,2862,11
4-YELLOW,2863,2
4-YELLOW,2864,10
4-YELLOW,2865,10
4-YELLOW,2866,10
4-YELLOW,2867,3
4-YELLOW,2868,6
4-YELLOW,2869,9
4-YELLOW,2870,10
4-YELLOW,2871,5
4-YELLOW,2872,9
4-YELLOW,2873,6
4-YELLOW,2874,6
4-YELLOW,2875,7
4-YELLOW,2876,3
4-YELLOW,2877,6
4-YELLOW,2878,7
4-YELLOW,2879,5
4-YELLOW,2880,8
4-YELLOW,2881,7
4-YELLOW,2882,6
4-YELLOW,2883,2
4-YELLOW,2884,3
4-YELLOW,2885,8
4-YELLOW,2886,6
4-YELLOW,2887,7
4-YELLOW,2888,5
4-YELLOW,2889,9
4-YELLOW,2890,6
4-YELLOW,2891,11
4-YELLOW,2892,8
4-YELLOW,2893,5
4-YELLOW,2894,10
4-YELLOW,2895,4
4-YELLOW,2896,8
4-YELLOW,2897,14
4-YELLOW,2898,8
4-YELLOW,2899,9
4-YELLOW,2900,7
4-YELLOW,2901,3
4-YELLOW,2902,4
4-YELLOW,2903,10
4-YELLOW,2904,11
4-YELLOW,2905,9
4-YELLOW,2906,12
4-YELLOW,2907,5
4-YELLOW,2908,4
4-YELLOW,2909,6
4-YELLOW,2910,4
4-YELLOW,2911,8
4-YELLOW,2912,7
4-YELLOW,2913,7
4-YELLOW,2914,5
4-YELLOW,2915,4
4-YELLOW,2916,8
4-YELLOW,2917,8
4-YELLOW,2918,8
4-YELLOW,2919,8
4-YELLOW,2920,7
4-YELLOW,2921,11
4-YELLOW,2922,8
4-YELLOW,2923,4
4-YELLOW,2924,6
4-YELLOW,2925,9
4-YELLOW,2926,6
4-YELLOW,2927,7
4-YELLOW,2928,4
4-YELLOW,2929,6
4-YELLOW,2930,7
4-YELLOW,2931,10
4-YELLOW,2932,4
4-YELLOW,2933,5
4-YELLOW,2934,7
4-YELLOW,2935,7
4-YELLOW,2936,10
4-YELLOW,2937,4
4-YELLOW,2938,9
4-YELLOW,2939,3
4-YELLOW,2940,10
4-YELLOW,2941,4
4-YELLOW,2942,6
4-YELLOW,2943,8
4-YELLOW,2944,2
4-YELLOW,2945,12
4-YELLOW,2946,13
4-YELLOW,2947,7
4-YELLOW,2948,7
4-YELLOW,2949,2
4-YELLOW,2950,5
4-YELLOW,2951,11
4-YELLOW,2952,7
4-YELLOW,2953,7
4-YELLOW,2954,8
4-YELLOW,2955,6
4-YELLOW,2956,7
4-YELLOW,2957,10
4-YELLOW,2958,13
4-YELLOW,2959,7
4-YELLOW,2960,8
4-YELLOW,2961,5
4-YELLOW,2962,5
4-YELLOW,2963,4
4-YELLOW,2964,8
4-YELLOW,2965,7
4-YELLOW,2966,5
4-YELLOW,2967,8
4-YELLOW,2968,14
4-YELLOW,2969,7
4-YELLOW,2970,6
4-YELLOW,2971,6
4-YELLOW,2972,10
4-YELLOW,2973,7
4-YELLOW,2974,11
4-YELLOW,2975,6
4-YELLOW,2976,6
4-YELLOW,2977,7
4-YELLOW,2978,7
4-YELLOW,2979,10
4-YELLOW,2980,4
4-YELLOW,2981,6
4-YELLOW,2982,10
4-YELLOW,2983,8
4-YELLOW,2984,4
4-YELLOW,2985,5
4-YELLOW,2986,4
4-YELLOW,2987,5
4-YELLOW,2988,8
4-YELLOW,2989,8
4-YELLOW,2990,6
4-YELLOW,2991,3
4-YELLOW,2992,5
4-YELLOW,2993,5
4-YELLOW,2994,10
4-YELLOW,2995,8
4-YELLOW,2996,10
4-YELLOW,2997,7
4-YELLOW,2998,8
4-YELLOW,2999,5
4-YELLOW,3000,5
4-YELLOW,3001,9
4-YELLOW,3002,8
4-YELLOW,3003,8
4-YELLOW,3004,7
4-YELLOW,3005,9
4-YELLOW,3006,4
4-YELLOW,3007,7
4-YELLOW,3008,7
4-YELLOW,3009,8
4-YELLOW,3010,7
4-YELLOW,3011,2
4-YELLOW,3012,8
4-YELLOW,3013,8
4-YELLOW,3014,8
4-YELLOW,3015,4
4-YELLOW,3016,7
4-YELLOW,3017,6
4-YELLOW,3018,2
4-YELLOW,3019,7
4-YELLOW,3020,7
4-YELLOW,3021,5
4-YELLOW,3022,6
4-YELLOW,3023,5
4-YELLOW,3024,3
4-YELLOW,3025,8
4-YELLOW,3026,9
4-YELLOW,3027,12
4-YELLOW,3028,6
4-YELLOW,3029,5
4-YELLOW,3030,6
4-YELLOW,3031,3
4-YELLOW,3032,6
4-YELLOW,3033,3
4-YELLOW,3034,4
4-YELLOW,3035,4
4-YELLOW,3036,6
4-YELLOW,3037,4
4-YELLOW,3038,8
4-YELLOW,3039,10
4-YELLOW,3040,9
4-YELLOW,3041,5
4-YELLOW,3042,6
4-YELLOW,3043,9
4-YELLOW,3044,6
4-YELLOW,3045,7
4-YELLOW,3046,7
4-YELLOW,3047,7
4-YELLOW,3048,5
4-YELLOW,3049,8
4-YELLOW,3050,9
4-YELLOW,3051,6
4-YELLOW,3052,4
4-YELLOW,3053,11
4-YELLOW,3054,5
4-YELLOW,3055,4
4-YELLOW,3056,7
4-YELLOW,3057,13
4-YELLOW,3058,7
4-YELLOW,3059,9
4-YELLOW,3060,1
4-YELLOW,3061,9
4-YELLOW,3062,7
4-YELLOW,3063,8
4-YELLOW,3064,8
4-YELLOW,3065,5
4-YELLOW,3066,6
4-YELLOW,3067,6
4-YELLOW,3068,7
4-YELLOW,3069,6
4-YELLOW,3070,7
4-YELLOW,3071,4
4-YELLOW,3072,7
4-YELLOW,3073,11
4-YELLOW,3074,4
4-YELLOW,3075,7
4-YELLOW,3076,4
4-YELLOW,3077,9
4-YELLOW,3078,8
4-YELLOW,3079,4
4-YELLOW,3080,6
4-YELLOW,3081,4
4-YELLOW,3082,4
4-YELLOW,3083,4
4-YELLOW,3084,8
4-YELLOW,3085,7
4-YELLOW,3086,10
4-YELLOW,3087,10
4-YELLOW,3088,9
4-YELLOW,3089,8
4-YELLOW,3090,9
4-YELLOW,3091,8
4-YELLOW,3092,3
4-YELLOW,3093,6
4-YELLOW,3094,5
4-YELLOW,3095,3
4-YELLOW,3096,2
4-YELLOW,3097,6
4-YELLOW,3098,6
4-YELLOW,3099,6
4-YELLOW,3100,8
4-YELLOW,3101,3
4-YELLOW,3102,6
4-YELLOW,3103,7
4-YELLOW,3104,3
4-YELLOW,3105,2
4-YELLOW,3106,10
4-YELLOW,3107,7
4-YELLOW,3108,2
4-YELLOW,3109,2
4-YELLOW,3110,8
4-YELLOW,3111,3
4-YELLOW,3112,7
4-YELLOW,3113,6
4-YELLOW,3114,8
4-YELLOW,3115,3
4-YELLOW,3116,5
4-YELLOW,3117,8
4-YELLOW,3118,2
4-YELLOW,3119,7
4-YELLOW,3120,7
4-YELLOW,3121,5
4-YELLOW,3122,8
4-YELLOW,3123,5
4-YELLOW,3124,10
4-YELLOW,3125,13
4-YELLOW,3126,13
4-YELLOW,3127,4
4-YELLOW,3128,8
4-YELLOW,3129,7
4-YELLOW,3130,10
4-YELLOW,3131,8
4-YELLOW,3132,11
4-YELLOW,3133,4
4-YELLOW,3134,5
4-YELLOW,3135,9
4-YELLOW,3136,7
4-YELLOW,3137,2
4-YELLOW,3138,6
4-YELLOW,3139,7
4-YELLOW,3140,3
4-YELLOW,3141,5
4-YELLOW,3142,6
4-YELLOW,3143,5
4-YELLOW,3144,6
4-YELLOW,3145,8
4-YELLOW,3146,8
4-YELLOW,3147,5
4-YELLOW,3148,6
4-YELLOW,3149,2
4-YELLOW,3150,8
4-YELLOW,3151,9
4-YELLOW,3152,3
4-YELLOW,3153,5
4-YELLOW,3154,6
4-YELLOW,3155,5
4-YELLOW,3156,10
4-YELLOW,3157,3
4-YELLOW,3158,7
4-YELLOW,3159,6
4-YELLOW,3160,5
4-YELLOW,3161,3
4-YELLOW,3162,5
4-YELLOW,3163,6
4-YELLOW,3164,5
4-YELLOW,3165,5
4-YELLOW,3166,8
4-YELLOW,3167,3
4-YELLOW,3168,6
4-YELLOW,3169,3
4-YELLOW,3171,3
4-YELLOW,3172,5
4-YELLOW,3173,7
4-YELLOW,3174,9
4-YELLOW,3175,3
4-YELLOW,3176,9
4-YELLOW,3177,3
4-YELLOW,3178,4
4-YELLOW,3179,6
4-YELLOW,3180,10
4-YELLOW,3181,8
4-YELLOW,3182,5
4-YELLOW,3183,2
4-YELLOW,3184,6
4-YELLOW,3185,2
4-YELLOW,3186,6
4-YELLOW,3187,9
4-YELLOW,3188,7
4-YELLOW,3189,7
4-YELLOW,3190,4
4-YELLOW,3191,5
4-YELLOW,3192,6
4-YELLOW,3193,5
4-YELLOW,3194,6
4-YELLOW,3195,6
4-YELLOW,3196,3
4-YELLOW,3197,5
4-YELLOW,3198,6
4-YELLOW,3199,4
4-YELLOW,3200,8
4-YELLOW,3201,9
4-YELLOW,3202,8
4-YELLOW,3203,8
4-YELLOW,3204,5
4-YELLOW,3205,9
4-YELLOW,3206,11
4-YELLOW,3207,6
4-YELLOW,3208,4
4-YELLOW,3209,5
4-YELLOW,3210,6
4-YELLOW,3211,5
4-YELLOW,3212,4
4-YELLOW,3213,5
4-YELLOW,3214,4
4-YELLOW,3215,5
4-YELLOW,3216,6
4-YELLOW,3217,7
4-YELLOW,3218,6
4-YELLOW,3219,3
4-YELLOW,3220,5
4-YELLOW,3221,4
4-YELLOW,3222,10
4-YELLOW,3223,6
4-YELLOW,3224,5
4-YELLOW,3225,10
4-YELLOW,3226,6
4-YELLOW,3227,2
4-YELLOW,3228,5
4-YELLOW,3229,5
4-YELLOW,3230,7
4-YELLOW,3231,7
4-YELLOW,3232,2
4-YELLOW,3233,2
4-YELLOW,3234,9
4-YELLOW,3235,8
4-YELLOW,3236,7
4-YELLOW,3237,12
4-YELLOW,3238,8
4-YELLOW,3239,4
4-YELLOW,3240,9
4-YELLOW,3241,5
4-YELLOW,3242,7
4-YELLOW,3243,5
4-YELLOW,3244,6
4-YELLOW,3245,7
4-YELLOW,3246,6
4-YELLOW,3247,8
4-YELLOW,3248,3
4-YELLOW,3249,11
4-YELLOW,3250,5
4-YELLOW,3251,4
4-YELLOW,3252,4
4-YELLOW,3253,5
4-YELLOW,3254,7
4-YELLOW,3255,4
4-YELLOW,3256,5
4-YELLOW,3257,7
4-YELLOW,3258,2
4-YELLOW,3259,9
4-YELLOW,3260,5
4-YELLOW,3261,3
4-YELLOW,3262,5
4-YELLOW,3263,7
4-YELLOW,3264,4
4-YELLOW,3265,7
4-YELLOW,3266,2
4-YELLOW,3267,13
4-YELLOW,3268,8
4-YELLOW,3269,6
4-YELLOW,3270,4
4-YELLOW,3271,6
4-YELLOW,3272,2
4-YELLOW,3273,7
4-YELLOW,3274,1
4-YELLOW,3275,5
4-YELLOW,3276,9
4-YELLOW,3277,4
4-YELLOW,3278,5
4-YELLOW,3279,5
4-YELLOW,3280,6
4-YELLOW,3281,9
4-YELLOW,3282,7
4-YELLOW,3283,4
4-YELLOW,3284,7
4-YELLOW,3285,4
4-YELLOW,3286,2
4-YELLOW,3287,4
4-YELLOW,3288,2
4-YELLOW,3289,11
4-YELLOW,3290,5
4-YELLOW,3291,5
4-YELLOW,3292,2
4-YELLOW,3293,8
4-YELLOW,3294,3
4-YELLOW,3295,1
4-YELLOW,3296,4
4-YELLOW,3297,6
4-YELLOW,3298,1
4-YELLOW,3299,4
4-YELLOW,3300,6
4-YELLOW,3301,6
4-YELLOW,3302,9
4-YELLOW,3303,3
4-YELLOW,3304,7
4-YELLOW,3305,4
4-YELLOW,3306,6
4-YELLOW,3307,6
4-YELLOW,3308,2
4-YELLOW,3309,4
4-YELLOW,3310,1
4-YELLOW,3311,2
4-YELLOW,3312,7
4-YELLOW,3313,6
4-YELLOW,3314,1
4-YELLOW,3315,5
4-YELLOW,3316,8
4-YELLOW,3317,4
4-YELLOW,3318,6
4-YELLOW,3319,1
4-YELLOW,3320,11
4-YELLOW,3321,9
4-YELLOW,3322,6
4-YELLOW,3323,7
4-YELLOW,3324,4
4-YELLOW,3325,9
4-YELLOW,3326,5
4-YELLOW,3327,6
4-YELLOW,3328,6
4-YELLOW,3329,3
4-YELLOW,3330,3
4-YELLOW,3331,7
4-YELLOW,3332,4
4-YELLOW,3333,6
4-YELLOW,3334,9
4-YELLOW,3335,3
4-YELLOW,3336,3
4-YELLOW,3337,5
4-YELLOW,3338,8
4-YELLOW,3339,9
4-YELLOW,3340,5
4-YELLOW,3341,8
4-YELLOW,3342,2
4-YELLOW,3343,7
4-YELLOW,3344,9
4-YELLOW,3345,10
4-YELLOW,3346,4
4-YELLOW,3347,6
4-YELLOW,3348,6
4-YELLOW,3349,7
4-YELLOW,3350,4
4-YELLOW,3351,7
4-YELLOW,3352,6
4-YELLOW,3353,3
4-YELLOW,3354,5
4-YELLOW,3355,3
4-YELLOW,3356,8
4-YELLOW,3357,7
4-YELLOW,3358,12
4-YELLOW,3359,4
4-YELLOW,3360,7
4-YELLOW,3361,9
4-YELLOW,3362,6
4-YELLOW,3363,5
4-YELLOW,3364,5
4-YELLOW,3365,5
4-YELLOW,3366,6
4-YELLOW,3367,4
4-YELLOW,3368,9
4-YELLOW,3369,9
4-YELLOW,3370,7
4-YELLOW,3371,6
4-YELLOW,3372,6
4-YELLOW,3373,5
4-YELLOW,3374,10
4-YELLOW,3375,5
4-YELLOW,3376,6
4-YELLOW,3377,11
4-YELLOW,3378,3
4-YELLOW,3379,5
4-YELLOW,3380,4
4-YELLOW,3381,10
4-YELLOW,3382,3
4-YELLOW,3383,7
4-YELLOW,3384,5
4-YELLOW,3385,6
4-YELLOW,3386,5
4-YELLOW,3387,2
4-YELLOW,3388,4
4-YELLOW,3389,4
4-YELLOW,3390,5
4-YELLOW,3391,2
4-YELLOW,3392,8
4-YELLOW,3393,4
4-YELLOW,3394,8
4-YELLOW,3395,7
4-YELLOW,3396,3
4-YELLOW,3397,2
4-YELLOW,3398,4
4-YELLOW,3399,7
4-YELLOW,3400,4
4-YELLOW,3401,3
4-YELLOW,3402,7
4-YELLOW,3403,9
4-YELLOW,3404,4
4-YELLOW,3405,3
4-YELLOW,3406,11
4-YELLOW,3407,6
4-YELLOW,3408,4
4-YELLOW,3409,5
4-YELLOW,3410,6
4-YELLOW,3411,7
4-YELLOW,3412,3
4-YELLOW,3413,2
4-YELLOW,3414,5
4-YELLOW,3415,5
4-YELLOW,3416,4
4-YELLOW,3417,3
4-YELLOW,3418,5
4-YELLOW,3419,7
4-YELLOW,3420,3
4-YELLOW,3421,3
4-YELLOW,3422,4
4-YELLOW,3423,3
4-YELLOW,3424,9
4-YELLOW,3425,10
4-YELLOW,3426,4
4-YELLOW,3427,6
4-YELLOW,3428,5
4-YELLOW,3429,3
4-YELLOW,3430,3
4-YELLOW,3431,7
4-YELLOW,3432,5
4-YELLOW,3433,6
4-YELLOW,3434,6
4-YELLOW,3435,3
4-YELLOW,3436,3
4-YELLOW,3437,2
4-YELLOW,3438,3
4-YELLOW,3439,2
4-YELLOW,3440,11
4-YELLOW,3441,3
4-YELLOW,3442,5
4-YELLOW,3443,3
4-YELLOW,3444,8
4-YELLOW,3445,5
4-YELLOW,3446,2
4-YELLOW,3447,6
4-YELLOW,3448,7
4-YELLOW,3449,4
4-YELLOW,3450,3
4-YELLOW,3451,3
4-YELLOW,3452,5
4-YELLOW,3453,5
4-YELLOW,3454,1
4-YELLOW,3455,6
4-YELLOW,3456,11
4-YELLOW,3457,3
4-YELLOW,3458,2
4-YELLOW,3459,4
4-YELLOW,3460,5
4-YELLOW,3461,4
4-YELLOW,3462,4
4-YELLOW,3463,4
4-YELLOW,3464,4
4-YELLOW,3465,4
4-YELLOW,3466,4
4-YELLOW,3467,4
4-YELLOW,3468,3
4-YELLOW,3469,9
4-YELLOW,3470,2
4-YELLOW,3471,2
4-YELLOW,3472,5
4-YELLOW,3473,8
4-YELLOW,3474,3
4-YELLOW,3475,6
4-YELLOW,3476,5
4-YELLOW,3477,4
4-YELLOW,3478,5
4-YELLOW,3479,5
4-YELLOW,3480,5
4-YELLOW,3481,4
4-YELLOW,3482,4
4-YELLOW,3483,2
4-YELLOW,3484,3
4-YELLOW,3485,7
4-YELLOW,3486,4
4-YELLOW,3487,3
4-YELLOW,3488,5
4-YELLOW,3489,4
4-YELLOW,3490,3
4-YELLOW,3491,7
4-YELLOW,3492,5
4-YELLOW,3493,7
4-YELLOW,3494,7
4-YELLOW,3495,9
4-YELLOW,3496,9
4-YELLOW,3497,9
4-YELLOW,3498,7
4-YELLOW,3499,7
4-YELLOW,3500,7
4-YELLOW,3501,4
4-YELLOW,3502,4
4-YELLOW,3503,1
4-YELLOW,3504,2
4-YELLOW,3505,4
4-YELLOW,3506,4
4-YELLOW,3507,8
4-YELLOW,3508,7
4-YELLOW,3509,5
4-YELLOW,3510,7
4-YELLOW,3511,5
4-YELLOW,3512,3
4-YELLOW,3513,7
4-YELLOW,3514,1
4-YELLOW,3515,2
4-YELLOW,3516,6
4-YELLOW,3517,6
4-YELLOW,3518,3
4-YELLOW,3519,2
4-YELLOW,3520,2
4-YELLOW,3521,4
4-YELLOW,3522,4
4-YELLOW,3523,2
4-YELLOW,3524,6
4-YELLOW,3525,6
4-YELLOW,3526,3
4-YELLOW,3527,2
4-YELLOW,3528,3
4-YELLOW,3529,6
4-YELLOW,3530,6
4-YELLOW,3531,3
4-YELLOW,3532,4
4-YELLOW,3533,3
4-YELLOW,3534,3
4-YELLOW,3535,7
4-YELLOW,3536,7
4-YELLOW,3537,5
4-YELLOW,3538,7
4-YELLOW,3539,7
4-YELLOW,3540,7
4-YELLOW,3541,6
4-YELLOW,3542,5
4-YELLOW,3543,4
4-YELLOW,3544,8
4-YELLOW,3545,1
4-YELLOW,3547,5
4-YELLOW,3548,4
4-YELLOW,3549,1
4-YELLOW,3550,2
4-YELLOW,3551,1
4-YELLOW,3552,5
4-YELLOW,3553,11
4-YELLOW,3554,7
4-YELLOW,3555,12
4-YELLOW,3556,2
4-YELLOW,3557,9
4-YELLOW,3558,3
4-YELLOW,3559,3
4-YELLOW,3560,2
4-YELLOW,3561,7
4-YELLOW,3562,4
4-YELLOW,3563,2
4-YELLOW,3564,5
4-YELLOW,3565,2
4-YELLOW,3566,3
4-YELLOW,3567,3
4-YELLOW,3568,5
4-YELLOW,3569,7
4-YELLOW,3570,6
4-YELLOW,3571,5
4-YELLOW,3572,5
4-YELLOW,3573,9
4-YELLOW,3574,5
4-YELLOW,3575,7
4-YELLOW,3576,4
4-YELLOW,3577,5
4-YELLOW,3578,8
4-YELLOW,3579,3
4-YELLOW,3580,4
4-YELLOW,3581,3
4-YELLOW,3582,6
4-YELLOW,3583,3
4-YELLOW,3584,3
4-YELLOW,3585,3
4-YELLOW,3586,4
4-YELLOW,3587,1
4-YELLOW,3588,7
4-YELLOW,3589,2
4-YELLOW,3590,4
4-YELLOW,3591,5
4-YELLOW,3592,2
4-YELLOW,3593,5
4-YELLOW,3594,4
4-YELLOW,3595,6
4-YELLOW,3596,4
4-YELLOW,3597,6
4-YELLOW,3598,6
4-YELLOW,3599,4
4-YELLOW,3600,8
4-YELLOW,3601,3
4-YELLOW,3602,3
4-YELLOW,3603,6
4-YELLOW,3604,9
4-YELLOW,3605,3
4-YELLOW,3606,9
4-YELLOW,3607,5
4-YELLOW,3608,3
4-YELLOW,3609,2
4-YELLOW,3610,6
4-YELLOW,3611,5
4-YELLOW,3612,1
4-YELLOW,3613,3
4-YELLOW,3614,3
4-YELLOW,3615,2
4-YELLOW,3616,7
4-YELLOW,3617,12
4-YELLOW,3618,6
4-YELLOW,3619,1
4-YELLOW,3620,2
4-YELLOW,3621,10
4-YELLOW,3622,3
4-YELLOW,3623,4
4-YELLOW,3624,3
4-YELLOW,3625,3
4-YELLOW,3626,5
4-YELLOW,3627,6
4-YELLOW,3628,4
4-YELLOW,3629,2
4-YELLOW,3630,6
4-YELLOW,3631,5
4-YELLOW,3632,4
4-YELLOW,3633,8
4-YELLOW,3634,5
4-YELLOW,3635,5
4-YELLOW,3636,5
4-YELLOW,3637,5
4-YELLOW,3638,9
4-YELLOW,3639,4
4-YELLOW,3640,7
4-YELLOW,3641,11
4-YELLOW,3642,10
4-YELLOW,3643,4
4-YELLOW,3644,2
4-YELLOW,3645,5
4-YELLOW,3646,5
4-YELLOW,3647,6
4-YELLOW,3648,6
4-YELLOW,3649,3
4-YELLOW,3650,2
4-YELLOW,3651,4
4-YELLOW,3652,2
4-YELLOW,3653,4
4-YELLOW,3654,8
4-YELLOW,3655,4
4-YELLOW,3656,7
4-YELLOW,3657,3
4-YELLOW,3658,4
4-YELLOW,3659,6
4-YELLOW,3660,3
4-YELLOW,3661,4
4-YELLOW,3662,5
4-YELLOW,3663,1
4-YELLOW,3664,1
4-YELLOW,3665,3
4-YELLOW,3666,5
4-YELLOW,3667,5
4-YELLOW,3668,2
4-YELLOW,3669,1
4-YELLOW,3670,5
4-YELLOW,3671,5
4-YELLOW,3672,4
4-YELLOW,3673,9
4-YELLOW,3674,4
4-YELLOW,3675,5
4-YELLOW,3676,4
4-YELLOW,3677,3
4-YELLOW,3678,2
4-YELLOW,3679,3
4-YELLOW,3680,7
4-YELLOW,3681,4
4-YELLOW,3682,3
4-YELLOW,3683,4
4-YELLOW,3684,6
4-YELLOW,3685,3
4-YELLOW,3686,2
4-YELLOW,3687,5
4-YELLOW,3688,2
4-YELLOW,3689,6
4-YELLOW,3690,4
4-YELLOW,3691,2
4-YELLOW,3692,6
4-YELLOW,3693,1
4-YELLOW,3694,5
4-YELLOW,3695,3
4-YELLOW,3696,7
4-YELLOW,3697,6
4-YELLOW,3698,2
4-YELLOW,3699,5
4-YELLOW,3700,7
4-YELLOW,3701,3
4-YELLOW,3702,4
4-YELLOW,3703,6
4-YELLOW,3704,4
4-YELLOW,3705,4
4-YELLOW,3706,6
4-YELLOW,3707,4
4-YELLOW,3708,5
4-YELLOW,3709,9
4-YELLOW,3710,4
4-YELLOW,3711,5
4-YELLOW,3712,2
4-YELLOW,3713,4
4-YELLOW,3714,2
4-YELLOW,3715,3
4-YELLOW,3717,5
4-YELLOW,3718,3
4-YELLOW,3719,2
4-YELLOW,3720,6
4-YELLOW,3721,5
4-YELLOW,3722,5
4-YELLOW,3723,4
4-YELLOW,3724,6
4-YELLOW,3725,2
4-YELLOW,3726,5
4-YELLOW,3727,5
4-YELLOW,3728,2
4-YELLOW,3729,4
4-YELLOW,3730,1
4-YELLOW,3731,3
4-YELLOW,3732,1
4-YELLOW,3733,7
4-YELLOW,3734,6
4-YELLOW,3735,4
4-YELLOW,3736,1
4-YELLOW,3737,4
4-YELLOW,3738,4
4-YELLOW,3739,1
4-YELLOW,3740,7
4-YELLOW,3741,6
4-YELLOW,3742,4
4-YELLOW,3743,3
4-YELLOW,3744,2
4-YELLOW,3745,7
4-YELLOW,3746,7
4-YELLOW,3747,9
4-YELLOW,3748,6
4-YELLOW,3749,7
4-YELLOW,3750,4
4-YELLOW,3751,12
4-YELLOW,3752,7
4-YELLOW,3753,3
4-YELLOW,3754,6
4-YELLOW,3755,4
4-YELLOW,3756,3
4-YELLOW,3757,3
4-YELLOW,3758,6
4-YELLOW,3759,4
4-YELLOW,3760,3
4-YELLOW,3761,4
4-YELLOW,3762,3
4-YELLOW,3763,2
4-YELLOW,3764,5
4-YELLOW,3765,2
4-YELLOW,3766,3
4-YELLOW,3767,3
4-YELLOW,3768,4
4-YELLOW,3769,6
4-YELLOW,3770,6
4-YELLOW,3771,3
4-YELLOW,3772,4
4-YELLOW,3773,3
4-YELLOW,3774,3
4-YELLOW,3775,6
4-YELLOW,3776,2
4-YELLOW,3777,6
4-YELLOW,3778,3
4-YELLOW,3779,6
4-YELLOW,3780,5
4-YELLOW,3781,2
4-YELLOW,3782,1
4-YELLOW,3783,3
4-YELLOW,3784,2
4-YELLOW,3785,5
4-YELLOW,3786,6
4-YELLOW,3787,3
4-YELLOW,3788,3
4-YELLOW,3789,5
4-YELLOW,3790,4
4-YELLOW,3791,5
4-YELLOW,3792,2
4-YELLOW,3793,4
4-YELLOW,3794,2
4-YELLOW,3795,6
4-YELLOW,3796,8
4-YELLOW,3797,4
4-YELLOW,3798,5
4-YELLOW,3799,8
4-YELLOW,3800,8
4-YELLOW,3801,2
4-YELLOW,3802,5
4-YELLOW,3803,7
4-YELLOW,3804,6
4-YELLOW,3805,1
4-YELLOW,3806,2
4-YELLOW,3807,2
4-YELLOW,3808,6
4-YELLOW,3809,4
4-YELLOW,3810,4
4-YELLOW,3811,7
4-YELLOW,3812,3
4-YELLOW,3813,4
4-YELLOW,3814,2
4-YELLOW,3815,1
4-YELLOW,3816,6
4-YELLOW,3817,4
4-YELLOW,3818,4
4-YELLOW,3819,6
4-YELLOW,3820,2
4-YELLOW,3821,3
4-YELLOW,3822,4
4-YELLOW,3823,5
4-YELLOW,3824,3
4-YELLOW,3825,5
4-YELLOW,3826,9
4-YELLOW,3827,4
4-YELLOW,3828,8
4-YELLOW,3829,3
4-YELLOW,3830,5
4-YELLOW,3831,4
4-YELLOW,3832,9
4-YELLOW,3833,1
4-YELLOW,3834,3
4-YELLOW,3835,2
4-YELLOW,3836,3
4-YELLOW,3837,4
4-YELLOW,3838,6
4-YELLOW,3839,3
4-YELLOW,3840,2
4-YELLOW,3841,3
4-YELLOW,3842,3
4-YELLOW,3843,5
4-YELLOW,3844,2
4-YELLOW,3845,6
4-YELLOW,3846,4
4-YELLOW,3847,8
4-YELLOW,3848,3
4-YELLOW,3849,5
4-YELLOW,3850,5
4-YELLOW,3851,4
4-YELLOW,3852,4
4-YELLOW,3853,4
4-YELLOW,3854,4
4-YELLOW,3855,9
4-YELLOW,3856,1
4-YELLOW,3857,5
4-YELLOW,3858,2
4-YELLOW,3859,8
4-YELLOW,3860,2
4-YELLOW,3861,1
4-YELLOW,3862,6
4-YELLOW,3863,7
4-YELLOW,3864,5
4-YELLOW,3865,5
4-YELLOW,3866,2
4-YELLOW,3867,4
4-YELLOW,3868,4
4-YELLOW,3869,2
4-YELLOW,3870,5
4-YELLOW,3871,4
4-YELLOW,3872,2
4-YELLOW,3873,4
4-YELLOW,3874,6
4-YELLOW,3875,3
4-YELLOW,3876,7
4-YELLOW,3877,1
4-YELLOW,3879,1
4-YELLOW,3880,5
4-YELLOW,3881,5
4-YELLOW,3882,3
4-YELLOW,3883,8
4-YELLOW,3884,3
4-YELLOW,3885,7
4-YELLOW,3886,3
4-YELLOW,3887,2
4-YELLOW,3888,3
4-YELLOW,3889,4
4-YELLOW,3890,3
4-YELLOW,3891,3
4-YELLOW,3892,3
4-YELLOW,3893,2
4-YELLOW,3894,2
4-YELLOW,3895,6
4-YELLOW,3896,5
4-YELLOW,3897,7
4-YELLOW,3898,3
4-YELLOW,3899,1
4-YELLOW,3900,5
4-YELLOW,3901,4
4-YELLOW,3902,4
4-YELLOW,3903,4
4-YELLOW,3904,6
4-YELLOW,3905,5
4-YELLOW,3906,7
4-YELLOW,3907,2
4-YELLOW,3908,1
4-YELLOW,3909,4
4-YELLOW,3910,4
4-YELLOW,3911,2
4-YELLOW,3912,3
4-YELLOW,3913,3
4-YELLOW,3914,4
4-YELLOW,3915,4
4-YELLOW,3916,4
4-YELLOW,3917,8
4-YELLOW,3918,5
4-YELLOW,3919,5
4-YELLOW,3920,6
4-YELLOW,3921,7
4-YELLOW,3922,3
4-YELLOW,3923,3
4-YELLOW,3924,5
4-YELLOW,3925,2
4-YELLOW,3926,2
4-YELLOW,3927,4
4-YELLOW,3928,4
4-YELLOW,3929,10
4-YELLOW,3930,4
4-YELLOW,3931,4
4-YELLOW,3932,5
4-YELLOW,3933,2
4-YELLOW,3934,5
4-YELLOW,3935,3
4-YELLOW,3936,1
4-YELLOW,3937,3
4-YELLOW,3938,6
4-YELLOW,3939,4
4-YELLOW,3940,4
4-YELLOW,3941,2
4-YELLOW,3942,5
4-YELLOW,3943,7
4-YELLOW,3944,7
4-YELLOW,3945,4
4-YELLOW,3946,3
4-YELLOW,3947,6
4-YELLOW,3948,6
4-YELLOW,3949,1
4-YELLOW,3950,5
4-YELLOW,3951,4
4-YELLOW,3952,4
4-YELLOW,3953,4
4-YELLOW,3954,4
4-YELLOW,3955,2
4-YELLOW,3956,6
4-YELLOW,3957,2
4-YELLOW,3958,8
4-YELLOW,3959,4
4-YELLOW,3960,4
4-YELLOW,3961,5
4-YELLOW,3962,4
4-YELLOW,3963,6
4-YELLOW,3964,1
4-YELLOW,3965,5
4-YELLOW,3966,8
4-YELLOW,3967,2
4-YELLOW,3968,4
4-YELLOW,3969,3
4-YELLOW,3970,1
4-YELLOW,3971,2
4-YELLOW,3972,6
4-YELLOW,3973,3
4-YELLOW,3974,4
4-YELLOW,3975,4
4-YELLOW,3976,4
4-YELLOW,3977,4
4-YELLOW,3978,5
4-YELLOW,3979,1
4-YELLOW,3980,4
4-YELLOW,3981,3
4-YELLOW,3982,4
4-YELLOW,3983,4
4-YELLOW,3984,2
4-YELLOW,3985,6
4-YELLOW,3986,3
4-YELLOW,3987,3
4-YELLOW,3988,1
4-YELLOW,3989,3
4-YELLOW,3990,1
4-YELLOW,3991,5
4-YELLOW,3992,3
4-YELLOW,3993,3
4-YELLOW,3994,3
4-YELLOW,3995,4
4-YELLOW,3996,4
4-YELLOW,3997,3
4-YELLOW,3998,6
4-YELLOW,3999,7
4-YELLOW,4000,6
4-YELLOW,4001,3
4-YELLOW,4002,3
4-YELLOW,4003,3
4-YELLOW,4004,7
4-YELLOW,4005,2
4-YELLOW,4006,6
4-YELLOW,4007,7
4-YELLOW,4008,4
4-YELLOW,4009,2
4-YELLOW,4010,3
4-YELLOW,4011,4
4-YELLOW,4012,2
4-YELLOW,4013,4
4-YELLOW,4014,2
4-YELLOW,4015,3
4-YELLOW,4016,4
4-YELLOW,4017,4
4-YELLOW,4018,5
4-YELLOW,4019,1
4-YELLOW,4020,2
4-YELLOW,4021,4
4-YELLOW,4022,5
4-YELLOW,4023,4
4-YELLOW,4024,2
4-YELLOW,4025,3
4-YELLOW,4026,4
4-YELLOW,4027,3
4-YELLOW,4028,3
4-YELLOW,4029,5
4-YELLOW,4030,8
4-YELLOW,4031,2
4-YELLOW,4032,6
4-YELLOW,4033,3
4-YELLOW,4034,10
4-YELLOW,4035,3
4-YELLOW,4036,5
4-YELLOW,4037,5
4-YELLOW,4038,5
4-YELLOW,4039,7
4-YELLOW,4040,2
4-YELLOW,4041,5
4-YELLOW,4042,5
4-YELLOW,4043,4
4-YELLOW,4044,7
4-YELLOW,4045,5
4-YELLOW,4046,3
4-YELLOW,4047,1
4-YELLOW,4048,5
4-YELLOW,4049,2
4-YELLOW,4050,3
4-YELLOW,4051,1
4-YELLOW,4052,4
4-YELLOW,4053,5
4-YELLOW,4054,5
4-YELLOW,4055,3
4-YELLOW,4056,2
4-YELLOW,4057,3
4-YELLOW,4058,5
4-YELLOW,4059,1
4-YELLOW,4060,5
4-YELLOW,4061,2
4-YELLOW,4062,2
4-YELLOW,4063,5
4-YELLOW,4064,3
4-YELLOW,4065,6
4-YELLOW,4066,1
4-YELLOW,4067,4
4-YELLOW,4068,1
4-YELLOW,4070,3
4-YELLOW,4071,1
4-YELLOW,4072,2
4-YELLOW,4073,5
4-YELLOW,4074,4
4-YELLOW,4075,5
4-YELLOW,4076,4
4-YELLOW,4077,1
4-YELLOW,4078,3
4-YELLOW,4079,4
4-YELLOW,4080,1
4-YELLOW,4081,3
4-YELLOW,4082,4
4-YELLOW,4083,4
4-YELLOW,4084,4
4-YELLOW,4085,2
4-YELLOW,4086,5
4-YELLOW,4087,2
4-YELLOW,4088,4
4-YELLOW,4089,5
4-YELLOW,4090,6
4-YELLOW,4091,4
4-YELLOW,4092,2
4-YELLOW,4093,7
4-YELLOW,4094,9
4-YELLOW,4095,2
4-YELLOW,4096,4
4-YELLOW,4097,3
4-YELLOW,4098,7
4-YELLOW,4099,4
4-YELLOW,4100,5
4-YELLOW,4101,1
4-YELLOW,4102,2
4-YELLOW,4103,2
4-YELLOW,4104,4
4-YELLOW,4105,3
4-YELLOW,4106,2
4-YELLOW,4107,3
4-YELLOW,4108,2
4-YELLOW,4109,4
4-YELLOW,4110,6
4-YELLOW,4111,2
4-YELLOW,4112,3
4-YELLOW,4113,7
4-YELLOW,4114,1
4-YELLOW,4115,4
4-YELLOW,4116,3
4-YELLOW,4117,3
4-YELLOW,4118,3
4-YELLOW,4119,5
4-YELLOW,4120,6
4-YELLOW,4121,3
4-YELLOW,4122,3
4-YELLOW,4123,2
4-YELLOW,4124,5
4-YELLOW,4126,5
4-YELLOW,4127,5
4-YELLOW,4128,2
4-YELLOW,4129,9
4-YELLOW,4130,5
4-YELLOW,4131,2
4-YELLOW,4132,1
4-YELLOW,4133,3
4-YELLOW,4134,2
4-YELLOW,4135,3
4-YELLOW,4136,2
4-YELLOW,4137,4
4-YELLOW,4139,2
4-YELLOW,4140,3
4-YELLOW,4141,4
4-YELLOW,4142,3
4-YELLOW,4143,4
4-YELLOW,4144,2
4-YELLOW,4145,9
4-YELLOW,4146,4
4-YELLOW,4147,3
4-YELLOW,4148,4
4-YELLOW,4149,5
4-YELLOW,4150,1
4-YELLOW,4151,2
4-YELLOW,4152,2
4-YELLOW,4153,1
4-YELLOW,4154,3
4-YELLOW,4155,3
4-YELLOW,4156,3
4-YELLOW,4158,3
4-YELLOW,4159,5
4-YELLOW,4160,5
4-YELLOW,4161,5
4-YELLOW,4162,4
4-YELLOW,4163,4
4-YELLOW,4164,2
4-YELLOW,4165,4
4-YELLOW,4166,4
4-YELLOW,4167,1
4-YELLOW,4168,3
4-YELLOW,4169,1
4-YELLOW,4170,3
4-YELLOW,4171,5
4-YELLOW,4172,2
4-YELLOW,4173,3
4-YELLOW,4174,2
4-YELLOW,4175,5
4-YELLOW,4176,3
4-YELLOW,4177,4
4-YELLOW,4178,2
4-YELLOW,4179,3
4-YELLOW,4180,6
4-YELLOW,4181,2
4-YELLOW,4182,3
4-YELLOW,4183,6
4-YELLOW,4184,2
4-YELLOW,4185,5
4-YELLOW,4186,2
4-YELLOW,4187,3
4-YELLOW,4188,1
4-YELLOW,4189,2
4-YELLOW,4190,3
4-YELLOW,4191,6
4-YELLOW,4192,5
4-YELLOW,4193,10
4-YELLOW,4194,5
4-YELLOW,4195,3
4-YELLOW,4196,5
4-YELLOW,4197,7
4-YELLOW,4198,4
4-YELLOW,4199,4
4-YELLOW,4200,2
4-YELLOW,4201,2
4-YELLOW,4202,4
4-YELLOW,4203,4
4-YELLOW,4204,4
4-YELLOW,4206,4
4-YELLOW,4208,7
4-YELLOW,4209,5
4-YELLOW,4210,5
4-YELLOW,4211,5
4-YELLOW,4212,5
4-YELLOW,4214,1
4-YELLOW,4215,4
4-YELLOW,4216,5
4-YELLOW,4217,4
4-YELLOW,4218,5
4-YELLOW,4219,5
4-YELLOW,4220,3
4-YELLOW,4221,1
4-YELLOW,4222,5
4-YELLOW,4223,10
4-YELLOW,4224,1
4-YELLOW,4225,6
4-YELLOW,4226,7
4-YELLOW,4227,2
4-YELLOW,4228,5
4-YELLOW,4229,2
4-YELLOW,4230,3
4-YELLOW,4231,4
4-YELLOW,4232,2
4-YELLOW,4233,1
4-YELLOW,4234,4
4-YELLOW,4235,5
4-YELLOW,4236,3
4-YELLOW,4238,3
4-YELLOW,4239,3
4-YELLOW,4240,5
4-YELLOW,4241,4
4-YELLOW,4243,3
4-YELLOW,4244,3
4-YELLOW,4245,3
4-YELLOW,4246,6
4-YELLOW,4247,3
4-YELLOW,4248,3
4-YELLOW,4249,7
4-YELLOW,4250,3
4-YELLOW,4251,6
4-YELLOW,4252,3
4-YELLOW,4253,3
4-YELLOW,4254,1
4-YELLOW,4255,3
4-YELLOW,4256,6
4-YELLOW,4257,2
4-YELLOW,4258,4
4-YELLOW,4259,6
4-YELLOW,4260,6
4-YELLOW,4261,5
4-YELLOW,4262,2
4-YELLOW,4263,5
4-YELLOW,4264,4
4-YELLOW,4265,4
4-YELLOW,4266,3
4-YELLOW,4267,10
4-YELLOW,4268,3
4-YELLOW,4269,3
4-YELLOW,4270,5
4-YELLOW,4271,3
4-YELLOW,4272,5
4-YELLOW,4273,4
4-YELLOW,4274,2
4-YELLOW,4275,6
4-YELLOW,4276,5
4-YELLOW,4277,6
4-YELLOW,4278,1
4-YELLOW,4279,7
4-YELLOW,4281,5
4-YELLOW,4282,4
4-YELLOW,4283,5
4-YELLOW,4285,5
4-YELLOW,4286,3
4-YELLOW,4287,3
4-YELLOW,4288,4
4-YELLOW,4289,5
4-YELLOW,4290,4
4-YELLOW,4291,3
4-YELLOW,4292,5
4-YELLOW,4293,4
4-YELLOW,4294,3
4-YELLOW,4295,3
4-YELLOW,4296,4
4-YELLOW,4297,4
4-YELLOW,4298,2
4-YELLOW,4299,4
4-YELLOW,4300,6
4-YELLOW,4301,4
4-YELLOW,4302,3
4-YELLOW,4303,2
4-YELLOW,4304,3
4-YELLOW,4305,2
4-YELLOW,4306,1
4-YELLOW,4307,4
4-YELLOW,4308,3
4-YELLOW,4309,4
4-YELLOW,4310,2
4-YELLOW,4311,4
4-YELLOW,4312,2
4-YELLOW,4313,2
4-YELLOW,4314,5
4-YELLOW,4315,2
4-YELLOW,4316,3
4-YELLOW,4317,3
4-YELLOW,4318,2
4-YELLOW,4319,3
4-YELLOW,4320,3
4-YELLOW,4321,4
4-YELLOW,4322,4
4-YELLOW,4323,3
4-YELLOW,4324,1
4-YELLOW,4325,1
4-YELLOW,4326,5
4-YELLOW,4327,5
4-YELLOW,4328,3
4-YELLOW,4329,1
4-YELLOW,4330,3
4-YELLOW,4331,4
4-YELLOW,4332,6
4-YELLOW,4333,4
4-YELLOW,4335,6
4-YELLOW,4336,3
4-YELLOW,4337,3
4-YELLOW,4338,2
4-YELLOW,4339,3
4-YELLOW,4340,3
4-YELLOW,4342,4
4-YELLOW,4343,2
4-YELLOW,4344,2
4-YELLOW,4345,3
4-YELLOW,4346,4
4-YELLOW,4347,1
4-YELLOW,4348,3
4-YELLOW,4349,2
4-YELLOW,4350,5
4-YELLOW,4351,2
4-YELLOW,4352,2
4-YELLOW,4353,4
4-YELLOW,4354,4
4-YELLOW,4355,2
4-YELLOW,4356,6
4-YELLOW,4357,5
4-YELLOW,4358,4
4-YELLOW,4359,1
4-YELLOW,4360,4
4-YELLOW,4361,1
4-YELLOW,4362,4
4-YELLOW,4363,4
4-YELLOW,4364,6
4-YELLOW,4365,5
4-YELLOW,4366,3
4-YELLOW,4367,2
4-YELLOW,4368,1
4-YELLOW,4369,2
4-YELLOW,4370,4
4-YELLOW,4371,5
4-YELLOW,4372,3
4-YELLOW,4373,3
4-YELLOW,4374,2
4-YELLOW,4375,1
4-YELLOW,4376,4
4-YELLOW,4377,4
4-YELLOW,4378,3
4-YELLOW,4379,3
4-YELLOW,4380,1
4-YELLOW,4381,2
4-YELLOW,4382,3
4-YELLOW,4383,4
4-YELLOW,4384,2
4-YELLOW,4385,4
4-YELLOW,4386,1
4-YELLOW,4387,1
4-YELLOW,4388,3
4-YELLOW,4389,5
4-YELLOW,4390,3
4-YELLOW,4391,1
4-YELLOW,4392,3
4-YELLOW,4393,6
4-YELLOW,4394,1
4-YELLOW,4395,4
4-YELLOW,4396,3
4-YELLOW,4397,2
4-YELLOW,4398,5
4-YELLOW,4399,3
4-YELLOW,4400,2
4-YELLOW,4401,3
4-YELLOW,4402,2
4-YELLOW,4403,4
4-YELLOW,4404,5
4-YELLOW,4405,5
4-YELLOW,4406,5
4-YELLOW,4407,2
4-YELLOW,4408,3
4-YELLOW,4409,2
4-YELLOW,4410,1
4-YELLOW,4411,5
4-YELLOW,4412,3
4-YELLOW,4413,6
4-YELLOW,4414,7
4-YELLOW,4415,3
4-YELLOW,4416,3
4-YELLOW,4418,5
4-YELLOW,4419,2
4-YELLOW,4420,6
4-YELLOW,4421,3
4-YELLOW,4422,4
4-YELLOW,4423,3
4-YELLOW,4424,6
4-YELLOW,4425,2
4-YELLOW,4426,7
4-YELLOW,4428,8
4-YELLOW,4429,3
4-YELLOW,4430,2
4-YELLOW,4431,1
4-YELLOW,4432,2
4-YELLOW,4433,6
4-YELLOW,4434,5
4-YELLOW,4435,5
4-YELLOW,4436,3
4-YELLOW,4437,4
4-YELLOW,4439,5
4-YELLOW,4440,1
4-YELLOW,4441,3
4-YELLOW,4442,7
4-YELLOW,4443,2
4-YELLOW,4444,2
4-YELLOW,4445,2
4-YELLOW,4446,4
4-YELLOW,4447,7
4-YELLOW,4448,1
4-YELLOW,4449,3
4-YELLOW,4450,1
4-YELLOW,4451,2
4-YELLOW,4452,6
4-YELLOW,4453,4
4-YELLOW,4454,8
4-YELLOW,4455,3
4-YELLOW,4456,3
4-YELLOW,4457,3
4-YELLOW,4458,2
4-YELLOW,4459,2
4-YELLOW,4460,4
4-YELLOW,4461,2
4-YELLOW,4462,2
4-YELLOW,4463,2
4-YELLOW,4464,4
4-YELLOW,4465,3
4-YELLOW,4466,2
4-YELLOW,4468,2
4-YELLOW,4469,1
4-YELLOW,4470,3
4-YELLOW,4471,3
4-YELLOW,4472,2
4-YELLOW,4473,4
4-YELLOW,4474,1
4-YELLOW,4475,3
4-YELLOW,4476,4
4-YELLOW,4477,2
4-YELLOW,4478,1
4-YELLOW,4479,2
4-YELLOW,4480,4
4-YELLOW,4481,2
4-YELLOW,4482,7
4-YELLOW,4483,2
4-YELLOW,4484,3
4-YELLOW,4485,6
4-YELLOW,4486,5
4-YELLOW,4487,5
4-YELLOW,4489,5
4-YELLOW,4490,5
4-YELLOW,4491,3
4-YELLOW,4492,4
4-YELLOW,4493,4
4-YELLOW,4494,1
4-YELLOW,4495,4
4-YELLOW,4496,2
4-YELLOW,4497,2
4-YELLOW,4498,2
4-YELLOW,4499,3
4-YELLOW,4500,6
4-YELLOW,4501,2
4-YELLOW,4502,3
4-YELLOW,4503,3
4-YELLOW,4504,3
4-YELLOW,4505,2
4-YELLOW,4506,1
4-YELLOW,4507,5
4-YELLOW,4508,2
4-YELLOW,4509,4
4-YELLOW,4510,3
4-YELLOW,4511,7
4-YELLOW,4512,3
4-YELLOW,4513,4
4-YELLOW,4514,1
4-YELLOW,4515,1
4-YELLOW,4516,6
4-YELLOW,4517,1
4-YELLOW,4518,1
4-YELLOW,4519,3
4-YELLOW,4520,3
4-YELLOW,4521,1
4-YELLOW,4522,2
4-YELLOW,4523,4
4-YELLOW,4524,3
4-YELLOW,4525,6
4-YELLOW,4526,3
4-YELLOW,4527,2
4-YELLOW,4528,3
4-YELLOW,4529,3
4-YELLOW,4530,5
4-YELLOW,4531,1
4-YELLOW,4532,3
4-YELLOW,4533,4
4-YELLOW,4535,2
4-YELLOW,4536,4
4-YELLOW,4537,3
4-YELLOW,4538,4
4-YELLOW,4539,3
4-YELLOW,4540,3
4-YELLOW,4542,3
4-YELLOW,4543,3
4-YELLOW,4545,8
4-YELLOW,4546,2
4-YELLOW,4547,1
4-YELLOW,4548,4
4-YELLOW,4550,2
4-YELLOW,4551,6
4-YELLOW,4552,3
4-YELLOW,4553,3
4-YELLOW,4554,1
4-YELLOW,4555,1
4-YELLOW,4556,1
4-YELLOW,4557,3
4-YELLOW,4558,2
4-YELLOW,4560,1
4-YELLOW,4561,5
4-YELLOW,4562,4
4-YELLOW,4563,3
4-YELLOW,4564,5
4-YELLOW,4565,3
4-YELLOW,4566,3
4-YELLOW,4567,6
4-YELLOW,4568,6
4-YELLOW,4569,1
4-YELLOW,4570,3
4-YELLOW,4571,1
4-YELLOW,4572,1
4-YELLOW,4573,1
4-YELLOW,4574,5
4-YELLOW,4575,2
4-YELLOW,4576,5
4-YELLOW,4577,1
4-YELLOW,4578,1
4-YELLOW,4579,3
4-YELLOW,4580,4
4-YELLOW,4581,3
4-YELLOW,4582,2
4-YELLOW,4583,2
4-YELLOW,4584,3
4-YELLOW,4585,5
4-YELLOW,4586,5
4-YELLOW,4587,2
4-YELLOW,4588,3
4-YELLOW,4591,4
4-YELLOW,4592,3
4-YELLOW,4593,6
4-YELLOW,4594,3
4-YELLOW,4595,5
4-YELLOW,4596,3
4-YELLOW,4598,2
4-YELLOW,4599,1
4-YELLOW,4600,4
4-YELLOW,4601,4
4-YELLOW,4602,4
4-YELLOW,4603,4
4-YELLOW,4604,4
4-YELLOW,4605,4
4-YELLOW,4606,2
4-YELLOW,4607,5
4-YELLOW,4608,3
4-YELLOW,4609,4
4-YELLOW,4610,4
4-YELLOW,4611,4
4-YELLOW,4612,3
4-YELLOW,4613,1
4-YELLOW,4614,4
4-YELLOW,4615,4
4-YELLOW,4616,5
4-YELLOW,4617,1
4-YELLOW,4618,2
4-YELLOW,4619,3
4-YELLOW,4620,1
4-YELLOW,4621,4
4-YELLOW,4623,5
4-YELLOW,4624,3
4-YELLOW,4625,1
4-YELLOW,4626,2
4-YELLOW,4627,1
4-YELLOW,4628,2
4-YELLOW,4629,1
4-YELLOW,4630,1
4-YELLOW,4631,3
4-YELLOW,4632,1
4-YELLOW,4633,2
4-YELLOW,4634,6
4-YELLOW,4635,3
4-YELLOW,4636,4
4-YELLOW,4637,2
4-YELLOW,4638,3
4-YELLOW,4639,3
4-YELLOW,4640,1
4-YELLOW,4641,4
4-YELLOW,4642,2
4-YELLOW,4643,2
4-YELLOW,4644,6
4-YELLOW,4645,4
4-YELLOW,4646,1
4-YELLOW,4647,2
4-YELLOW,4648,5
4-YELLOW,4649,5
4-YELLOW,4650,2
4-YELLOW,4651,3
4-YELLOW,4652,3
4-YELLOW,4653,5
4-YELLOW,4654,2
4-YELLOW,4655,2
4-YELLOW,4656,2
4-YELLOW,4657,3
4-YELLOW,4658,3
4-YELLOW,4659,4
4-YELLOW,4660,4
4-YELLOW,4661,4
4-YELLOW,4662,1
4-YELLOW,4663,2
4-YELLOW,4665,1
4-YELLOW,4666,5
4-YELLOW,4667,3
4-YELLOW,4668,1
4-YELLOW,4669,4
4-YELLOW,4670,3
4-YELLOW,4671,2
4-YELLOW,4672,5
4-YELLOW,4673,6
4-YELLOW,4674,3
4-YELLOW,4675,4
4-YELLOW,4676,3
4-YELLOW,4677,3
4-YELLOW,4678,1
4-YELLOW,4679,3
4-YELLOW,4681,4
4-YELLOW,4682,1
4-YELLOW,4683,2
4-YELLOW,4684,3
4-YELLOW,4685,1
4-YELLOW,4686,2
4-YELLOW,4687,4
4-YELLOW,4688,2
4-YELLOW,4689,4
4-YELLOW,4690,4
4-YELLOW,4691,2
4-YELLOW,4692,4
4-YELLOW,4693,4
4-YELLOW,4694,1
4-YELLOW,4695,2
4-YELLOW,4696,1
4-YELLOW,4697,1
4-YELLOW,4698,4
4-YELLOW,4699,2
4-YELLOW,4700,4
4-YELLOW,4701,3
4-YELLOW,4702,5
4-YELLOW,4703,1
4-YELLOW,4704,2
4-YELLOW,4705,2
4-YELLOW,4706,3
4-YELLOW,4707,1
4-YELLOW,4708,3
4-YELLOW,4710,1
4-YELLOW,4711,2
4-YELLOW,4712,2
4-YELLOW,4713,3
4-YELLOW,4714,4
4-YELLOW,4715,2
4-YELLOW,4716,2
4-YELLOW,4717,2
4-YELLOW,4718,2
4-YELLOW,4720,4
4-YELLOW,4721,2
4-YELLOW,4722,4
4-YELLOW,4723,2
4-YELLOW,4725,3
4-YELLOW,4727,4
4-YELLOW,4728,2
4-YELLOW,4730,2
4-YELLOW,4732,1
4-YELLOW,4733,2
4-YELLOW,4734,3
4-YELLOW,4735,1
4-YELLOW,4736,7
4-YELLOW,4737,3
4-YELLOW,4739,1
4-YELLOW,4740,4
4-YELLOW,4741,1
4-YELLOW,4742,1
4-YELLOW,4743,5
4-YELLOW,4744,1
4-YELLOW,4745,4
4-YELLOW,4746,1
4-YELLOW,4747,1
4-YELLOW,4748,1
4-YELLOW,4750,2
4-YELLOW,4751,4
4-YELLOW,4752,3
4-YELLOW,4753,2
4-YELLOW,4754,2
4-YELLOW,4755,3
4-YELLOW,4756,4
4-YELLOW,4757,3
4-YELLOW,4758,2
4-YELLOW,4759,4
4-YELLOW,4763,3
4-YELLOW,4764,4
4-YELLOW,4765,2
4-YELLOW,4766,2
4-YELLOW,4767,1
4-YELLOW,4770,4
4-YELLOW,4771,4
4-YELLOW,4772,8
4-YELLOW,4773,2
4-YELLOW,4774,4
4-YELLOW,4776,3
4-YELLOW,4777,1
4-YELLOW,4778,3
4-YELLOW,4779,2
4-YELLOW,4780,5
4-YELLOW,4781,4
4-YELLOW,4782,3
4-YELLOW,4784,2
4-YELLOW,4785,3
4-YELLOW,4786,3
4-YELLOW,4787,3
4-YELLOW,4788,4
4-YELLOW,4789,1
4-YELLOW,4790,3
4-YELLOW,4791,5
4-YELLOW,4792,2
4-YELLOW,4793,2
4-YELLOW,4794,2
4-YELLOW,4795,3
4-YELLOW,4796,4
4-YELLOW,4797,5
4-YELLOW,4798,2
4-YELLOW,4799,1
4-YELLOW,4800,1
4-YELLOW,4801,2
4-YELLOW,4803,3
4-YELLOW,4804,4
4-YELLOW,4805,2
4-YELLOW,4806,3
4-YELLOW,4807,2
4-YELLOW,4808,1
4-YELLOW,4809,2
4-YELLOW,4810,4
4-YELLOW,4811,3
4-YELLOW,4812,3
4-YELLOW,4813,3
4-YELLOW,4814,2
4-YELLOW,4815,4
4-YELLOW,4816,1
4-YELLOW,4817,1
4-YELLOW,4818,3
4-YELLOW,4819,5
4-YELLOW,4820,3
4-YELLOW,4821,3
4-YELLOW,4822,4
4-YELLOW,4823,1
4-YELLOW,4824,2
4-YELLOW,4825,2
4-YELLOW,4826,1
4-YELLOW,4827,3
4-YELLOW,4828,2
4-YELLOW,4829,2
4-YELLOW,4830,1
4-YELLOW,4831,5
4-YELLOW,4832,1
4-YELLOW,4833,4
4-YELLOW,4834,3
4-YELLOW,4835,2
4-YELLOW,4836,2
4-YELLOW,4837,3
4-YELLOW,4838,1
4-YELLOW,4840,1
4-YELLOW,4841,3
4-YELLOW,4842,2
4-YELLOW,4843,1
4-YELLOW,4845,2
4-YELLOW,4846,2
4-YELLOW,4847,2
4-YELLOW,4848,3
4-YELLOW,4849,1
4-YELLOW,4850,3
4-YELLOW,4851,1
4-YELLOW,4852,4
4-YELLOW,4853,2
4-YELLOW,4854,4
4-YELLOW,4855,4
4-YELLOW,4856,4
4-YELLOW,4857,4
4-YELLOW,4858,3
4-YELLOW,4859,1
4-YELLOW,4860,4
4-YELLOW,4861,2
4-YELLOW,4862,4
4-YELLOW,4863,5
4-YELLOW,4864,1
4-YELLOW,4865,1
4-YELLOW,4866,6
4-YELLOW,4867,2
4-YELLOW,4868,3
4-YELLOW,4869,1
4-YELLOW,4870,3
4-YELLOW,4871,2
4-YELLOW,4872,1
4-YELLOW,4873,4
4-YELLOW,4874,1
4-YELLOW,4875,2
4-YELLOW,4876,2
4-YELLOW,4877,2
4-YELLOW,4878,1
4-YELLOW,4879,3
4-YELLOW,4880,4
4-YELLOW,4881,3
4-YELLOW,4882,3
4-YELLOW,4883,5
4-YELLOW,4885,2
4-YELLOW,4886,2
4-YELLOW,4887,3
4-YELLOW,4888,1
4-YELLOW,4889,5
4-YELLOW,4890,3
4-YELLOW,4891,3
4-YELLOW,4892,2
4-YELLOW,4893,4
4-YELLOW,4894,4
4-YELLOW,4895,5
4-YELLOW,4896,3
4-YELLOW,4898,3
4-YELLOW,4899,3
4-YELLOW,4900,3
4-YELLOW,4901,1
4-YELLOW,4902,3
4-YELLOW,4903,3
4-YELLOW,4904,1
4-YELLOW,4905,2
4-YELLOW,4906,3
4-YELLOW,4907,3
4-YELLOW,4908,3
4-YELLOW,4909,3
4-YELLOW,4910,2
4-YELLOW,4911,3
4-YELLOW,4912,1
4-YELLOW,4913,1
4-YELLOW,4914,2
4-YELLOW,4915,3
4-YELLOW,4916,1
4-YELLOW,4917,8
4-YELLOW,4918,2
4-YELLOW,4919,1
4-YELLOW,4920,2
4-YELLOW,4921,2
4-YELLOW,4922,2
4-YELLOW,4923,2
4-YELLOW,4924,3
4-YELLOW,4925,2
4-YELLOW,4927,2
4-YELLOW,4928,4
4-YELLOW,4929,2
4-YELLOW,4930,2
4-YELLOW,4931,2
4-YELLOW,4932,1
4-YELLOW,4933,2
4-YELLOW,4934,1
4-YELLOW,4935,3
4-YELLOW,4936,2
4-YELLOW,4937,1
4-YELLOW,4938,3
4-YELLOW,4939,4
4-YELLOW,4940,1
4-YELLOW,4941,1
4-YELLOW,4943,2
4-YELLOW,4944,1
4-YELLOW,4945,2
4-YELLOW,4946,3
4-YELLOW,4947,3
4-YELLOW,4949,1
4-YELLOW,4950,5
4-YELLOW,4951,3
4-YELLOW,4952,1
4-YELLOW,4953,5
4-YELLOW,4954,3
4-YELLOW,4955,1
4-YELLOW,4957,1
4-YELLOW,4958,3
4-YELLOW,4959,5
4-YELLOW,4960,3
4-YELLOW,4961,5
4-YELLOW,4962,4
4-YELLOW,4963,3
4-YELLOW,4964,2
4-YELLOW,4965,1
4-YELLOW,4967,4
4-YELLOW,4968,1
4-YELLOW,4969,2
4-YELLOW,4970,2
4-YELLOW,4971,2
4-YELLOW,4972,2
4-YELLOW,4973,2
4-YELLOW,4974,4
4-YELLOW,4975,2
4-YELLOW,4976,1
4-YELLOW,4977,1
4-YELLOW,4978,2
4-YELLOW,4979,2
4-YELLOW,4981,1
4-YELLOW,4982,2
4-YELLOW,4983,1
4-YELLOW,4984,1
4-YELLOW,4985,1
4-YELLOW,4986,1
4-YELLOW,4987,6
4-YELLOW,4988,6
4-YELLOW,4989,2
4-YELLOW,4991,3
4-YELLOW,4992,3
4-YELLOW,4993,3
4-YELLOW,4994,2
4-YELLOW,4996,2
4-YELLOW,4997,3
4-YELLOW,4998,3
4-YELLOW,4999,3
4-YELLOW,5000,3
4-YELLOW,5001,1
4-YELLOW,5002,4
4-YELLOW,5003,1
4-YELLOW,5004,1
4-YELLOW,5005,6
4-YELLOW,5006,3
4-YELLOW,5007,4
4-YELLOW,5008,5
4-YELLOW,5009,3
4-YELLOW,5010,2
4-YELLOW,5011,2
4-YELLOW,5012,4
4-YELLOW,5014,2
4-YELLOW,5015,2
4-YELLOW,5016,1
4-YELLOW,5017,4
4-YELLOW,5018,4
4-YELLOW,5019,2
4-YELLOW,5020,3
4-YELLOW,5021,4
4-YELLOW,5022,1
4-YELLOW,5023,4
4-YELLOW,5024,2
4-YELLOW,5025,1
4-YELLOW,5026,3
4-YELLOW,5027,3
4-YELLOW,5028,2
4-YELLOW,5030,2
4-YELLOW,5031,1
4-YELLOW,5032,1
4-YELLOW,5033,1
4-YELLOW,5034,1
4-YELLOW,5036,2
4-YELLOW,5037,1
4-YELLOW,5038,2
4-YELLOW,5039,5
4-YELLOW,5040,4
4-YELLOW,5041,6
4-YELLOW,5042,1
4-YELLOW,5043,5
4-YELLOW,5044,3
4-YELLOW,5045,2
4-YELLOW,5046,3
4-YELLOW,5047,3
4-YELLOW,5048,4
4-YELLOW,5049,2
4-YELLOW,5050,1
4-YELLOW,5051,4
4-YELLOW,5052,4
4-YELLOW,5053,6
4-YELLOW,5054,3
4-YELLOW,5055,2
4-YELLOW,5056,2
4-YELLOW,5057,5
4-YELLOW,5058,1
4-YELLOW,5059,4
4-YELLOW,5060,4
4-YELLOW,5061,2
4-YELLOW,5062,5
4-YELLOW,5063,2
4-YELLOW,5064,3
4-YELLOW,5065,2
4-YELLOW,5067,4
4-YELLOW,5069,5
4-YELLOW,5070,1
4-YELLOW,5071,1
4-YELLOW,5073,2
4-YELLOW,5075,3
4-YELLOW,5076,3
4-YELLOW,5077,3
4-YELLOW,5078,1
4-YELLOW,5079,2
4-YELLOW,5080,1
4-YELLOW,5081,3
4-YELLOW,5082,3
4-YELLOW,5083,3
4-YELLOW,5085,1
4-YELLOW,5086,3
4-YELLOW,5087,5
4-YELLOW,5088,2
4-YELLOW,5089,2
4-YELLOW,5090,1
4-YELLOW,5091,2
4-YELLOW,5092,6
4-YELLOW,5093,3
4-YELLOW,5094,2
4-YELLOW,5095,3
4-YELLOW,5096,1
4-YELLOW,5097,4
4-YELLOW,5098,1
4-YELLOW,5100,6
4-YELLOW,5101,2
4-YELLOW,5102,1
4-YELLOW,5103,2
4-YELLOW,5104,3
4-YELLOW,5105,1
4-YELLOW,5106,2
4-YELLOW,5107,2
4-YELLOW,5109,3
4-YELLOW,5110,4
4-YELLOW,5111,1
4-YELLOW,5112,1
4-YELLOW,5113,2
4-YELLOW,5114,2
4-YELLOW,5115,1
4-YELLOW,5117,6
4-YELLOW,5118,2
4-YELLOW,5120,2
4-YELLOW,5121,2
4-YELLOW,5122,5
4-YELLOW,5123,1
4-YELLOW,5124,4
4-YELLOW,5125,3
4-YELLOW,5126,1
4-YELLOW,5127,2
4-YELLOW,5129,4
4-YELLOW,5130,2
4-YELLOW,5131,3
4-YELLOW,5132,3
4-YELLOW,5133,3
4-YELLOW,5135,1
4-YELLOW,5136,1
4-YELLOW,5137,1
4-YELLOW,5138,2
4-YELLOW,5139,2
4-YELLOW,5140,2
4-YELLOW,5141,3
4-YELLOW,5142,1
4-YELLOW,5143,3
4-YELLOW,5144,6
4-YELLOW,5145,2
4-YELLOW,5146,5
4-YELLOW,5147,2
4-YELLOW,5148,2
4-YELLOW,5149,5
4-YELLOW,5150,1
4-YELLOW,5151,4
4-YELLOW,5152,2
4-YELLOW,5153,1
4-YELLOW,5154,1
4-YELLOW,5156,2
4-YELLOW,5157,1
4-YELLOW,5158,1
4-YELLOW,5160,1
4-YELLOW,5161,1
4-YELLOW,5162,1
4-YELLOW,5164,3
4-YELLOW,5165,4
4-YELLOW,5166,2
4-YELLOW,5167,2
4-YELLOW,5170,2
4-YELLOW,5171,2
4-YELLOW,5173,5
4-YELLOW,5174,5
4-YELLOW,5175,2
4-YELLOW,5176,3
4-YELLOW,5177,1
4-YELLOW,5178,1
4-YELLOW,5179,3
4-YELLOW,5180,4
4-YELLOW,5181,6
4-YELLOW,5182,3
4-YELLOW,5183,3
4-YELLOW,5184,1
4-YELLOW,5185,2
4-YELLOW,5186,2
4-YELLOW,5187,2
4-YELLOW,5188,4
4-YELLOW,5189,1
4-YELLOW,5190,4
4-YELLOW,5191,1
4-YELLOW,5192,5
4-YELLOW,5193,3
4-YELLOW,5194,1
4-YELLOW,5195,3
4-YELLOW,5196,3
4-YELLOW,5197,4
4-YELLOW,5198,4
4-YELLOW,5199,3
4-YELLOW,5200,2
4-YELLOW,5201,3
4-YELLOW,5202,3
4-YELLOW,5204,3
4-YELLOW,5205,2
4-YELLOW,5206,2
4-YELLOW,5207,3
4-YELLOW,5208,1
4-YELLOW,5209,4
4-YELLOW,5210,4
4-YELLOW,5211,1
4-YELLOW,5212,2
4-YELLOW,5213,2
4-YELLOW,5215,4
4-YELLOW,5216,4
4-YELLOW,5218,5
4-YELLOW,5219,2
4-YELLOW,5220,1
4-YELLOW,5221,2
4-YELLOW,5222,1
4-YELLOW,5223,2
4-YELLOW,5224,3
4-YELLOW,5226,4
4-YELLOW,5227,3
4-YELLOW,5228,3
4-YELLOW,5229,3
4-YELLOW,5230,4
4-YELLOW,5232,1
4-YELLOW,5233,3
4-YELLOW,5234,5
4-YELLOW,5235,1
4-YELLOW,5237,3
4-YELLOW,5238,2
4-YELLOW,5239,1
4-YELLOW,5240,3
4-YELLOW,5241,3
4-YELLOW,5242,1
4-YELLOW,5243,4
4-YELLOW,5244,2
4-YELLOW,5245,1
4-YELLOW,5246,4
4-YELLOW,5247,2
4-YELLOW,5248,3
4-YELLOW,5249,1
4-YELLOW,5250,1
4-YELLOW,5251,1
4-YELLOW,5252,4
4-YELLOW,5253,3
4-YELLOW,5254,4
4-YELLOW,5255,2
4-YELLOW,5256,3
4-YELLOW,5257,2
4-YELLOW,5258,3
4-YELLOW,5259,2
4-YELLOW,5260,2
4-YELLOW,5261,2
4-YELLOW,5262,3
4-YELLOW,5263,5
4-YELLOW,5264,5
4-YELLOW,5265,3
4-YELLOW,5266,3
4-YELLOW,5267,5
4-YELLOW,5268,2
4-YELLOW,5270,1
4-YELLOW,5271,4
4-YELLOW,5272,3
4-YELLOW,5273,1
4-YELLOW,5274,2
4-YELLOW,5275,1
4-YELLOW,5276,3
4-YELLOW,5277,2
4-YELLOW,5278,4
4-YELLOW,5279,3
4-YELLOW,5280,2
4-YELLOW,5281,2
4-YELLOW,5283,2
4-YELLOW,5284,2
4-YELLOW,5285,1
4-YELLOW,5286,2
4-YELLOW,5287,4
4-YELLOW,5288,3
4-YELLOW,5289,4
4-YELLOW,5291,1
4-YELLOW,5292,5
4-YELLOW,5293,2
4-YELLOW,5295,3
4-YELLOW,5297,3
4-YELLOW,5298,3
4-YELLOW,5299,3
4-YELLOW,5300,5
4-YELLOW,5301,2
4-YELLOW,5302,2
4-YELLOW,5303,3
4-YELLOW,5304,1
4-YELLOW,5305,4
4-YELLOW,5306,2
4-YELLOW,5307,1
4-YELLOW,5308,3
4-YELLOW,5309,3
4-YELLOW,5310,6
4-YELLOW,5311,2
4-YELLOW,5312,2
4-YELLOW,5313,4
4-YELLOW,5314,1
4-YELLOW,5315,2
4-YELLOW,5316,3
4-YELLOW,5317,2
4-YELLOW,5318,2
4-YELLOW,5319,4
4-YELLOW,5320,3
4-YELLOW,5321,3
4-YELLOW,5322,2
4-YELLOW,5324,3
4-YELLOW,5326,2
4-YELLOW,5327,1
4-YELLOW,5328,3
4-YELLOW,5329,3
4-YELLOW,5330,3
4-YELLOW,5331,3
4-YELLOW,5332,5
4-YELLOW,5333,1
4-YELLOW,5334,3
4-YELLOW,5335,1
4-YELLOW,5336,1
4-YELLOW,5337,1
4-YELLOW,5338,1
4-YELLOW,5339,1
4-YELLOW,5340,2
4-YELLOW,5341,4
4-YELLOW,5342,2
4-YELLOW,5343,2
4-YELLOW,5344,1
4-YELLOW,5345,2
4-YELLOW,5346,2
4-YELLOW,5347,3
4-YELLOW,5348,2
4-YELLOW,5350,2
4-YELLOW,5351,3
4-YELLOW,5352,4
4-YELLOW,5353,1
4-YELLOW,5354,4
4-YELLOW,5355,2
4-YELLOW,5357,2
4-YELLOW,5360,1
4-YELLOW,5361,5
4-YELLOW,5362,2
4-YELLOW,5363,3
4-YELLOW,5365,4
4-YELLOW,5366,1
4-YELLOW,5367,1
4-YELLOW,5368,3
4-YELLOW,5369,3
4-YELLOW,5370,3
4-YELLOW,5371,1
4-YELLOW,5372,2
4-YELLOW,5375,1
4-YELLOW,5376,4
4-YELLOW,5377,5
4-YELLOW,5378,3
4-YELLOW,5379,1
4-YELLOW,5380,1
4-YELLOW,5381,3
4-YELLOW,5382,1
4-YELLOW,5383,3
4-YELLOW,5384,3
4-YELLOW,5385,5
4-YELLOW,5387,1
4-YELLOW,5388,3
4-YELLOW,5390,2
4-YELLOW,5391,4
4-YELLOW,5392,2
4-YELLOW,5393,2
4-YELLOW,5394,2
4-YELLOW,5395,4
4-YELLOW,5396,1
4-YELLOW,5397,2
4-YELLOW,5398,2
4-YELLOW,5399,1
4-YELLOW,5400,2
4-YELLOW,5401,1
4-YELLOW,5402,3
4-YELLOW,5403,2
4-YELLOW,5404,2
4-YELLOW,5405,4
4-YELLOW,5406,3
4-YELLOW,5407,3
4-YELLOW,5409,1
4-YELLOW,5410,1
4-YELLOW,5411,1
4-YELLOW,5412,3
4-YELLOW,5413,2
4-YELLOW,5414,6
4-YELLOW,5415,1
4-YELLOW,5417,2
4-YELLOW,5418,3
4-YELLOW,5419,6
4-YELLOW,5420,4
4-YELLOW,5422,1
4-YELLOW,5424,2
4-YELLOW,5425,1
4-YELLOW,5426,3
4-YELLOW,5427,1
4-YELLOW,5428,3
4-YELLOW,5429,2
4-YELLOW,5430,3
4-YELLOW,5431,2
4-YELLOW,5433,2
4-YELLOW,5435,1
4-YELLOW,5436,2
4-YELLOW,5437,2
4-YELLOW,5438,4
4-YELLOW,5439,3
4-YELLOW,5440,4
4-YELLOW,5441,1
4-YELLOW,5442,5
4-YELLOW,5443,2
4-YELLOW,5444,1
4-YELLOW,5445,1
4-YELLOW,5446,1
4-YELLOW,5448,2
4-YELLOW,5449,3
4-YELLOW,5450,1
4-YELLOW,5451,3
4-YELLOW,5452,2
4-YELLOW,5453,2
4-YELLOW,5454,2
4-YELLOW,5455,2
4-YELLOW,5457,1
4-YELLOW,5458,4
4-YELLOW,5459,2
4-YELLOW,5460,4
4-YELLOW,5461,1
4-YELLOW,5462,2
4-YELLOW,5463,2
4-YELLOW,5464,3
4-YELLOW,5466,1
4-YELLOW,5467,2
4-YELLOW,5468,1
4-YELLOW,5469,2
4-YELLOW,5470,2
4-YELLOW,5471,1
4-YELLOW,5472,1
4-YELLOW,5474,1
4-YELLOW,5475,4
4-YELLOW,5476,1
4-YELLOW,5477,1
4-YELLOW,5478,2
4-YELLOW,5479,2
4-YELLOW,5481,3
4-YELLOW,5483,3
4-YELLOW,5484,2
4-YELLOW,5486,2
4-YELLOW,5487,2
4-YELLOW,5488,1
4-YELLOW,5489,3
4-YELLOW,5490,1
4-YELLOW,5491,1
4-YELLOW,5492,4
4-YELLOW,5493,4
4-YELLOW,5495,1
4-YELLOW,5496,1
4-YELLOW,5497,2
4-YELLOW,5498,3
4-YELLOW,5499,2
4-YELLOW,5500,2
4-YELLOW,5501,2
4-YELLOW,5502,3
4-YELLOW,5503,3
4-YELLOW,5504,2
4-YELLOW,5505,4
4-YELLOW,5506,4
4-YELLOW,5507,5
4-YELLOW,5508,2
4-YELLOW,5509,1
4-YELLOW,5510,2
4-YELLOW,5513,3
4-YELLOW,5514,1
4-YELLOW,5515,2
4-YELLOW,5516,2
4-YELLOW,5517,2
4-YELLOW,5518,2
4-YELLOW,5520,1
4-YELLOW,5521,3
4-YELLOW,5523,6
4-YELLOW,5524,2
4-YELLOW,5525,2
4-YELLOW,5526,1
4-YELLOW,5527,1
4-YELLOW,5528,2
4-YELLOW,5529,2
4-YELLOW,5530,1
4-YELLOW,5531,4
4-YELLOW,5532,1
4-YELLOW,5535,4
4-YELLOW,5536,1
4-YELLOW,5537,8
4-YELLOW,5538,3
4-YELLOW,5540,2
4-YELLOW,5541,5
4-YELLOW,5542,2
4-YELLOW,5543,2
4-YELLOW,5544,1
4-YELLOW,5546,2
4-YELLOW,5547,1
4-YELLOW,5548,3
4-YELLOW,5549,1
4-YELLOW,5551,2
4-YELLOW,5552,1
4-YELLOW,5553,4
4-YELLOW,5554,1
4-YELLOW,5555,1
4-YELLOW,5557,3
4-YELLOW,5558,2
4-YELLOW,5559,2
4-YELLOW,5560,3
4-YELLOW,5561,1
4-YELLOW,5562,2
4-YELLOW,5563,2
4-YELLOW,5564,2
4-YELLOW,5565,2
4-YELLOW,5566,3
4-YELLOW,5567,3
4-YELLOW,5568,2
4-YELLOW,5569,1
4-YELLOW,5570,2
4-YELLOW,5571,3
4-YELLOW,5572,3
4-YELLOW,5573,4
4-YELLOW,5574,3
4-YELLOW,5577,3
4-YELLOW,5580,2
4-YELLOW,5582,6
4-YELLOW,5583,2
4-YELLOW,5584,5
4-YELLOW,5585,4
4-YELLOW,5588,2
4-YELLOW,5589,3
4-YELLOW,5590,3
4-YELLOW,5591,2
4-YELLOW,5592,2
4-YELLOW,5595,3
4-YELLOW,5597,2
4-YELLOW,5598,1
4-YELLOW,5599,2
4-YELLOW,5600,1
4-YELLOW,5602,2
4-YELLOW,5603,3
4-YELLOW,5605,1
4-YELLOW,5606,1
4-YELLOW,5607,1
4-YELLOW,5608,1
4-YELLOW,5609,1
4-YELLOW,5610,2
4-YELLOW,5611,1
4-YELLOW,5612,3
4-YELLOW,5614,2
4-YELLOW,5616,3
4-YELLOW,5617,1
4-YELLOW,5618,1
4-YELLOW,5619,2
4-YELLOW,5620,2
4-YELLOW,5622,2
4-YELLOW,5623,1
4-YELLOW,5625,1
4-YELLOW,5626,4
4-YELLOW,5627,2
4-YELLOW,5629,3
4-YELLOW,5630,3
4-YELLOW,5631,1
4-YELLOW,5632,1
4-YELLOW,5633,3
4-YELLOW,5634,3
4-YELLOW,5636,3
4-YELLOW,5639,1
4-YELLOW,5640,3
4-YELLOW,5641,1
4-YELLOW,5642,3
4-YELLOW,5643,2
4-YELLOW,5645,1
4-YELLOW,5646,2
4-YELLOW,5647,3
4-YELLOW,5649,2
4-YELLOW,5650,4
4-YELLOW,5651,2
4-YELLOW,5652,1
4-YELLOW,5653,2
4-YELLOW,5654,1
4-YELLOW,5655,3
4-YELLOW,5656,1
4-YELLOW,5657,1
4-YELLOW,5658,3
4-YELLOW,5659,4
4-YELLOW,5660,1
4-YELLOW,5661,1
4-YELLOW,5662,2
4-YELLOW,5663,1
4-YELLOW,5664,1
4-YELLOW,5666,2
4-YELLOW,5667,6
4-YELLOW,5669,1
4-YELLOW,5670,2
4-YELLOW,5672,3
4-YELLOW,5673,2
4-YELLOW,5674,1
4-YELLOW,5675,1
4-YELLOW,5676,2
4-YELLOW,5677,3
4-YELLOW,5678,1
4-YELLOW,5679,5
4-YELLOW,5680,1
4-YELLOW,5682,1
4-YELLOW,5683,2
4-YELLOW,5685,1
4-YELLOW,5686,3
4-YELLOW,5687,2
4-YELLOW,5688,1
4-YELLOW,5689,3
4-YELLOW,5691,2
4-YELLOW,5692,1
4-YELLOW,5693,2
4-YELLOW,5694,4
4-YELLOW,5695,2
4-YELLOW,5696,3
4-YELLOW,5697,3
4-YELLOW,5698,5
4-YELLOW,5700,1
4-YELLOW,5701,2
4-YELLOW,5703,3
4-YELLOW,5704,2
4-YELLOW,5705,3
4-YELLOW,5706,1
4-YELLOW,5707,3
4-YELLOW,5708,3
4-YELLOW,5709,2
4-YELLOW,5710,2
4-YELLOW,5711,4
4-YELLOW,5712,2
4-YELLOW,5713,2
4-YELLOW,5714,4
4-YELLOW,5715,1
4-YELLOW,5716,1
4-YELLOW,5717,3
4-YELLOW,5719,2
4-YELLOW,5720,1
4-YELLOW,5721,1
4-YELLOW,5722,1
4-YELLOW,5723,2
4-YELLOW,5725,3
4-YELLOW,5726,2
4-YELLOW,5727,2
4-YELLOW,5728,6
4-YELLOW,5729,1
4-YELLOW,5730,2
4-YELLOW,5731,1
4-YELLOW,5732,2
4-YELLOW,5733,2
4-YELLOW,5734,3
4-YELLOW,5735,2
4-YELLOW,5738,3
4-YELLOW,5739,1
4-YELLOW,5740,1
4-YELLOW,5741,2
4-YELLOW,5742,4
4-YELLOW,5743,4
4-YELLOW,5744,2
4-YELLOW,5748,2
4-YELLOW,5749,3
4-YELLOW,5750,1
4-YELLOW,5752,1
4-YELLOW,5753,1
4-YELLOW,5754,3
4-YELLOW,5755,2
4-YELLOW,5756,4
4-YELLOW,5757,1
4-YELLOW,5758,2
4-YELLOW,5759,1
4-YELLOW,5761,1
4-YELLOW,5762,1
4-YELLOW,5763,1
4-YELLOW,5764,2
4-YELLOW,5765,2
4-YELLOW,5766,2
4-YELLOW,5767,2
4-YELLOW,5768,1
4-YELLOW,5769,1
4-YELLOW,5770,1
4-YELLOW,5771,3
4-YELLOW,5772,1
4-YELLOW,5774,1
4-YELLOW,5775,1
4-YELLOW,5777,1
4-YELLOW,5778,3
4-YELLOW,5779,1
4-YELLOW,5780,1
4-YELLOW,5783,1
4-YELLOW,5784,4
4-YELLOW,5785,1
4-YELLOW,5787,3
4-YELLOW,5789,1
4-YELLOW,5790,1
4-YELLOW,5791,1
4-YELLOW,5793,1
4-YELLOW,5797,3
4-YELLOW,5798,2
4-YELLOW,5800,2
4-YELLOW,5801,1
4-YELLOW,5802,3
4-YELLOW,5804,1
4-YELLOW,5805,5
4-YELLOW,5806,1
4-YELLOW,5808,2
4-YELLOW,5810,1
4-YELLOW,5811,3
4-YELLOW,5812,3
4-YELLOW,5814,2
4-YELLOW,5815,1
4-YELLOW,5816,4
4-YELLOW,5817,1
4-YELLOW,5818,2
4-YELLOW,5819,1
4-YELLOW,5820,3
4-YELLOW,5821,3
4-YELLOW,5822,2
4-YELLOW,5823,2
4-YELLOW,5824,1
4-YELLOW,5825,2
4-YELLOW,5826,2
4-YELLOW,5828,6
4-YELLOW,5830,2
4-YELLOW,5831,2
4-YELLOW,5833,1
4-YELLOW,5834,1
4-YELLOW,5837,1
4-YELLOW,5838,4
4-YELLOW,5839,5
4-YELLOW,5840,2
4-YELLOW,5841,1
4-YELLOW,5843,2
4-YELLOW,5844,1
4-YELLOW,5846,4
4-YELLOW,5847,5
4-YELLOW,5848,3
4-YELLOW,5849,1
4-YELLOW,5852,2
4-YELLOW,5853,1
4-YELLOW,5854,5
4-YELLOW,5855,2
4-YELLOW,5856,2
4-YELLOW,5857,2
4-YELLOW,5858,1
4-YELLOW,5859,1
4-YELLOW,5860,2
4-YELLOW,5861,2
4-YELLOW,5862,1
4-YELLOW,5863,3
4-YELLOW,5865,1
4-YELLOW,5866,5
4-YELLOW,5867,1
4-YELLOW,5870,3
4-YELLOW,5871,2
4-YELLOW,5872,2
4-YELLOW,5874,2
4-YELLOW,5875,1
4-YELLOW,5876,1
4-YELLOW,5878,2
4-YELLOW,5879,3
4-YELLOW,5880,2
4-YELLOW,5881,3
4-YELLOW,5882,2
4-YELLOW,5883,2
4-YELLOW,5886,1
4-YELLOW,5887,1
4-YELLOW,5889,1
4-YELLOW,5890,2
4-YELLOW,5891,2
4-YELLOW,5892,3
4-YELLOW,5893,3
4-YELLOW,5894,1
4-YELLOW,5895,1
4-YELLOW,5896,3
4-YELLOW,5897,3
4-YELLOW,5898,1
4-YELLOW,5900,2
4-YELLOW,5901,1
4-YELLOW,5903,3
4-YELLOW,5907,2
4-YELLOW,5908,2
4-YELLOW,5909,1
4-YELLOW,5910,1
4-YELLOW,5911,2
4-YELLOW,5912,5
4-YELLOW,5913,3
4-YELLOW,5915,2
4-YELLOW,5916,2
4-YELLOW,5917,2
4-YELLOW,5920,4
4-YELLOW,5921,1
4-YELLOW,5922,1
4-YELLOW,5923,1
4-YELLOW,5925,1
4-YELLOW,5926,1
4-YELLOW,5927,2
4-YELLOW,5928,3
4-YELLOW,5929,1
4-YELLOW,5930,2
4-YELLOW,5931,3
4-YELLOW,5932,3
4-YELLOW,5933,1
4-YELLOW,5934,1
4-YELLOW,5935,2
4-YELLOW,5937,2
4-YELLOW,5938,3
4-YELLOW,5940,1
4-YELLOW,5941,1
4-YELLOW,5942,3
4-YELLOW,5943,1
4-YELLOW,5944,1
4-YELLOW,5945,1
4-YELLOW,5946,3
4-YELLOW,5947,1
4-YELLOW,5949,5
4-YELLOW,5950,1
4-YELLOW,5951,2
4-YELLOW,5953,1
4-YELLOW,5955,3
4-YELLOW,5957,2
4-YELLOW,5958,2
4-YELLOW,5959,3
4-YELLOW,5961,2
4-YELLOW,5962,2
4-YELLOW,5964,2
4-YELLOW,5967,2
4-YELLOW,5968,2
4-YELLOW,5969,1
4-YELLOW,5970,2
4-YELLOW,5971,2
4-YELLOW,5972,1
4-YELLOW,5973,1
4-YELLOW,5974,3
4-YELLOW,5975,1
4-YELLOW,5976,2
4-YELLOW,5979,1
4-YELLOW,5980,2
4-YELLOW,5981,2
4-YELLOW,5982,2
4-YELLOW,5984,1
4-YELLOW,5985,2
4-YELLOW,5986,2
4-YELLOW,5987,2
4-YELLOW,5988,1
4-YELLOW,5989,1
4-YELLOW,5991,3
4-YELLOW,5993,2
4-YELLOW,5994,4
4-YELLOW,5997,1
4-YELLOW,5998,1
4-YELLOW,6000,3
4-YELLOW,6003,1
4-YELLOW,6004,1
4-YELLOW,6005,1
4-YELLOW,6006,2
4-YELLOW,6008,3
4-YELLOW,6009,2
4-YELLOW,6010,1
4-YELLOW,6011,1
4-YELLOW,6013,3
4-YELLOW,6015,2
4-YELLOW,6016,1
4-YELLOW,6017,2
4-YELLOW,6018,2
4-YELLOW,6019,3
4-YELLOW,6020,5
4-YELLOW,6022,2
4-YELLOW,6024,2
4-YELLOW,6025,1
4-YELLOW,6026,2
4-YELLOW,6027,1
4-YELLOW,6029,1
4-YELLOW,6031,1
4-YELLOW,6032,2
4-YELLOW,6033,2
4-YELLOW,6034,1
4-YELLOW,6035,2
4-YELLOW,6037,1
4-YELLOW,6038,2
4-YELLOW,6039,4
4-YELLOW,6040,1
4-YELLOW,6041,5
4-YELLOW,6042,3
4-YELLOW,6044,2
4-YELLOW,6045,1
4-YELLOW,6046,1
4-YELLOW,6047,2
4-YELLOW,6048,1
4-YELLOW,6049,3
4-YELLOW,6050,3
4-YELLOW,6052,1
4-YELLOW,6054,1
4-YELLOW,6055,2
4-YELLOW,6057,2
4-YELLOW,6058,3
4-YELLOW,6059,2
4-YELLOW,6060,3
4-YELLOW,6062,1
4-YELLOW,6064,2
4-YELLOW,6065,1
4-YELLOW,6067,1
4-YELLOW,6070,1
4-YELLOW,6071,1
4-YELLOW,6072,2
4-YELLOW,6073,1
4-YELLOW,6074,2
4-YELLOW,6075,2
4-YELLOW,6076,3
4-YELLOW,6077,3
4-YELLOW,6079,2
4-YELLOW,6080,1
4-YELLOW,6081,2
4-YELLOW,6083,2
4-YELLOW,6084,3
4-YELLOW,6085,3
4-YELLOW,6086,1
4-YELLOW,6088,1
4-YELLOW,6089,2
4-YELLOW,6090,1
4-YELLOW,6092,1
4-YELLOW,6093,1
4-YELLOW,6094,1
4-YELLOW,6097,1
4-YELLOW,6098,4
4-YELLOW,6099,1
4-YELLOW,6101,1
4-YELLOW,6103,1
4-YELLOW,6105,4
4-YELLOW,6106,2
4-YELLOW,6107,2
4-YELLOW,6108,1
4-YELLOW,6109,4
4-YELLOW,6113,3
4-YELLOW,6115,1
4-YELLOW,6117,1
4-YELLOW,6119,1
4-YELLOW,6120,3
4-YELLOW,6121,1
4-YELLOW,6124,3
4-YELLOW,6125,2
4-YELLOW,6126,2
4-YELLOW,6127,2
4-YELLOW,6128,3
4-YELLOW,6129,2
4-YELLOW,6130,2
4-YELLOW,6131,3
4-YELLOW,6132,1
4-YELLOW,6134,1
4-YELLOW,6135,2
4-YELLOW,6137,1
4-YELLOW,6138,2
4-YELLOW,6140,3
4-YELLOW,6141,1
4-YELLOW,6142,2
4-YELLOW,6146,3
4-YELLOW,6147,2
4-YELLOW,6149,2
4-YELLOW,6150,2
4-YELLOW,6153,2
4-YELLOW,6155,1
4-YELLOW,6156,2
4-YELLOW,6157,2
4-YELLOW,6158,3
4-YELLOW,6159,1
4-YELLOW,6160,1
4-YELLOW,6161,2
4-YELLOW,6165,2
4-YELLOW,6166,1
4-YELLOW,6167,1
4-YELLOW,6168,5
4-YELLOW,6169,1
4-YELLOW,6171,1
4-YELLOW,6172,1
4-YELLOW,6173,2
4-YELLOW,6176,2
4-YELLOW,6177,1
4-YELLOW,6178,2
4-YELLOW,6179,2
4-YELLOW,6180,6
4-YELLOW,6181,1
4-YELLOW,6182,2
4-YELLOW,6184,1
4-YELLOW,6187,2
4-YELLOW,6188,1
4-YELLOW,6189,1
4-YELLOW,6191,1
4-YELLOW,6192,1
4-YELLOW,6193,1
4-YELLOW,6198,3
4-YELLOW,6200,3
4-YELLOW,6201,4
4-YELLOW,6202,2
4-YELLOW,6204,1
4-YELLOW,6205,2
4-YELLOW,6207,1
4-YELLOW,6208,2
4-YELLOW,6209,4
4-YELLOW,6210,2
4-YELLOW,6211,1
4-YELLOW,6212,3
4-YELLOW,6215,2
4-YELLOW,6216,3
4-YELLOW,6217,1
4-YELLOW,6218,2
4-YELLOW,6219,2
4-YELLOW,6220,1
4-YELLOW,6221,1
4-YELLOW,6222,2
4-YELLOW,6223,1
4-YELLOW,6225,2
4-YELLOW,6226,1
4-YELLOW,6227,2
4-YELLOW,6228,2
4-YELLOW,6230,1
4-YELLOW,6231,1
4-YELLOW,6232,2
4-YELLOW,6233,2
4-YELLOW,6234,1
4-YELLOW,6235,1
4-YELLOW,6236,2
4-YELLOW,6237,2
4-YELLOW,6239,1
4-YELLOW,6240,1
4-YELLOW,6241,1
4-YELLOW,6242,2
4-YELLOW,6243,1
4-YELLOW,6244,4
4-YELLOW,6246,1
4-YELLOW,6247,1
4-YELLOW,6248,2
4-YELLOW,6249,4
4-YELLOW,6250,1
4-YELLOW,6251,1
4-YELLOW,6252,1
4-YELLOW,6253,1
4-YELLOW,6254,1
4-YELLOW,6255,1
4-YELLOW,6256,1
4-YELLOW,6258,3
4-YELLOW,6259,1
4-YELLOW,6261,2
4-YELLOW,6262,2
4-YELLOW,6264,3
4-YELLOW,6265,4
4-YELLOW,6269,2
4-YELLOW,6270,2
4-YELLOW,6271,1
4-YELLOW,6272,1
4-YELLOW,6273,1
4-YELLOW,6274,1
4-YELLOW,6275,1
4-YELLOW,6276,2
4-YELLOW,6277,1
4-YELLOW,6278,4
4-YELLOW,6279,3
4-YELLOW,6281,2
4-YELLOW,6282,1
4-YELLOW,6283,1
4-YELLOW,6284,1
4-YELLOW,6285,3
4-YELLOW,6286,2
4-YELLOW,6287,2
4-YELLOW,6288,2
4-YELLOW,6289,2
4-YELLOW,6292,3
4-YELLOW,6293,2
4-YELLOW,6295,3
4-YELLOW,6296,1
4-YELLOW,6297,1
4-YELLOW,6298,3
4-YELLOW,6299,1
4-YELLOW,6300,1
4-YELLOW,6301,2
4-YELLOW,6302,4
4-YELLOW,6303,2
4-YELLOW,6304,3
4-YELLOW,6305,2
4-YELLOW,6306,2
4-YELLOW,6307,1
4-YELLOW,6309,2
4-YELLOW,6310,3
4-YELLOW,6311,1
4-YELLOW,6312,1
4-YELLOW,6313,2
4-YELLOW,6315,2
4-YELLOW,6316,1
4-YELLOW,6317,1
4-YELLOW,6318,2
4-YELLOW,6319,1
4-YELLOW,6320,3
4-YELLOW,6321,2
4-YELLOW,6324,1
4-YELLOW,6325,2
4-YELLOW,6327,2
4-YELLOW,6328,1
4-YELLOW,6330,1
4-YELLOW,6331,3
4-YELLOW,6332,1
4-YELLOW,6335,3
4-YELLOW,6337,1
4-YELLOW,6338,2
4-YELLOW,6339,2
4-YELLOW,6340,1
4-YELLOW,6342,1
4-YELLOW,6343,1
4-YELLOW,6344,2
4-YELLOW,6345,1
4-YELLOW,6346,1
4-YELLOW,6348,3
4-YELLOW,6350,2
4-YELLOW,6351,2
4-YELLOW,6352,5
4-YELLOW,6353,2
4-YELLOW,6355,2
4-YELLOW,6356,4
4-YELLOW,6358,1
4-YELLOW,6359,5
4-YELLOW,6361,2
4-YELLOW,6364,3
4-YELLOW,6365,3
4-YELLOW,6366,2
4-YELLOW,6367,1
4-YELLOW,6368,1
4-YELLOW,6369,4
4-YELLOW,6370,1
4-YELLOW,6371,2
4-YELLOW,6372,1
4-YELLOW,6373,3
4-YELLOW,6375,1
4-YELLOW,6376,1
4-YELLOW,6377,2
4-YELLOW,6378,1
4-YELLOW,6379,1
4-YELLOW,6380,3
4-YELLOW,6381,1
4-YELLOW,6382,1
4-YELLOW,6383,1
4-YELLOW,6384,1
4-YELLOW,6385,1
4-YELLOW,6386,2
4-YELLOW,6387,1
4-YELLOW,6389,1
4-YELLOW,6392,2
4-YELLOW,6393,1
4-YELLOW,6394,1
4-YELLOW,6395,1
4-YELLOW,6396,2
4-YELLOW,6397,3
4-YELLOW,6398,1
4-YELLOW,6400,1
4-YELLOW,6401,1
4-YELLOW,6402,1
4-YELLOW,6403,1
4-YELLOW,6404,3
4-YELLOW,6405,1
4-YELLOW,6406,1
4-YELLOW,6408,2
4-YELLOW,6409,1
4-YELLOW,6411,1
4-YELLOW,6412,2
4-YELLOW,6413,3
4-YELLOW,6414,3
4-YELLOW,6415,1
4-YELLOW,6417,2
4-YELLOW,6418,4
4-YELLOW,6419,2
4-YELLOW,6420,1
4-YELLOW,6422,3
4-YELLOW,6424,4
4-YELLOW,6425,2
4-YELLOW,6427,6
4-YELLOW,6428,1
4-YELLOW,6429,2
4-YELLOW,6430,1
4-YELLOW,6431,2
4-YELLOW,6432,1
4-YELLOW,6435,3
4-YELLOW,6436,1
4-YELLOW,6437,2
4-YELLOW,6441,1
4-YELLOW,6443,1
4-YELLOW,6444,2
4-YELLOW,6445,1
4-YELLOW,6446,1
4-YELLOW,6447,1
4-YELLOW,6448,2
4-YELLOW,6449,1
4-YELLOW,6450,1
4-YELLOW,6452,3
4-YELLOW,6453,1
4-YELLOW,6454,1
4-YELLOW,6455,3
4-YELLOW,6456,2
4-YELLOW,6459,1
4-YELLOW,6460,1
4-YELLOW,6461,2
4-YELLOW,6462,1
4-YELLOW,6463,1
4-YELLOW,6465,1
4-YELLOW,6466,1
4-YELLOW,6467,1
4-YELLOW,6471,1
4-YELLOW,6472,4
4-YELLOW,6473,2
4-YELLOW,6474,3
4-YELLOW,6475,1
4-YELLOW,6476,1
4-YELLOW,6478,1
4-YELLOW,6479,1
4-YELLOW,6481,2
4-YELLOW,6483,1
4-YELLOW,6484,1
4-YELLOW,6487,1
4-YELLOW,6488,3
4-YELLOW,6491,1
4-YELLOW,6492,2
4-YELLOW,6493,2
4-YELLOW,6494,1
4-YELLOW,6495,1
4-YELLOW,6496,4
4-YELLOW,6497,2
4-YELLOW,6498,1
4-YELLOW,6499,2
4-YELLOW,6501,1
4-YELLOW,6502,3
4-YELLOW,6503,2
4-YELLOW,6505,1
4-YELLOW,6506,1
4-YELLOW,6507,1
4-YELLOW,6509,2
4-YELLOW,6511,2
4-YELLOW,6512,2
4-YELLOW,6513,1
4-YELLOW,6514,3
4-YELLOW,6515,1
4-YELLOW,6516,2
4-YELLOW,6517,2
4-YELLOW,6518,1
4-YELLOW,6519,2
4-YELLOW,6521,1
4-YELLOW,6523,1
4-YELLOW,6525,1
4-YELLOW,6526,1
4-YELLOW,6527,1
4-YELLOW,6532,1
4-YELLOW,6533,1
4-YELLOW,6534,2
4-YELLOW,6535,1
4-YELLOW,6536,1
4-YELLOW,6538,1
4-YELLOW,6539,1
4-YELLOW,6540,1
4-YELLOW,6541,1
4-YELLOW,6542,1
4-YELLOW,6543,1
4-YELLOW,6545,1
4-YELLOW,6546,3
4-YELLOW,6547,2
4-YELLOW,6549,1
4-YELLOW,6550,4
4-YELLOW,6551,1
4-YELLOW,6553,4
4-YELLOW,6555,2
4-YELLOW,6557,1
4-YELLOW,6558,1
4-YELLOW,6559,1
4-YELLOW,6560,3
4-YELLOW,6561,3
4-YELLOW,6562,4
4-YELLOW,6564,2
4-YELLOW,6565,3
4-YELLOW,6566,1
4-YELLOW,6567,1
4-YELLOW,6569,4
4-YELLOW,6570,1
4-YELLOW,6571,2
4-YELLOW,6573,1
4-YELLOW,6574,1
4-YELLOW,6575,1
4-YELLOW,6577,1
4-YELLOW,6578,2
4-YELLOW,6580,1
4-YELLOW,6581,1
4-YELLOW,6582,2
4-YELLOW,6583,2
4-YELLOW,6584,1
4-YELLOW,6587,2
4-YELLOW,6588,1
4-YELLOW,6589,1
4-YELLOW,6591,1
4-YELLOW,6592,1
4-YELLOW,6593,3
4-YELLOW,6595,1
4-YELLOW,6596,1
4-YELLOW,6597,2
4-YELLOW,6598,1
4-YELLOW,6601,1
4-YELLOW,6603,2
4-YELLOW,6604,1
4-YELLOW,6605,2
4-YELLOW,6606,2
4-YELLOW,6607,1
4-YELLOW,6609,1
4-YELLOW,6611,2
4-YELLOW,6613,2
4-YELLOW,6616,2
4-YELLOW,6618,3
4-YELLOW,6620,2
4-YELLOW,6621,4
4-YELLOW,6623,2
4-YELLOW,6624,1
4-YELLOW,6627,3
4-YELLOW,6629,3
4-YELLOW,6630,1
4-YELLOW,6631,2
4-YELLOW,6632,2
4-YELLOW,6633,1
4-YELLOW,6634,1
4-YELLOW,6636,1
4-YELLOW,6637,1
4-YELLOW,6638,1
4-YELLOW,6639,1
4-YELLOW,6640,2
4-YELLOW,6641,2
4-YELLOW,6642,2
4-YELLOW,6643,2
4-YELLOW,6644,1
4-YELLOW,6645,3
4-YELLOW,6646,1
4-YELLOW,6647,1
4-YELLOW,6648,1
4-YELLOW,6650,1
4-YELLOW,6653,1
4-YELLOW,6654,2
4-YELLOW,6655,1
4-YELLOW,6656,1
4-YELLOW,6657,2
4-YELLOW,6658,1
4-YELLOW,6659,1
4-YELLOW,6660,1
4-YELLOW,6662,3
4-YELLOW,6663,2
4-YELLOW,6664,2
4-YELLOW,6665,1
4-YELLOW,6667,3
4-YELLOW,6668,1
4-YELLOW,6671,1
4-YELLOW,6672,4
4-YELLOW,6674,4
4-YELLOW,6675,1
4-YELLOW,6676,3
4-YELLOW,6677,1
4-YELLOW,6679,2
4-YELLOW,6681,1
4-YELLOW,6682,1
4-YELLOW,6683,1
4-YELLOW,6686,4
4-YELLOW,6687,1
4-YELLOW,6689,2
4-YELLOW,6691,2
4-YELLOW,6693,1
4-YELLOW,6694,1
4-YELLOW,6696,3
4-YELLOW,6697,2
4-YELLOW,6699,1
4-YELLOW,6703,2
4-YELLOW,6705,1
4-YELLOW,6707,1
4-YELLOW,6708,2
4-YELLOW,6710,1
4-YELLOW,6711,2
4-YELLOW,6714,1
4-YELLOW,6715,2
4-YELLOW,6716,1
4-YELLOW,6718,3
4-YELLOW,6719,1
4-YELLOW,6720,2
4-YELLOW,6721,1
4-YELLOW,6724,2
4-YELLOW,6726,1
4-YELLOW,6727,1
4-YELLOW,6728,2
4-YELLOW,6729,2
4-YELLOW,6731,3
4-YELLOW,6733,1
4-YELLOW,6734,1
4-YELLOW,6735,1
4-YELLOW,6736,1
4-YELLOW,6737,1
4-YELLOW,6738,1
4-YELLOW,6739,1
4-YELLOW,6740,2
4-YELLOW,6741,2
4-YELLOW,6743,1
4-YELLOW,6744,1
4-YELLOW,6745,2
4-YELLOW,6746,1
4-YELLOW,6747,1
4-YELLOW,6749,1
4-YELLOW,6751,4
4-YELLOW,6752,1
4-YELLOW,6753,1
4-YELLOW,6754,1
4-YELLOW,6755,1
4-YELLOW,6756,3
4-YELLOW,6758,1
4-YELLOW,6760,1
4-YELLOW,6761,1
4-YELLOW,6762,1
4-YELLOW,6763,1
4-YELLOW,6764,2
4-YELLOW,6765,2
4-YELLOW,6767,2
4-YELLOW,6768,1
4-YELLOW,6770,1
4-YELLOW,6771,1
4-YELLOW,6772,1
4-YELLOW,6774,1
4-YELLOW,6776,3
4-YELLOW,6778,2
4-YELLOW,6780,3
4-YELLOW,6781,2
4-YELLOW,6782,1
4-YELLOW,6783,1
4-YELLOW,6784,1
4-YELLOW,6788,1
4-YELLOW,6789,2
4-YELLOW,6790,1
4-YELLOW,6791,1
4-YELLOW,6796,2
4-YELLOW,6797,1
4-YELLOW,6798,2
4-YELLOW,6802,1
4-YELLOW,6807,1
4-YELLOW,6808,1
4-YELLOW,6809,2
4-YELLOW,6812,1
4-YELLOW,6813,3
4-YELLOW,6818,2
4-YELLOW,6819,1
4-YELLOW,6820,1
4-YELLOW,6823,1
4-YELLOW,6824,3
4-YELLOW,6825,1
4-YELLOW,6826,1
4-YELLOW,6827,3
4-YELLOW,6828,2
4-YELLOW,6829,1
4-YELLOW,6831,2
4-YELLOW,6832,1
4-YELLOW,6834,3
4-YELLOW,6835,1
4-YELLOW,6837,3
4-YELLOW,6838,1
4-YELLOW,6839,1
4-YELLOW,6840,1
4-YELLOW,6841,2
4-YELLOW,6842,1
4-YELLOW,6843,2
4-YELLOW,6844,2
4-YELLOW,6845,2
4-YELLOW,6846,1
4-YELLOW,6847,3
4-YELLOW,6848,3
4-YELLOW,6849,2
4-YELLOW,6850,1
4-YELLOW,6851,2
4-YELLOW,6852,1
4-YELLOW,6854,1
4-YELLOW,6855,2
4-YELLOW,6856,1
4-YELLOW,6857,1
4-YELLOW,6859,1
4-YELLOW,6861,2
4-YELLOW,6862,1
4-YELLOW,6863,1
4-YELLOW,6864,2
4-YELLOW,6866,1
4-YELLOW,6868,1
4-YELLOW,6870,1
4-YELLOW,6872,1
4-YELLOW,6873,1
4-YELLOW,6876,4
4-YELLOW,6877,1
4-YELLOW,6878,2
4-YELLOW,6879,3
4-YELLOW,6880,4
4-YELLOW,6881,1
4-YELLOW,6884,2
4-YELLOW,6885,2
4-YELLOW,6886,2
4-YELLOW,6888,1
4-YELLOW,6892,1
4-YELLOW,6893,3
4-YELLOW,6895,1
4-YELLOW,6897,1
4-YELLOW,6898,1
4-YELLOW,6899,1
4-YELLOW,6900,4
4-YELLOW,6901,2
4-YELLOW,6902,2
4-YELLOW,6903,2
4-YELLOW,6906,2
4-YELLOW,6907,2
4-YELLOW,6908,2
4-YELLOW,6909,1
4-YELLOW,6915,1
4-YELLOW,6916,1
4-YELLOW,6917,1
4-YELLOW,6918,2
4-YELLOW,6922,1
4-YELLOW,6923,1
4-YELLOW,6924,3
4-YELLOW,6925,1
4-YELLOW,6926,1
4-YELLOW,6927,1
4-YELLOW,6928,3
4-YELLOW,6930,1
4-YELLOW,6931,1
4-YELLOW,6932,1
4-YELLOW,6933,1
4-YELLOW,6934,1
4-YELLOW,6935,1
4-YELLOW,6937,1
4-YELLOW,6938,1
4-YELLOW,6939,4
4-YELLOW,6940,3
4-YELLOW,6941,2
4-YELLOW,6943,1
4-YELLOW,6944,3
4-YELLOW,6945,1
4-YELLOW,6946,2
4-YELLOW,6947,2
4-YELLOW,6948,2
4-YELLOW,6949,1
4-YELLOW,6950,1
4-YELLOW,6951,1
4-YELLOW,6952,3
4-YELLOW,6953,1
4-YELLOW,6957,1
4-YELLOW,6958,1
4-YELLOW,6959,2
4-YELLOW,6960,1
4-YELLOW,6961,2
4-YELLOW,6962,1
4-YELLOW,6963,1
4-YELLOW,6964,2
4-YELLOW,6965,1
4-YELLOW,6970,1
4-YELLOW,6971,1
4-YELLOW,6972,2
4-YELLOW,6973,2
4-YELLOW,6974,2
4-YELLOW,6975,1
4-YELLOW,6976,2
4-YELLOW,6977,1
4-YELLOW,6979,3
4-YELLOW,6980,1
4-YELLOW,6982,1
4-YELLOW,6984,1
4-YELLOW,6985,1
4-YELLOW,6986,1
4-YELLOW,6987,2
4-YELLOW,6989,2
4-YELLOW,6990,1
4-YELLOW,6992,2
4-YELLOW,6993,1
4-YELLOW,6994,2
4-YELLOW,6995,1
4-YELLOW,6997,3
4-YELLOW,6998,1
4-YELLOW,6999,1
4-YELLOW,7000,1
4-YELLOW,7001,2
4-YELLOW,7003,1
4-YELLOW,7004,1
4-YELLOW,7006,2
4-YELLOW,7007,1
4-YELLOW,7009,2
4-YELLOW,7010,1
4-YELLOW,7014,1
4-YELLOW,7016,1
4-YELLOW,7018,1
4-YELLOW,7019,1
4-YELLOW,7020,3
4-YELLOW,7021,1
4-YELLOW,7023,1
4-YELLOW,7024,2
4-YELLOW,7026,2
4-YELLOW,7027,2
4-YELLOW,7028,3
4-YELLOW,7029,1
4-YELLOW,7031,3
4-YELLOW,7032,2
4-YELLOW,7036,1
4-YELLOW,7037,1
4-YELLOW,7038,1
4-YELLOW,7041,2
4-YELLOW,7042,2
4-YELLOW,7045,3
4-YELLOW,7046,1
4-YELLOW,7047,1
4-YELLOW,7048,2
4-YELLOW,7049,2
4-YELLOW,7050,2
4-YELLOW,7051,3
4-YELLOW,7053,1
4-YELLOW,7054,1
4-YELLOW,7058,1
4-YELLOW,7059,1
4-YELLOW,7060,1
4-YELLOW,7061,1
4-YELLOW,7062,1
4-YELLOW,7065,1
4-YELLOW,7066,1
4-YELLOW,7068,1
4-YELLOW,7071,1
4-YELLOW,7072,1
4-YELLOW,7073,2
4-YELLOW,7074,2
4-YELLOW,7075,1
4-YELLOW,7076,2
4-YELLOW,7079,1
4-YELLOW,7080,2
4-YELLOW,7084,1
4-YELLOW,7085,2
4-YELLOW,7086,2
4-YELLOW,7087,2
4-YELLOW,7090,1
4-YELLOW,7091,1
4-YELLOW,7092,1
4-YELLOW,7093,1
4-YELLOW,7094,1
4-YELLOW,7095,1
4-YELLOW,7096,2
4-YELLOW,7099,1
4-YELLOW,7101,1
4-YELLOW,7103,3
4-YELLOW,7104,1
4-YELLOW,7105,1
4-YELLOW,7106,3
4-YELLOW,7108,1
4-YELLOW,7111,2
4-YELLOW,7112,5
4-YELLOW,7113,2
4-YELLOW,7114,1
4-YELLOW,7116,1
4-YELLOW,7117,2
4-YELLOW,7118,2
4-YELLOW,7120,1
4-YELLOW,7121,1
4-YELLOW,7122,1
4-YELLOW,7123,2
4-YELLOW,7124,2
4-YELLOW,7125,1
4-YELLOW,7128,2
4-YELLOW,7130,2
4-YELLOW,7131,2
4-YELLOW,7132,1
4-YELLOW,7133,4
4-YELLOW,7134,1
4-YELLOW,7135,3
4-YELLOW,7137,1
4-YELLOW,7138,1
4-YELLOW,7139,1
4-YELLOW,7141,1
4-YELLOW,7143,1
4-YELLOW,7145,1
4-YELLOW,7146,2
4-YELLOW,7147,1
4-YELLOW,7150,1
4-YELLOW,7151,2
4-YELLOW,7152,3
4-YELLOW,7154,2
4-YELLOW,7155,1
4-YELLOW,7156,2
4-YELLOW,7157,2
4-YELLOW,7158,1
4-YELLOW,7159,1
4-YELLOW,7160,4
4-YELLOW,7161,1
4-YELLOW,7162,4
4-YELLOW,7164,2
4-YELLOW,7165,1
4-YELLOW,7166,2
4-YELLOW,7167,1
4-YELLOW,7168,1
4-YELLOW,7170,4
4-YELLOW,7172,1
4-YELLOW,7173,2
4-YELLOW,7174,1
4-YELLOW,7175,1
4-YELLOW,7176,1
4-YELLOW,7177,1
4-YELLOW,7178,1
4-YELLOW,7179,3
4-YELLOW,7180,1
4-YELLOW,7181,1
4-YELLOW,7182,1
4-YELLOW,7183,2
4-YELLOW,7184,1
4-YELLOW,7187,1
4-YELLOW,7188,1
4-YELLOW,7189,1
4-YELLOW,7190,1
4-YELLOW,7191,2
4-YELLOW,7192,1
4-YELLOW,7193,1
4-YELLOW,7195,1
4-YELLOW,7198,1
4-YELLOW,7199,3
4-YELLOW,7201,1
4-YELLOW,7203,2
4-YELLOW,7206,1
4-YELLOW,7208,1
4-YELLOW,7209,2
4-YELLOW,7210,1
4-YELLOW,7211,1
4-YELLOW,7212,2
4-YELLOW,7213,1
4-YELLOW,7219,1
4-YELLOW,7221,2
4-YELLOW,7222,2
4-YELLOW,7223,2
4-YELLOW,7225,1
4-YELLOW,7229,3
4-YELLOW,7231,3
4-YELLOW,7232,2
4-YELLOW,7233,1
4-YELLOW,7235,1
4-YELLOW,7236,6
4-YELLOW,7238,1
4-YELLOW,7239,1
4-YELLOW,7240,1
4-YELLOW,7241,1
4-YELLOW,7242,2
4-YELLOW,7245,2
4-YELLOW,7246,3
4-YELLOW,7247,2
4-YELLOW,7248,2
4-YELLOW,7252,1
4-YELLOW,7253,1
4-YELLOW,7254,2
4-YELLOW,7255,3
4-YELLOW,7256,2
4-YELLOW,7257,1
4-YELLOW,7258,2
4-YELLOW,7262,2
4-YELLOW,7263,3
4-YELLOW,7266,1
4-YELLOW,7267,2
4-YELLOW,7269,1
4-YELLOW,7270,3
4-YELLOW,7273,2
4-YELLOW,7276,1
4-YELLOW,7277,1
4-YELLOW,7278,1
4-YELLOW,7279,4
4-YELLOW,7281,3
4-YELLOW,7282,2
4-YELLOW,7283,1
4-YELLOW,7284,2
4-YELLOW,7287,1
4-YELLOW,7288,3
4-YELLOW,7290,2
4-YELLOW,7291,1
4-YELLOW,7293,1
4-YELLOW,7294,1
4-YELLOW,7295,3
4-YELLOW,7297,1
4-YELLOW,7301,2
4-YELLOW,7302,1
4-YELLOW,7303,1
4-YELLOW,7304,1
4-YELLOW,7307,1
4-YELLOW,7308,1
4-YELLOW,7309,1
4-YELLOW,7312,1
4-YELLOW,7314,3
4-YELLOW,7316,2
4-YELLOW,7319,2
4-YELLOW,7320,1
4-YELLOW,7323,1
4-YELLOW,7324,1
4-YELLOW,7325,1
4-YELLOW,7326,2
4-YELLOW,7327,1
4-YELLOW,7330,1
4-YELLOW,7331,2
4-YELLOW,7332,1
4-YELLOW,7334,2
4-YELLOW,7335,4
4-YELLOW,7336,1
4-YELLOW,7339,2
4-YELLOW,7343,2
4-YELLOW,7344,1
4-YELLOW,7345,2
4-YELLOW,7346,2
4-YELLOW,7347,1
4-YELLOW,7348,1
4-YELLOW,7350,1
4-YELLOW,7351,1
4-YELLOW,7352,2
4-YELLOW,7353,1
4-YELLOW,7357,2
4-YELLOW,7358,1
4-YELLOW,7359,2
4-YELLOW,7361,1
4-YELLOW,7362,1
4-YELLOW,7365,1
4-YELLOW,7366,1
4-YELLOW,7367,1
4-YELLOW,7368,1
4-YELLOW,7371,1
4-YELLOW,7373,1
4-YELLOW,7374,2
4-YELLOW,7376,1
4-YELLOW,7377,2
4-YELLOW,7378,1
4-YELLOW,7379,1
4-YELLOW,7380,3
4-YELLOW,7381,4
4-YELLOW,7383,2
4-YELLOW,7384,1
4-YELLOW,7385,2
4-YELLOW,7386,1
4-YELLOW,7387,1
4-YELLOW,7388,1
4-YELLOW,7389,4
4-YELLOW,7391,1
4-YELLOW,7393,2
4-YELLOW,7394,2
4-YELLOW,7395,1
4-YELLOW,7396,1
4-YELLOW,7398,1
4-YELLOW,7399,2
4-YELLOW,7400,2
4-YELLOW,7401,1
4-YELLOW,7404,1
4-YELLOW,7406,1
4-YELLOW,7407,1
4-YELLOW,7408,3
4-YELLOW,7409,3
4-YELLOW,7410,1
4-YELLOW,7411,1
4-YELLOW,7412,2
4-YELLOW,7414,3
4-YELLOW,7416,1
4-YELLOW,7417,2
4-YELLOW,7418,1
4-YELLOW,7420,1
4-YELLOW,7422,4
4-YELLOW,7423,1
4-YELLOW,7424,1
4-YELLOW,7425,2
4-YELLOW,7431,2
4-YELLOW,7435,1
4-YELLOW,7436,1
4-YELLOW,7439,1
4-YELLOW,7440,1
4-YELLOW,7442,1
4-YELLOW,7443,1
4-YELLOW,7444,1
4-YELLOW,7449,1
4-YELLOW,7451,2
4-YELLOW,7452,1
4-YELLOW,7454,2
4-YELLOW,7455,1
4-YELLOW,7457,1
4-YELLOW,7461,1
4-YELLOW,7462,1
4-YELLOW,7465,1
4-YELLOW,7466,3
4-YELLOW,7472,3
4-YELLOW,7473,1
4-YELLOW,7475,1
4-YELLOW,7476,1
4-YELLOW,7478,2
4-YELLOW,7479,1
4-YELLOW,7480,1
4-YELLOW,7481,1
4-YELLOW,7483,1
4-YELLOW,7484,1
4-YELLOW,7487,1
4-YELLOW,7490,2
4-YELLOW,7491,1
4-YELLOW,7492,1
4-YELLOW,7495,1
4-YELLOW,7496,2
4-YELLOW,7497,1
4-YELLOW,7499,2
4-YELLOW,7500,1
4-YELLOW,7505,1
4-YELLOW,7507,1
4-YELLOW,7510,1
4-YELLOW,7511,2
4-YELLOW,7514,2
4-YELLOW,7516,2
4-YELLOW,7521,1
4-YELLOW,7523,1
4-YELLOW,7525,4
4-YELLOW,7526,1
4-YELLOW,7527,3
4-YELLOW,7530,1
4-YELLOW,7531,3
4-YELLOW,7533,1
4-YELLOW,7534,2
4-YELLOW,7539,1
4-YELLOW,7540,1
4-YELLOW,7542,1
4-YELLOW,7545,1
4-YELLOW,7546,1
4-YELLOW,7550,1
4-YELLOW,7551,1
4-YELLOW,7553,3
4-YELLOW,7554,1
4-YELLOW,7555,3
4-YELLOW,7557,1
4-YELLOW,7558,2
4-YELLOW,7560,1
4-YELLOW,7561,3
4-YELLOW,7562,1
4-YELLOW,7564,1
4-YELLOW,7565,1
4-YELLOW,7568,3
4-YELLOW,7570,1
4-YELLOW,7571,1
4-YELLOW,7572,1
4-YELLOW,7574,2
4-YELLOW,7576,2
4-YELLOW,7577,1
4-YELLOW,7581,1
4-YELLOW,7583,2
4-YELLOW,7585,1
4-YELLOW,7587,3
4-YELLOW,7588,1
4-YELLOW,7589,2
4-YELLOW,7590,2
4-YELLOW,7592,1
4-YELLOW,7593,3
4-YELLOW,7595,1
4-YELLOW,7599,1
4-YELLOW,7600,3
4-YELLOW,7603,3
4-YELLOW,7605,1
4-YELLOW,7606,2
4-YELLOW,7607,2
4-YELLOW,7608,1
4-YELLOW,7609,2
4-YELLOW,7611,2
4-YELLOW,7612,1
4-YELLOW,7613,1
4-YELLOW,7616,2
4-YELLOW,7618,1
4-YELLOW,7620,2
4-YELLOW,7622,2
4-YELLOW,7623,2
4-YELLOW,7627,1
4-YELLOW,7629,1
4-YELLOW,7630,2
4-YELLOW,7633,6
4-YELLOW,7635,1
4-YELLOW,7636,1
4-YELLOW,7639,1
4-YELLOW,7640,1
4-YELLOW,7642,1
4-YELLOW,7643,1
4-YELLOW,7645,1
4-YELLOW,7648,2
4-YELLOW,7649,1
4-YELLOW,7650,1
4-YELLOW,7652,2
4-YELLOW,7653,1
4-YELLOW,7656,1
4-YELLOW,7657,2
4-YELLOW,7658,1
4-YELLOW,7659,1
4-YELLOW,7661,1
4-YELLOW,7665,1
4-YELLOW,7667,1
4-YELLOW,7668,1
4-YELLOW,7670,2
4-YELLOW,7672,2
4-YELLOW,7673,1
4-YELLOW,7674,2
4-YELLOW,7675,1
4-YELLOW,7676,1
4-YELLOW,7678,2
4-YELLOW,7679,1
4-YELLOW,7682,2
4-YELLOW,7683,2
4-YELLOW,7684,1
4-YELLOW,7686,1
4-YELLOW,7687,1
4-YELLOW,7691,2
4-YELLOW,7692,1
4-YELLOW,7701,4
4-YELLOW,7702,2
4-YELLOW,7704,2
4-YELLOW,7705,1
4-YELLOW,7706,3
4-YELLOW,7707,2
4-YELLOW,7708,1
4-YELLOW,7711,2
4-YELLOW,7712,3
4-YELLOW,7713,3
4-YELLOW,7714,1
4-YELLOW,7715,3
4-YELLOW,7716,1
4-YELLOW,7719,1
4-YELLOW,7722,1
4-YELLOW,7724,2
4-YELLOW,7726,3
4-YELLOW,7727,2
4-YELLOW,7729,2
4-YELLOW,7730,1
4-YELLOW,7732,1
4-YELLOW,7735,1
4-YELLOW,7741,1
4-YELLOW,7744,1
4-YELLOW,7746,1
4-YELLOW,7747,1
4-YELLOW,7748,1
4-YELLOW,7749,1
4-YELLOW,7751,4
4-YELLOW,7755,1
4-YELLOW,7757,2
4-YELLOW,7758,2
4-YELLOW,7764,2
4-YELLOW,7765,3
4-YELLOW,7768,1
4-YELLOW,7769,1
4-YELLOW,7771,2
4-YELLOW,7773,1
4-YELLOW,7774,1
4-YELLOW,7777,1
4-YELLOW,7781,1
4-YELLOW,7784,2
4-YELLOW,7785,1
4-YELLOW,7786,2
4-YELLOW,7787,1
4-YELLOW,7788,1
4-YELLOW,7789,1
4-YELLOW,7790,2
4-YELLOW,7791,1
4-YELLOW,7794,3
4-YELLOW,7796,1
4-YELLOW,7798,1
4-YELLOW,7799,1
4-YELLOW,7800,1
4-YELLOW,7801,1
4-YELLOW,7803,1
4-YELLOW,7807,2
4-YELLOW,7808,1
4-YELLOW,7811,1
4-YELLOW,7813,1
4-YELLOW,7814,2
4-YELLOW,7815,2
4-YELLOW,7816,1
4-YELLOW,7822,1
4-YELLOW,7823,2
4-YELLOW,7824,1
4-YELLOW,7825,1
4-YELLOW,7827,2
4-YELLOW,7832,1
4-YELLOW,7834,1
4-YELLOW,7835,1
4-YELLOW,7837,1
4-YELLOW,7838,1
4-YELLOW,7840,2
4-YELLOW,7841,1
4-YELLOW,7844,1
4-YELLOW,7845,1
4-YELLOW,7846,1
4-YELLOW,7847,3
4-YELLOW,7848,1
4-YELLOW,7855,1
4-YELLOW,7857,1
4-YELLOW,7858,1
4-YELLOW,7859,1
4-YELLOW,7860,2
4-YELLOW,7862,1
4-YELLOW,7864,1
4-YELLOW,7866,1
4-YELLOW,7867,1
4-YELLOW,7868,1
4-YELLOW,7870,1
4-YELLOW,7877,1
4-YELLOW,7878,1
4-YELLOW,7879,2
4-YELLOW,7885,1
4-YELLOW,7887,1
4-YELLOW,7888,1
4-YELLOW,7889,1
4-YELLOW,7892,1
4-YELLOW,7894,1
4-YELLOW,7895,1
4-YELLOW,7897,1
4-YELLOW,7898,2
4-YELLOW,7899,1
4-YELLOW,7902,1
4-YELLOW,7905,3
4-YELLOW,7907,2
4-YELLOW,7910,1
4-YELLOW,7911,2
4-YELLOW,7913,1
4-YELLOW,7916,1
4-YELLOW,7918,1
4-YELLOW,7919,1
4-YELLOW,7920,1
4-YELLOW,7921,1
4-YELLOW,7922,1
4-YELLOW,7923,3
4-YELLOW,7926,1
4-YELLOW,7928,4
4-YELLOW,7929,2
4-YELLOW,7930,1
4-YELLOW,7932,2
4-YELLOW,7933,1
4-YELLOW,7938,1
4-YELLOW,7942,1
4-YELLOW,7943,1
4-YELLOW,7944,1
4-YELLOW,7948,2
4-YELLOW,7951,1
4-YELLOW,7952,1
4-YELLOW,7953,2
4-YELLOW,7955,2
4-YELLOW,7958,1
4-YELLOW,7961,2
4-YELLOW,7962,1
4-YELLOW,7963,1
4-YELLOW,7964,1
4-YELLOW,7969,1
4-YELLOW,7970,1
4-YELLOW,7971,1
4-YELLOW,7972,1
4-YELLOW,7973,1
4-YELLOW,7977,1
4-YELLOW,7982,1
4-YELLOW,7983,1
4-YELLOW,7985,2
4-YELLOW,7988,1
4-YELLOW,7990,1
4-YELLOW,7993,2
4-YELLOW,7994,1
4-YELLOW,7995,2
4-YELLOW,7997,3
4-YELLOW,7998,1
4-YELLOW,8000,1
4-YELLOW,8001,2
4-YELLOW,8002,1
4-YELLOW,8004,1
4-YELLOW,8005,1
4-YELLOW,8006,1
4-YELLOW,8007,1
4-YELLOW,8008,3
4-YELLOW,8011,1
4-YELLOW,8013,1
4-YELLOW,8014,1
4-YELLOW,8015,1
4-YELLOW,8020,1
4-YELLOW,8021,1
4-YELLOW,8022,2
4-YELLOW,8025,1
4-YELLOW,8029,1
4-YELLOW,8031,1
4-YELLOW,8033,1
4-YELLOW,8036,1
4-YELLOW,8038,1
4-YELLOW,8039,1
4-YELLOW,8042,2
4-YELLOW,8048,3
4-YELLOW,8051,1
4-YELLOW,8055,1
4-YELLOW,8056,1
4-YELLOW,8059,1
4-YELLOW,8061,1
4-YELLOW,8066,2
4-YELLOW,8071,1
4-YELLOW,8075,1
4-YELLOW,8077,1
4-YELLOW,8081,2
4-YELLOW,8083,1
4-YELLOW,8085,2
4-YELLOW,8086,1
4-YELLOW,8087,1
4-YELLOW,8089,1
4-YELLOW,8094,3
4-YELLOW,8095,2
4-YELLOW,8096,1
4-YELLOW,8097,1
4-YELLOW,8098,1
4-YELLOW,8099,1
4-YELLOW,8101,2
4-YELLOW,8104,1
4-YELLOW,8107,1
4-YELLOW,8108,1
4-YELLOW,8110,2
4-YELLOW,8111,1
4-YELLOW,8114,1
4-YELLOW,8116,1
4-YELLOW,8117,1
4-YELLOW,8119,2
4-YELLOW,8125,1
4-YELLOW,8126,2
4-YELLOW,8128,2
4-YELLOW,8129,1
4-YELLOW,8132,1
4-YELLOW,8133,1
4-YELLOW,8134,1
4-YELLOW,8135,1
4-YELLOW,8136,2
4-YELLOW,8137,2
4-YELLOW,8140,1
4-YELLOW,8141,1
4-YELLOW,8142,2
4-YELLOW,8143,1
4-YELLOW,8144,1
4-YELLOW,8146,2
4-YELLOW,8150,2
4-YELLOW,8151,1
4-YELLOW,8152,2
4-YELLOW,8153,1
4-YELLOW,8159,1
4-YELLOW,8160,1
4-YELLOW,8161,1
4-YELLOW,8162,1
4-YELLOW,8166,1
4-YELLOW,8167,2
4-YELLOW,8168,1
4-YELLOW,8169,1
4-YELLOW,8170,2
4-YELLOW,8171,1
4-YELLOW,8173,1
4-YELLOW,8175,1
4-YELLOW,8176,2
4-YELLOW,8180,1
4-YELLOW,8184,2
4-YELLOW,8185,2
4-YELLOW,8186,2
4-YELLOW,8187,1
4-YELLOW,8188,2
4-YELLOW,8189,1
4-YELLOW,8191,1
4-YELLOW,8197,1
4-YELLOW,8198,1
4-YELLOW,8199,1
4-YELLOW,8201,1
4-YELLOW,8202,1
4-YELLOW,8204,4
4-YELLOW,8205,3
4-YELLOW,8208,1
4-YELLOW,8211,1
4-YELLOW,8212,2
4-YELLOW,8213,1
4-YELLOW,8216,1
4-YELLOW,8221,1
4-YELLOW,8222,1
4-YELLOW,8223,1
4-YELLOW,8224,1
4-YELLOW,8225,1
4-YELLOW,8226,2
4-YELLOW,8227,1
4-YELLOW,8228,1
4-YELLOW,8229,2
4-YELLOW,8230,1
4-YELLOW,8231,3
4-YELLOW,8232,3
4-YELLOW,8234,1
4-YELLOW,8235,1
4-YELLOW,8236,1
4-YELLOW,8239,1
4-YELLOW,8240,1
4-YELLOW,8241,1
4-YELLOW,8243,1
4-YELLOW,8244,1
4-YELLOW,8246,1
4-YELLOW,8247,2
4-YELLOW,8248,1
4-YELLOW,8250,1
4-YELLOW,8255,1
4-YELLOW,8256,1
4-YELLOW,8258,2
4-YELLOW,8263,1
4-YELLOW,8264,1
4-YELLOW,8265,2
4-YELLOW,8267,1
4-YELLOW,8270,1
4-YELLOW,8272,1
4-YELLOW,8273,1
4-YELLOW,8274,2
4-YELLOW,8277,1
4-YELLOW,8278,1
4-YELLOW,8281,2
4-YELLOW,8282,1
4-YELLOW,8284,1
4-YELLOW,8285,1
4-YELLOW,8286,2
4-YELLOW,8287,1
4-YELLOW,8288,1
4-YELLOW,8289,3
4-YELLOW,8290,1
4-YELLOW,8291,2
4-YELLOW,8295,1
4-YELLOW,8297,2
4-YELLOW,8298,2
4-YELLOW,8300,2
4-YELLOW,8305,1
4-YELLOW,8309,1
4-YELLOW,8310,2
4-YELLOW,8311,1
4-YELLOW,8317,1
4-YELLOW,8318,2
4-YELLOW,8319,1
4-YELLOW,8324,1
4-YELLOW,8332,2
4-YELLOW,8333,2
4-YELLOW,8335,1
4-YELLOW,8338,2
4-YELLOW,8340,1
4-YELLOW,8341,1
4-YELLOW,8342,1
4-YELLOW,8343,2
4-YELLOW,8344,2
4-YELLOW,8345,1
4-YELLOW,8347,1
4-YELLOW,8349,1
4-YELLOW,8350,1
4-YELLOW,8352,2
4-YELLOW,8354,1
4-YELLOW,8355,2
4-YELLOW,8356,1
4-YELLOW,8357,1
4-YELLOW,8359,3
4-YELLOW,8362,1
4-YELLOW,8364,1
4-YELLOW,8365,2
4-YELLOW,8366,3
4-YELLOW,8368,2
4-YELLOW,8369,2
4-YELLOW,8371,3
4-YELLOW,8372,1
4-YELLOW,8377,1
4-YELLOW,8379,1
4-YELLOW,8382,1
4-YELLOW,8383,1
4-YELLOW,8384,2
4-YELLOW,8388,1
4-YELLOW,8389,1
4-YELLOW,8390,1
4-YELLOW,8395,1
4-YELLOW,8400,3
4-YELLOW,8401,2
4-YELLOW,8404,1
4-YELLOW,8405,4
4-YELLOW,8406,1
4-YELLOW,8407,2
4-YELLOW,8409,1
4-YELLOW,8411,1
4-YELLOW,8413,1
4-YELLOW,8414,1
4-YELLOW,8415,1
4-YELLOW,8417,1
4-YELLOW,8419,1
4-YELLOW,8420,1
4-YELLOW,8421,1
4-YELLOW,8424,1
4-YELLOW,8426,1
4-YELLOW,8427,1
4-YELLOW,8428,2
4-YELLOW,8429,1
4-YELLOW,8432,1
4-YELLOW,8433,1
4-YELLOW,8434,1
4-YELLOW,8436,1
4-YELLOW,8438,1
4-YELLOW,8439,1
4-YELLOW,8442,1
4-YELLOW,8446,1
4-YELLOW,8447,1
4-YELLOW,8452,1
4-YELLOW,8455,3
4-YELLOW,8457,3
4-YELLOW,8458,1
4-YELLOW,8459,1
4-YELLOW,8462,1
4-YELLOW,8465,2
4-YELLOW,8467,2
4-YELLOW,8470,1
4-YELLOW,8472,2
4-YELLOW,8473,1
4-YELLOW,8477,1
4-YELLOW,8478,1
4-YELLOW,8480,1
4-YELLOW,8482,1
4-YELLOW,8483,2
4-YELLOW,8486,1
4-YELLOW,8487,1
4-YELLOW,8491,1
4-YELLOW,8492,1
4-YELLOW,8496,2
4-YELLOW,8497,2
4-YELLOW,8498,1
4-YELLOW,8499,1
4-YELLOW,8503,1
4-YELLOW,8504,1
4-YELLOW,8505,2
4-YELLOW,8506,4
4-YELLOW,8507,1
4-YELLOW,8509,1
4-YELLOW,8511,3
4-YELLOW,8512,1
4-YELLOW,8515,1
4-YELLOW,8516,1
4-YELLOW,8518,1
4-YELLOW,8521,1
4-YELLOW,8523,1
4-YELLOW,8526,3
4-YELLOW,8527,1
4-YELLOW,8530,3
4-YELLOW,8535,2
4-YELLOW,8536,1
4-YELLOW,8537,3
4-YELLOW,8539,1
4-YELLOW,8542,2
4-YELLOW,8547,1
4-YELLOW,8548,1
4-YELLOW,8550,1
4-YELLOW,8551,1
4-YELLOW,8552,1
4-YELLOW,8554,2
4-YELLOW,8555,1
4-YELLOW,8556,1
4-YELLOW,8561,1
4-YELLOW,8562,1
4-YELLOW,8565,1
4-YELLOW,8567,2
4-YELLOW,8574,1
4-YELLOW,8575,1
4-YELLOW,8576,1
4-YELLOW,8578,1
4-YELLOW,8582,1
4-YELLOW,8584,1
4-YELLOW,8591,1
4-YELLOW,8592,1
4-YELLOW,8593,2
4-YELLOW,8596,1
4-YELLOW,8599,1
4-YELLOW,8603,2
4-YELLOW,8606,2
4-YELLOW,8608,2
4-YELLOW,8609,1
4-YELLOW,8614,2
4-YELLOW,8618,1
4-YELLOW,8619,1
4-YELLOW,8621,2
4-YELLOW,8624,1
4-YELLOW,8626,1
4-YELLOW,8630,1
4-YELLOW,8631,1
4-YELLOW,8639,2
4-YELLOW,8642,1
4-YELLOW,8645,1
4-YELLOW,8646,1
4-YELLOW,8647,1
4-YELLOW,8650,1
4-YELLOW,8652,1
4-YELLOW,8654,1
4-YELLOW,8656,2
4-YELLOW,8657,2
4-YELLOW,8658,1
4-YELLOW,8662,1
4-YELLOW,8663,1
4-YELLOW,8664,1
4-YELLOW,8671,1
4-YELLOW,8675,1
4-YELLOW,8677,1
4-YELLOW,8679,1
4-YELLOW,8681,2
4-YELLOW,8686,1
4-YELLOW,8687,1
4-YELLOW,8688,1
4-YELLOW,8689,2
4-YELLOW,8692,2
4-YELLOW,8702,1
4-YELLOW,8709,2
4-YELLOW,8716,2
4-YELLOW,8720,1
4-YELLOW,8721,1
4-YELLOW,8723,1
4-YELLOW,8724,1
4-YELLOW,8725,1
4-YELLOW,8730,1
4-YELLOW,8737,1
4-YELLOW,8744,1
4-YELLOW,8746,1
4-YELLOW,8747,1
4-YELLOW,8749,1
4-YELLOW,8752,1
4-YELLOW,8753,1
4-YELLOW,8755,1
4-YELLOW,8756,1
4-YELLOW,8757,1
4-YELLOW,8759,2
4-YELLOW,8760,1
4-YELLOW,8763,2
4-YELLOW,8766,2
4-YELLOW,8767,1
4-YELLOW,8768,1
4-YELLOW,8770,1
4-YELLOW,8771,1
4-YELLOW,8774,2
4-YELLOW,8777,2
4-YELLOW,8778,1
4-YELLOW,8785,1
4-YELLOW,8789,1
4-YELLOW,8792,1
4-YELLOW,8798,1
4-YELLOW,8800,2
4-YELLOW,8802,1
4-YELLOW,8804,2
4-YELLOW,8821,1
4-YELLOW,8822,2
4-YELLOW,8823,3
4-YELLOW,8831,1
4-YELLOW,8832,2
4-YELLOW,8834,1
4-YELLOW,8838,1
4-YELLOW,8839,2
4-YELLOW,8847,1
4-YELLOW,8849,1
4-YELLOW,8850,1
4-YELLOW,8852,1
4-YELLOW,8853,1
4-YELLOW,8867,1
4-YELLOW,8868,1
4-YELLOW,8869,1
4-YELLOW,8871,1
4-YELLOW,8872,1
4-YELLOW,8874,2
4-YELLOW,8880,1
4-YELLOW,8881,1
4-YELLOW,8882,1
4-YELLOW,8884,1
4-YELLOW,8891,1
4-YELLOW,8892,2
4-YELLOW,8894,1
4-YELLOW,8895,1
4-YELLOW,8897,1
4-YELLOW,8902,1
4-YELLOW,8903,1
4-YELLOW,8904,2
4-YELLOW,8905,1
4-YELLOW,8907,1
4-YELLOW,8908,3
4-YELLOW,8910,1
4-YELLOW,8914,1
4-YELLOW,8915,1
4-YELLOW,8916,2
4-YELLOW,8920,2
4-YELLOW,8921,1
4-YELLOW,8922,2
4-YELLOW,8923,2
4-YELLOW,8926,1
4-YELLOW,8929,2
4-YELLOW,8930,1
4-YELLOW,8935,1
4-YELLOW,8936,2
4-YELLOW,8937,1
4-YELLOW,8940,1
4-YELLOW,8941,2
4-YELLOW,8942,2
4-YELLOW,8943,2
4-YELLOW,8947,1
4-YELLOW,8952,1
4-YELLOW,8953,2
4-YELLOW,8956,1
4-YELLOW,8958,2
4-YELLOW,8959,1
4-YELLOW,8961,1
4-YELLOW,8966,1
4-YELLOW,8969,1
4-YELLOW,8970,3
4-YELLOW,8971,1
4-YELLOW,8973,1
4-YELLOW,8983,1
4-YELLOW,8984,1
4-YELLOW,8988,1
4-YELLOW,8990,1
4-YELLOW,8992,3
4-YELLOW,8993,3
4-YELLOW,8994,4
4-YELLOW,8998,1
4-YELLOW,8999,1
4-YELLOW,9000,1
4-YELLOW,9007,1
4-YELLOW,9011,1
4-YELLOW,9014,1
4-YELLOW,9016,1
4-YELLOW,9018,2
4-YELLOW,9019,1
4-YELLOW,9020,2
4-YELLOW,9021,1
4-YELLOW,9023,1
4-YELLOW,9024,2
4-YELLOW,9025,2
4-YELLOW,9030,1
4-YELLOW,9031,2
4-YELLOW,9038,1
4-YELLOW,9041,1
4-YELLOW,9043,2
4-YELLOW,9044,1
4-YELLOW,9046,1
4-YELLOW,9048,1
4-YELLOW,9049,1
4-YELLOW,9050,1
4-YELLOW,9052,1
4-YELLOW,9053,1
4-YELLOW,9055,1
4-YELLOW,9058,1
4-YELLOW,9064,1
4-YELLOW,9068,2
4-YELLOW,9069,3
4-YELLOW,9072,1
4-YELLOW,9076,2
4-YELLOW,9077,1
4-YELLOW,9078,2
4-YELLOW,9080,1
4-YELLOW,9084,1
4-YELLOW,9085,1
4-YELLOW,9086,1
4-YELLOW,9093,1
4-YELLOW,9094,1
4-YELLOW,9100,3
4-YELLOW,9102,1
4-YELLOW,9104,1
4-YELLOW,9105,2
4-YELLOW,9106,1
4-YELLOW,9107,1
4-YELLOW,9113,1
4-YELLOW,9114,1
4-YELLOW,9117,2
4-YELLOW,9118,1
4-YELLOW,9120,1
4-YELLOW,9122,1
4-YELLOW,9126,3
4-YELLOW,9127,2
4-YELLOW,9128,1
4-YELLOW,9130,1
4-YELLOW,9133,1
4-YELLOW,9142,1
4-YELLOW,9145,1
4-YELLOW,9149,1
4-YELLOW,9151,1
4-YELLOW,9152,1
4-YELLOW,9154,2
4-YELLOW,9157,1
4-YELLOW,9158,1
4-YELLOW,9160,1
4-YELLOW,9173,1
4-YELLOW,9177,2
4-YELLOW,9182,1
4-YELLOW,9187,1
4-YELLOW,9188,1
4-YELLOW,9191,1
4-YELLOW,9194,2
4-YELLOW,9199,1
4-YELLOW,9200,1
4-YELLOW,9203,2
4-YELLOW,9204,1
4-YELLOW,9210,1
4-YELLOW,9213,1
4-YELLOW,9214,1
4-YELLOW,9215,1
4-YELLOW,9216,1
4-YELLOW,9217,1
4-YELLOW,9218,1
4-YELLOW,9220,1
4-YELLOW,9222,1
4-YELLOW,9225,2
4-YELLOW,9229,2
4-YELLOW,9231,1
4-YELLOW,9233,1
4-YELLOW,9235,1
4-YELLOW,9239,1
4-YELLOW,9240,2
4-YELLOW,9243,1
4-YELLOW,9244,1
4-YELLOW,9249,2
4-YELLOW,9250,1
4-YELLOW,9251,1
4-YELLOW,9253,1
4-YELLOW,9262,2
4-YELLOW,9269,1
4-YELLOW,9275,2
4-YELLOW,9276,2
4-YELLOW,9278,2
4-YELLOW,9279,2
4-YELLOW,9282,2
4-YELLOW,9284,1
4-YELLOW,9286,1
4-YELLOW,9287,1
4-YELLOW,9289,1
4-YELLOW,9292,1
4-YELLOW,9295,1
4-YELLOW,9297,2
4-YELLOW,9298,1
4-YELLOW,9300,1
4-YELLOW,9303,1
4-YELLOW,9304,1
4-YELLOW,9306,2
4-YELLOW,9307,3
4-YELLOW,9308,1
4-YELLOW,9311,1
4-YELLOW,9314,1
4-YELLOW,9315,1
4-YELLOW,9317,1
4-YELLOW,9318,2
4-YELLOW,9323,1
4-YELLOW,9325,2
4-YELLOW,9326,1
4-YELLOW,9327,2
4-YELLOW,9332,1
4-YELLOW,9334,1
4-YELLOW,9343,1
4-YELLOW,9344,2
4-YELLOW,9352,1
4-YELLOW,9353,1
4-YELLOW,9364,1
4-YELLOW,9368,1
4-YELLOW,9372,1
4-YELLOW,9373,2
4-YELLOW,9376,1
4-YELLOW,9378,1
4-YELLOW,9379,1
4-YELLOW,9380,1
4-YELLOW,9383,1
4-YELLOW,9384,1
4-YELLOW,9387,1
4-YELLOW,9392,1
4-YELLOW,9398,1
4-YELLOW,9412,1
4-YELLOW,9416,1
4-YELLOW,9418,2
4-YELLOW,9419,1
4-YELLOW,9421,1
4-YELLOW,9425,1
4-YELLOW,9426,1
4-YELLOW,9430,1
4-YELLOW,9431,1
4-YELLOW,9438,1
4-YELLOW,9448,2
4-YELLOW,9455,2
4-YELLOW,9456,1
4-YELLOW,9464,1
4-YELLOW,9468,1
4-YELLOW,9482,1
4-YELLOW,9483,1
4-YELLOW,9486,1
4-YELLOW,9487,1
4-YELLOW,9489,1
4-YELLOW,9496,1
4-YELLOW,9498,1
4-YELLOW,9502,1
4-YELLOW,9505,1
4-YELLOW,9508,1
4-YELLOW,9510,1
4-YELLOW,9513,1
4-YELLOW,9517,1
4-YELLOW,9518,1
4-YELLOW,9521,1
4-YELLOW,9524,1
4-YELLOW,9526,1
4-YELLOW,9536,1
4-YELLOW,9537,1
4-YELLOW,9539,1
4-YELLOW,9543,2
4-YELLOW,9545,2
4-YELLOW,9547,2
4-YELLOW,9554,2
4-YELLOW,9555,1
4-YELLOW,9556,1
4-YELLOW,9557,1
4-YELLOW,9562,2
4-YELLOW,9563,1
4-YELLOW,9566,1
4-YELLOW,9584,1
4-YELLOW,9586,1
4-YELLOW,9589,1
4-YELLOW,9596,2
4-YELLOW,9597,1
4-YELLOW,9600,1
4-YELLOW,9605,1
4-YELLOW,9606,1
4-YELLOW,9609,1
4-YELLOW,9612,1
4-YELLOW,9613,1
4-YELLOW,9620,1
4-YELLOW,9623,2
4-YELLOW,9624,1
4-YELLOW,9628,1
4-YELLOW,9630,1
4-YELLOW,9633,1
4-YELLOW,9635,1
4-YELLOW,9644,2
4-YELLOW,9645,1
4-YELLOW,9649,1
4-YELLOW,9651,1
4-YELLOW,9652,1
4-YELLOW,9653,1
4-YELLOW,9654,1
4-YELLOW,9655,1
4-YELLOW,9658,1
4-YELLOW,9661,1
4-YELLOW,9663,5
4-YELLOW,9666,1
4-YELLOW,9667,1
4-YELLOW,9668,2
4-YELLOW,9671,1
4-YELLOW,9674,1
4-YELLOW,9675,1
4-YELLOW,9676,1
4-YELLOW,9680,1
4-YELLOW,9682,1
4-YELLOW,9684,1
4-YELLOW,9688,1
4-YELLOW,9693,1
4-YELLOW,9694,1
4-YELLOW,9697,1
4-YELLOW,9698,1
4-YELLOW,9701,1
4-YELLOW,9704,1
4-YELLOW,9706,1
4-YELLOW,9707,1
4-YELLOW,9708,1
4-YELLOW,9709,1
4-YELLOW,9714,1
4-YELLOW,9715,1
4-YELLOW,9718,1
4-YELLOW,9722,3
4-YELLOW,9731,1
4-YELLOW,9732,1
4-YELLOW,9733,1
4-YELLOW,9737,1
4-YELLOW,9749,1
4-YELLOW,9753,1
4-YELLOW,9756,2
4-YELLOW,9757,1
4-YELLOW,9763,1
4-YELLOW,9764,1
4-YELLOW,9767,1
4-YELLOW,9773,1
4-YELLOW,9776,1
4-YELLOW,9778,1
4-YELLOW,9782,1
4-YELLOW,9784,1
4-YELLOW,9788,1
4-YELLOW,9792,2
4-YELLOW,9799,1
4-YELLOW,9800,3
4-YELLOW,9802,1
4-YELLOW,9803,1
4-YELLOW,9804,1
4-YELLOW,9807,1
4-YELLOW,9811,1
4-YELLOW,9818,2
4-YELLOW,9819,1
4-YELLOW,9820,1
4-YELLOW,9824,1
4-YELLOW,9825,2
4-YELLOW,9826,1
4-YELLOW,9829,1
4-YELLOW,9832,1
4-YELLOW,9833,1
4-YELLOW,9834,1
4-YELLOW,9836,1
4-YELLOW,9837,1
4-YELLOW,9838,1
4-YELLOW,9840,1
4-YELLOW,9845,1
4-YELLOW,9848,1
4-YELLOW,9857,1
4-YELLOW,9859,1
4-YELLOW,9861,1
4-YELLOW,9866,1
4-YELLOW,9869,2
4-YELLOW,9874,1
4-YELLOW,9881,1
4-YELLOW,9884,1
4-YELLOW,9895,1
4-YELLOW,9900,1
4-YELLOW,9902,1
4-YELLOW,9905,2
4-YELLOW,9906,1
4-YELLOW,9908,2
4-YELLOW,9909,1
4-YELLOW,9910,1
4-YELLOW,9913,1
4-YELLOW,9917,1
4-YELLOW,9921,1
4-YELLOW,9922,1
4-YELLOW,9928,1
4-YELLOW,9942,1
4-YELLOW,9944,1
4-YELLOW,9948,1
4-YELLOW,9951,3
4-YELLOW,9952,1
4-YELLOW,9955,1
4-YELLOW,9956,1
4-YELLOW,9958,1
4-YELLOW,9962,1
4-YELLOW,9966,1
4-YELLOW,9967,1
4-YELLOW,9972,1
4-YELLOW,9974,1
4-YELLOW,9977,1
4-YELLOW,9980,1
4-YELLOW,9982,1
4-YELLOW,9988,1
4-YELLOW,9992,1
4-YELLOW,9993,1
4-YELLOW,9996,1
4-YELLOW,10008,1
4-YELLOW,10015,1
4-YELLOW,10016,1
4-YELLOW,10019,1
4-YELLOW,10022,1
4-YELLOW,10024,1
4-YELLOW,10025,1
4-YELLOW,10026,1
4-YELLOW,10035,1
4-YELLOW,10036,1
4-YELLOW,10040,2
4-YELLOW,10041,2
4-YELLOW,10042,1
4-YELLOW,10045,1
4-YELLOW,10047,1
4-YELLOW,10049,1
4-YELLOW,10055,1
4-YELLOW,10061,1
4-YELLOW,10063,1
4-YELLOW,10064,1
4-YELLOW,10069,1
4-YELLOW,10070,1
4-YELLOW,10074,1
4-YELLOW,10075,2
4-YELLOW,10081,1
4-YELLOW,10086,1
4-YELLOW,10096,1
4-YELLOW,10098,1
4-YELLOW,10102,1
4-YELLOW,10103,1
4-YELLOW,10109,1
4-YELLOW,10112,2
4-YELLOW,10115,1
4-YELLOW,10118,1
4-YELLOW,10120,3
4-YELLOW,10121,1
4-YELLOW,10123,1
4-YELLOW,10126,1
4-YELLOW,10138,1
4-YELLOW,10144,1
4-YELLOW,10145,1
4-YELLOW,10146,1
4-YELLOW,10148,1
4-YELLOW,10149,1
4-YELLOW,10150,1
4-YELLOW,10152,1
4-YELLOW,10153,1
4-YELLOW,10156,1
4-YELLOW,10157,1
4-YELLOW,10158,1
4-YELLOW,10161,1
4-YELLOW,10166,1
4-YELLOW,10168,2
4-YELLOW,10173,1
4-YELLOW,10185,1
4-YELLOW,10187,2
4-YELLOW,10188,2
4-YELLOW,10189,1
4-YELLOW,10190,1
4-YELLOW,10193,1
4-YELLOW,10197,1
4-YELLOW,10204,1
4-YELLOW,10205,1
4-YELLOW,10213,1
4-YELLOW,10222,1
4-YELLOW,10230,1
4-YELLOW,10238,1
4-YELLOW,10241,1
4-YELLOW,10248,1
4-YELLOW,10262,2
4-YELLOW,10268,2
4-YELLOW,10269,1
4-YELLOW,10273,1
4-YELLOW,10292,3
4-YELLOW,10300,1
4-YELLOW,10302,1
4-YELLOW,10303,1
4-YELLOW,10307,1
4-YELLOW,10316,1
4-YELLOW,10318,1
4-YELLOW,10321,1
4-YELLOW,10323,2
4-YELLOW,10342,1
4-YELLOW,10343,1
4-YELLOW,10344,1
4-YELLOW,10345,1
4-YELLOW,10347,1
4-YELLOW,10348,1
4-YELLOW,10363,1
4-YELLOW,10366,1
4-YELLOW,10367,2
4-YELLOW,10371,1
4-YELLOW,10372,1
4-YELLOW,10375,1
4-YELLOW,10379,2
4-YELLOW,10380,1
4-YELLOW,10383,1
4-YELLOW,10389,1
4-YELLOW,10394,1
4-YELLOW,10397,1
4-YELLOW,10398,1
4-YELLOW,10404,2
4-YELLOW,10405,1
4-YELLOW,10408,1
4-YELLOW,10413,1
4-YELLOW,10418,2
4-YELLOW,10425,1
4-YELLOW,10433,1
4-YELLOW,10435,1
4-YELLOW,10441,1
4-YELLOW,10444,1
4-YELLOW,10448,1
4-YELLOW,10452,2
4-YELLOW,10453,1
4-YELLOW,10455,1
4-YELLOW,10456,1
4-YELLOW,10458,1
4-YELLOW,10459,1
4-YELLOW,10460,1
4-YELLOW,10461,1
4-YELLOW,10464,1
4-YELLOW,10465,1
4-YELLOW,10466,1
4-YELLOW,10468,1
4-YELLOW,10469,1
4-YELLOW,10477,1
4-YELLOW,10478,1
4-YELLOW,10483,1
4-YELLOW,10489,1
4-YELLOW,10491,1
4-YELLOW,10493,1
4-YELLOW,10508,1
4-YELLOW,10515,1
4-YELLOW,10518,2
4-YELLOW,10522,1
4-YELLOW,10525,1
4-YELLOW,10526,1
4-YELLOW,10530,1
4-YELLOW,10537,1
4-YELLOW,10545,1
4-YELLOW,10547,1
4-YELLOW,10555,1
4-YELLOW,10557,1
4-YELLOW,10567,1
4-YELLOW,10569,1
4-YELLOW,10576,1
4-YELLOW,10582,1
4-YELLOW,10584,2
4-YELLOW,10586,1
4-YELLOW,10587,1
4-YELLOW,10590,1
4-YELLOW,10592,1
4-YELLOW,10593,1
4-YELLOW,10594,1
4-YELLOW,10600,1
4-YELLOW,10603,1
4-YELLOW,10610,2
4-YELLOW,10619,1
4-YELLOW,10625,1
4-YELLOW,10626,1
4-YELLOW,10630,1
4-YELLOW,10634,1
4-YELLOW,10636,1
4-YELLOW,10637,2
4-YELLOW,10638,1
4-YELLOW,10647,1
4-YELLOW,10648,1
4-YELLOW,10650,1
4-YELLOW,10654,1
4-YELLOW,10663,1
4-YELLOW,10666,2
4-YELLOW,10669,1
4-YELLOW,10670,1
4-YELLOW,10682,2
4-YELLOW,10686,1
4-YELLOW,10689,2
4-YELLOW,10693,1
4-YELLOW,10697,1
4-YELLOW,10713,1
4-YELLOW,10716,1
4-YELLOW,10722,1
4-YELLOW,10724,1
4-YELLOW,10729,1
4-YELLOW,10734,1
4-YELLOW,10736,2
4-YELLOW,10739,1
4-YELLOW,10745,1
4-YELLOW,10749,1
4-YELLOW,10755,1
4-YELLOW,10762,3
4-YELLOW,10763,1
4-YELLOW,10785,1
4-YELLOW,10786,1
4-YELLOW,10791,1
4-YELLOW,10805,1
4-YELLOW,10811,1
4-YELLOW,10816,1
4-YELLOW,10819,1
4-YELLOW,10826,1
4-YELLOW,10828,2
4-YELLOW,10830,1
4-YELLOW,10831,1
4-YELLOW,10840,1
4-YELLOW,10850,1
4-YELLOW,10862,1
4-YELLOW,10864,1
4-YELLOW,10865,1
4-YELLOW,10877,1
4-YELLOW,10879,3
4-YELLOW,10882,1
4-YELLOW,10886,1
4-YELLOW,10893,1
4-YELLOW,10894,1
4-YELLOW,10896,1
4-YELLOW,10902,1
4-YELLOW,10905,1
4-YELLOW,10910,1
4-YELLOW,10917,1
4-YELLOW,10920,1
4-YELLOW,10921,1
4-YELLOW,10922,1
4-YELLOW,10923,2
4-YELLOW,10928,1
4-YELLOW,10935,1
4-YELLOW,10936,2
4-YELLOW,10944,1
4-YELLOW,10950,1
4-YELLOW,10953,1
4-YELLOW,10960,1
4-YELLOW,10967,1
4-YELLOW,10984,1
4-YELLOW,10985,1
4-YELLOW,10986,1
4-YELLOW,10990,2
4-YELLOW,10991,1
4-YELLOW,10995,2
4-YELLOW,11006,1
4-YELLOW,11007,2
4-YELLOW,11008,1
4-YELLOW,11009,1
4-YELLOW,11010,1
4-YELLOW,11014,1
4-YELLOW,11016,1
4-YELLOW,11021,1
4-YELLOW,11025,1
4-YELLOW,11026,1
4-YELLOW,11038,1
4-YELLOW,11043,1
4-YELLOW,11048,1
4-YELLOW,11055,1
4-YELLOW,11056,1
4-YELLOW,11058,1
4-YELLOW,11059,1
4-YELLOW,11060,1
4-YELLOW,11070,1
4-YELLOW,11074,2
4-YELLOW,11082,1
4-YELLOW,11085,1
4-YELLOW,11091,1
4-YELLOW,11095,1
4-YELLOW,11109,2
4-YELLOW,11114,1
4-YELLOW,11123,1
4-YELLOW,11129,1
4-YELLOW,11132,1
4-YELLOW,11136,1
4-YELLOW,11139,1
4-YELLOW,11140,1
4-YELLOW,11146,1
4-YELLOW,11151,1
4-YELLOW,11154,1
4-YELLOW,11155,1
4-YELLOW,11170,1
4-YELLOW,11173,1
4-YELLOW,11175,1
4-YELLOW,11178,2
4-YELLOW,11185,1
4-YELLOW,11186,1
4-YELLOW,11189,2
4-YELLOW,11196,1
4-YELLOW,11197,1
4-YELLOW,11198,1
4-YELLOW,11220,1
4-YELLOW,11234,1
4-YELLOW,11243,1
4-YELLOW,11245,1
4-YELLOW,11260,1
4-YELLOW,11261,1
4-YELLOW,11265,1
4-YELLOW,11266,1
4-YELLOW,11268,1
4-YELLOW,11274,1
4-YELLOW,11284,1
4-YELLOW,11285,1
4-YELLOW,11288,1
4-YELLOW,11291,1
4-YELLOW,11292,1
4-YELLOW,11294,1
4-YELLOW,11296,1
4-YELLOW,11308,1
4-YELLOW,11311,1
4-YELLOW,11316,1
4-YELLOW,11328,2
4-YELLOW,11329,1
4-YELLOW,11331,1
4-YELLOW,11335,1
4-YELLOW,11337,1
4-YELLOW,11342,1
4-YELLOW,11348,1
4-YELLOW,11357,1
4-YELLOW,11366,1
4-YELLOW,11371,1
4-YELLOW,11373,1
4-YELLOW,11376,1
4-YELLOW,11389,1
4-YELLOW,11390,1
4-YELLOW,11398,1
4-YELLOW,11402,3
4-YELLOW,11414,1
4-YELLOW,11415,1
4-YELLOW,11418,1
4-YELLOW,11419,1
4-YELLOW,11436,1
4-YELLOW,11439,1
4-YELLOW,11443,1
4-YELLOW,11448,2
4-YELLOW,11454,1
4-YELLOW,11458,2
4-YELLOW,11466,1
4-YELLOW,11474,2
4-YELLOW,11478,2
4-YELLOW,11482,1
4-YELLOW,11499,1
4-YELLOW,11506,1
4-YELLOW,11514,1
4-YELLOW,11517,1
4-YELLOW,11535,1
4-YELLOW,11539,1
4-YELLOW,11543,1
4-YELLOW,11544,1
4-YELLOW,11546,1
4-YELLOW,11553,2
4-YELLOW,11561,1
4-YELLOW,11562,1
4-YELLOW,11568,1
4-YELLOW,11576,2
4-YELLOW,11583,1
4-YELLOW,11584,1
4-YELLOW,11596,2
4-YELLOW,11597,1
4-YELLOW,11599,1
4-YELLOW,11601,2
4-YELLOW,11602,1
4-YELLOW,11609,1
4-YELLOW,11611,1
4-YELLOW,11628,1
4-YELLOW,11629,1
4-YELLOW,11635,1
4-YELLOW,11636,1
4-YELLOW,11654,1
4-YELLOW,11657,1
4-YELLOW,11671,1
4-YELLOW,11672,1
4-YELLOW,11675,1
4-YELLOW,11678,1
4-YELLOW,11679,1
4-YELLOW,11680,1
4-YELLOW,11688,1
4-YELLOW,11730,1
4-YELLOW,11735,1
4-YELLOW,11736,1
4-YELLOW,11742,4
4-YELLOW,11754,1
4-YELLOW,11761,1
4-YELLOW,11769,1
4-YELLOW,11772,1
4-YELLOW,11780,1
4-YELLOW,11782,1
4-YELLOW,11787,1
4-YELLOW,11788,1
4-YELLOW,11789,1
4-YELLOW,11791,1
4-YELLOW,11801,1
4-YELLOW,11810,1
4-YELLOW,11820,1
4-YELLOW,11828,1
4-YELLOW,11830,1
4-YELLOW,11839,1
4-YELLOW,11843,2
4-YELLOW,11853,1
4-YELLOW,11855,1
4-YELLOW,11859,1
4-YELLOW,11860,1
4-YELLOW,11862,1
4-YELLOW,11869,2
4-YELLOW,11876,1
4-YELLOW,11879,1
4-YELLOW,11886,1
4-YELLOW,11898,1
4-YELLOW,11901,1
4-YELLOW,11902,1
4-YELLOW,11905,1
4-YELLOW,11911,1
4-YELLOW,11919,1
4-YELLOW,11920,1
4-YELLOW,11922,1
4-YELLOW,11933,1
4-YELLOW,11936,2
4-YELLOW,11941,1
4-YELLOW,11943,1
4-YELLOW,11948,1
4-YELLOW,11949,2
4-YELLOW,11951,2
4-YELLOW,11956,1
4-YELLOW,11960,2
4-YELLOW,11969,1
4-YELLOW,11970,1
4-YELLOW,11987,1
4-YELLOW,11990,1
4-YELLOW,11994,1
4-YELLOW,11999,1
4-YELLOW,12016,1
4-YELLOW,12020,1
4-YELLOW,12023,1
4-YELLOW,12029,1
4-YELLOW,12030,1
4-YELLOW,12044,1
4-YELLOW,12053,1
4-YELLOW,12056,1
4-YELLOW,12058,1
4-YELLOW,12071,1
4-YELLOW,12088,1
4-YELLOW,12104,1
4-YELLOW,12105,1
4-YELLOW,12112,1
4-YELLOW,12118,2
4-YELLOW,12119,1
4-YELLOW,12122,1
4-YELLOW,12123,1
4-YELLOW,12125,1
4-YELLOW,12127,1
4-YELLOW,12137,2
4-YELLOW,12142,1
4-YELLOW,12143,1
4-YELLOW,12150,1
4-YELLOW,12178,1
4-YELLOW,12179,1
4-YELLOW,12189,1
4-YELLOW,12193,1
4-YELLOW,12199,1
4-YELLOW,12210,1
4-YELLOW,12222,1
4-YELLOW,12250,1
4-YELLOW,12253,1
4-YELLOW,12257,1
4-YELLOW,12258,2
4-YELLOW,12270,1
4-YELLOW,12271,1
4-YELLOW,12274,1
4-YELLOW,12278,1
4-YELLOW,12286,1
4-YELLOW,12288,1
4-YELLOW,12289,1
4-YELLOW,12294,1
4-YELLOW,12296,1
4-YELLOW,12301,1
4-YELLOW,12303,1
4-YELLOW,12315,1
4-YELLOW,12329,1
4-YELLOW,12330,1
4-YELLOW,12331,1
4-YELLOW,12332,1
4-YELLOW,12334,1
4-YELLOW,12338,1
4-YELLOW,12341,1
4-YELLOW,12347,2
4-YELLOW,12350,1
4-YELLOW,12355,1
4-YELLOW,12356,2
4-YELLOW,12363,1
4-YELLOW,12364,1
4-YELLOW,12367,1
4-YELLOW,12374,1
4-YELLOW,12380,1
4-YELLOW,12382,2
4-YELLOW,12386,3
4-YELLOW,12388,1
4-YELLOW,12389,1
4-YELLOW,12392,1
4-YELLOW,12394,1
4-YELLOW,12397,1
4-YELLOW,12433,1
4-YELLOW,12436,1
4-YELLOW,12449,1
4-YELLOW,12496,1
4-YELLOW,12499,1
4-YELLOW,12503,1
4-YELLOW,12504,1
4-YELLOW,12512,1
4-YELLOW,12520,1
4-YELLOW,12526,1
4-YELLOW,12528,1
4-YELLOW,12538,1
4-YELLOW,12541,1
4-YELLOW,12550,1
4-YELLOW,12565,1
4-YELLOW,12579,1
4-YELLOW,12590,1
4-YELLOW,12601,1
4-YELLOW,12616,1
4-YELLOW,12623,2
4-YELLOW,12633,1
4-YELLOW,12643,1
4-YELLOW,12652,1
4-YELLOW,12658,1
4-YELLOW,12664,1
4-YELLOW,12666,1
4-YELLOW,12670,1
4-YELLOW,12690,1
4-YELLOW,12692,1
4-YELLOW,12697,1
4-YELLOW,12703,1
4-YELLOW,12709,3
4-YELLOW,12710,1
4-YELLOW,12713,1
4-YELLOW,12714,1
4-YELLOW,12723,1
4-YELLOW,12725,1
4-YELLOW,12726,1
4-YELLOW,12734,1
4-YELLOW,12738,1
4-YELLOW,12759,1
4-YELLOW,12791,1
4-YELLOW,12793,1
4-YELLOW,12829,1
4-YELLOW,12847,1
4-YELLOW,12850,1
4-YELLOW,12862,1
4-YELLOW,12872,1
4-YELLOW,12886,1
4-YELLOW,12889,1
4-YELLOW,12892,1
4-YELLOW,12894,2
4-YELLOW,12906,1
4-YELLOW,12907,1
4-YELLOW,12911,1
4-YELLOW,12915,1
4-YELLOW,12917,1
4-YELLOW,12919,1
4-YELLOW,12929,1
4-YELLOW,12936,1
4-YELLOW,12939,1
4-YELLOW,12941,1
4-YELLOW,12969,1
4-YELLOW,12987,1
4-YELLOW,13001,1
4-YELLOW,13008,1
4-YELLOW,13016,1
4-YELLOW,13028,1
4-YELLOW,13042,1
4-YELLOW,13059,1
4-YELLOW,13060,1
4-YELLOW,13062,1
4-YELLOW,13064,1
4-YELLOW,13089,1
4-YELLOW,13096,1
4-YELLOW,13099,1
4-YELLOW,13105,1
4-YELLOW,13116,1
4-YELLOW,13133,1
4-YELLOW,13134,1
4-YELLOW,13153,1
4-YELLOW,13155,1
4-YELLOW,13167,1
4-YELLOW,13175,1
4-YELLOW,13194,1
4-YELLOW,13196,1
4-YELLOW,13197,1
4-YELLOW,13218,1
4-YELLOW,13224,1
4-YELLOW,13227,1
4-YELLOW,13232,1
4-YELLOW,13237,1
4-YELLOW,13257,1
4-YELLOW,13259,1
4-YELLOW,13283,1
4-YELLOW,13323,1
4-YELLOW,13324,1
4-YELLOW,13333,1
4-YELLOW,13339,1
4-YELLOW,13342,1
4-YELLOW,13377,1
4-YELLOW,13396,1
4-YELLOW,13398,1
4-YELLOW,13410,1
4-YELLOW,13421,1
4-YELLOW,13430,1
4-YELLOW,13434,1
4-YELLOW,13443,1
4-YELLOW,13451,1
4-YELLOW,13504,1
4-YELLOW,13508,1
4-YELLOW,13511,1
4-YELLOW,13524,1
4-YELLOW,13531,1
4-YELLOW,13533,1
4-YELLOW,13541,2
4-YELLOW,13551,1
4-YELLOW,13555,1
4-YELLOW,13570,1
4-YELLOW,13605,1
4-YELLOW,13616,1
4-YELLOW,13621,1
4-YELLOW,13622,1
4-YELLOW,13633,1
4-YELLOW,13653,1
4-YELLOW,13658,1
4-YELLOW,13659,2
4-YELLOW,13663,1
4-YELLOW,13672,1
4-YELLOW,13687,1
4-YELLOW,13691,1
4-YELLOW,13704,1
4-YELLOW,13717,1
4-YELLOW,13721,1
4-YELLOW,13729,1
4-YELLOW,13750,1
4-YELLOW,13751,1
4-YELLOW,13755,1
4-YELLOW,13777,1
4-YELLOW,13807,1
4-YELLOW,13809,1
4-YELLOW,13810,1
4-YELLOW,13819,1
4-YELLOW,13824,1
4-YELLOW,13855,1
4-YELLOW,13856,1
4-YELLOW,13861,1
4-YELLOW,13897,1
4-YELLOW,13918,1
4-YELLOW,13920,1
4-YELLOW,13936,1
4-YELLOW,13939,1
4-YELLOW,13946,1
4-YELLOW,13961,1
4-YELLOW,13967,1
4-YELLOW,13977,1
4-YELLOW,13994,1
4-YELLOW,14031,1
4-YELLOW,14063,1
4-YELLOW,14065,1
4-YELLOW,14066,1
4-YELLOW,14070,3
4-YELLOW,14072,1
4-YELLOW,14081,1
4-YELLOW,14107,1
4-YELLOW,14113,1
4-YELLOW,14141,1
4-YELLOW,14142,1
4-YELLOW,14144,1
4-YELLOW,14158,1
4-YELLOW,14195,1
4-YELLOW,14200,1
4-YELLOW,14212,2
4-YELLOW,14214,1
4-YELLOW,14231,1
4-YELLOW,14239,1
4-YELLOW,14257,2
4-YELLOW,14267,1
4-YELLOW,14269,1
4-YELLOW,14282,1
4-YELLOW,14291,1
4-YELLOW,14293,1
4-YELLOW,14303,1
4-YELLOW,14312,1
4-YELLOW,14315,1
4-YELLOW,14336,1
4-YELLOW,14357,1
4-YELLOW,14359,1
4-YELLOW,14366,1
4-YELLOW,14370,1
4-YELLOW,14378,1
4-YELLOW,14385,1
4-YELLOW,14386,1
4-YELLOW,14429,1
4-YELLOW,14449,1
4-YELLOW,14495,1
4-YELLOW,14523,1
4-YELLOW,14545,1
4-YELLOW,14562,1
4-YELLOW,14568,1
4-YELLOW,14585,1
4-YELLOW,14592,1
4-YELLOW,14601,1
4-YELLOW,14613,1
4-YELLOW,14614,1
4-YELLOW,14629,1
4-YELLOW,14634,1
4-YELLOW,14647,1
4-YELLOW,14648,1
4-YELLOW,14652,1
4-YELLOW,14658,1
4-YELLOW,14698,1
4-YELLOW,14705,1
4-YELLOW,14734,1
4-YELLOW,14742,1
4-YELLOW,14747,1
4-YELLOW,14778,1
4-YELLOW,14784,1
4-YELLOW,14837,1
4-YELLOW,14844,1
4-YELLOW,14857,1
4-YELLOW,14888,1
4-YELLOW,14920,1
4-YELLOW,14922,1
4-YELLOW,14938,1
4-YELLOW,14945,1
4-YELLOW,14964,1
4-YELLOW,14974,1
4-YELLOW,14982,1
4-YELLOW,15040,1
4-YELLOW,15069,1
4-YELLOW,15091,1
4-YELLOW,15097,1
4-YELLOW,15100,1
4-YELLOW,15131,1
4-YELLOW,15138,1
4-YELLOW,15139,1
4-YELLOW,15187,1
4-YELLOW,15258,1
4-YELLOW,15371,1
4-YELLOW,15386,1
4-YELLOW,15396,1
4-YELLOW,15405,1
4-YELLOW,15434,1
4-YELLOW,15457,1
4-YELLOW,15498,1
4-YELLOW,15513,1
4-YELLOW,15530,1
4-YELLOW,15550,1
4-YELLOW,15569,1
4-YELLOW,15575,1
4-YELLOW,15590,1
4-YELLOW,15648,1
4-YELLOW,15697,1
4-YELLOW,15708,1
4-YELLOW,15726,1
4-YELLOW,15755,1
4-YELLOW,15757,1
4-YELLOW,15762,1
4-YELLOW,15792,1
4-YELLOW,15814,1
4-YELLOW,15846,1
4-YELLOW,15884,2
4-YELLOW,15893,1
4-YELLOW,15913,1
4-YELLOW,15944,1
4-YELLOW,15947,1
4-YELLOW,15979,1
4-YELLOW,15993,1
4-YELLOW,16007,1
4-YELLOW,16009,1
4-YELLOW,16018,1
4-YELLOW,16028,1
4-YELLOW,16048,1
4-YELLOW,16053,1
4-YELLOW,16058,1
4-YELLOW,16094,1
4-YELLOW,16201,1
4-YELLOW,16217,1
4-YELLOW,16245,1
4-YELLOW,16282,1
4-YELLOW,16289,1
4-YELLOW,16344,1
4-YELLOW,16356,1
4-YELLOW,16371,1
4-YELLOW,16376,1
4-YELLOW,16393,1
4-YELLOW,16395,1
4-YELLOW,16432,1
4-YELLOW,16490,2
4-YELLOW,16500,1
4-YELLOW,16537,1
4-YELLOW,16611,1
4-YELLOW,16624,1
4-YELLOW,16651,1
4-YELLOW,16721,1
4-YELLOW,16723,1
4-YELLOW,16724,1
4-YELLOW,16733,1
4-YELLOW,16789,1
4-YELLOW,16791,1
4-YELLOW,16796,1
4-YELLOW,16828,1
4-YELLOW,16888,1
4-YELLOW,16942,1
4-YELLOW,16949,1
4-YELLOW,16953,1
4-YELLOW,16968,1
4-YELLOW,16985,1
4-YELLOW,17019,1
4-YELLOW,17055,1
4-YELLOW,17067,1
4-YELLOW,17071,1
4-YELLOW,17072,1
4-YELLOW,17076,2
4-YELLOW,17113,1
4-YELLOW,17130,1
4-YELLOW,17137,1
4-YELLOW,17190,1
4-YELLOW,17241,1
4-YELLOW,17287,1
4-YELLOW,17356,1
4-YELLOW,17359,1
4-YELLOW,17386,1
4-YELLOW,17550,1
4-YELLOW,17570,1
4-YELLOW,17627,1
4-YELLOW,17631,1
4-YELLOW,17634,1
4-YELLOW,17726,1
4-YELLOW,17763,1
4-YELLOW,17782,1
4-YELLOW,17822,1
4-YELLOW,17832,1
4-YELLOW,17857,1
4-YELLOW,17858,1
4-YELLOW,17861,1
4-YELLOW,17921,1
4-YELLOW,17980,1
4-YELLOW,18015,1
4-YELLOW,18040,1
4-YELLOW,18041,1
4-YELLOW,18042,1
4-YELLOW,18081,1
4-YELLOW,18147,1
4-YELLOW,18161,1
4-YELLOW,18240,1
4-YELLOW,18265,1
4-YELLOW,18292,1
4-YELLOW,18316,1
4-YELLOW,18325,1
4-YELLOW,18362,1
4-YELLOW,18390,1
4-YELLOW,18421,1
4-YELLOW,18463,1
4-YELLOW,18502,1
4-YELLOW,18537,1
4-YELLOW,18540,1
4-YELLOW,18555,1
4-YELLOW,18632,1
4-YELLOW,18679,1
4-YELLOW,18683,1
4-YELLOW,18689,1
4-YELLOW,18693,1
4-YELLOW,18697,1
4-YELLOW,18701,1
4-YELLOW,18845,1
4-YELLOW,18849,1
4-YELLOW,18980,1
4-YELLOW,19008,1
4-YELLOW,19110,1
4-YELLOW,19148,1
4-YELLOW,19161,1
4-YELLOW,19166,1
4-YELLOW,19167,1
4-YELLOW,19200,1
4-YELLOW,19205,1
4-YELLOW,19259,1
4-YELLOW,19261,1
4-YELLOW,19296,1
4-YELLOW,19309,1
4-YELLOW,19321,1
4-YELLOW,19359,1
4-YELLOW,19411,1
4-YELLOW,19443,1
4-YELLOW,19498,1
4-YELLOW,19503,1
4-YELLOW,19540,1
4-YELLOW,19554,1
4-YELLOW,19592,1
4-YELLOW,19621,1
4-YELLOW,19625,1
4-YELLOW,19707,1
4-YELLOW,19759,1
4-YELLOW,19769,1
4-YELLOW,19781,1
4-YELLOW,19932,1
4-YELLOW,19992,1
4-YELLOW,20058,1
4-YELLOW,20075,1
4-YELLOW,20087,1
4-YELLOW,20117,1
4-YELLOW,20203,1
4-YELLOW,20217,1
4-YELLOW,20257,1
4-YELLOW,20289,1
4-YELLOW,20310,1
4-YELLOW,20311,1
4-YELLOW,20327,1
4-YELLOW,20338,1
4-YELLOW,20367,1
4-YELLOW,20445,1
4-YELLOW,20494,1
4-YELLOW,20542,1
4-YELLOW,20543,1
4-YELLOW,20627,1
4-YELLOW,20730,1
4-YELLOW,20772,1
4-YELLOW,20925,1
4-YELLOW,21112,1
4-YELLOW,21270,1
4-YELLOW,21272,1
4-YELLOW,21330,1
4-YELLOW,21337,1
4-YELLOW,21369,1
4-YELLOW,21463,1
4-YELLOW,21513,1
4-YELLOW,21559,1
4-YELLOW,21742,1
4-YELLOW,21841,1
4-YELLOW,21880,1
4-YELLOW,21911,1
4-YELLOW,22010,1
4-YELLOW,22071,1
4-YELLOW,22353,1
4-YELLOW,22365,1
4-YELLOW,22459,1
4-YELLOW,22491,1
4-YELLOW,22534,1
4-YELLOW,22567,1
4-YELLOW,22637,1
4-YELLOW,22736,1
4-YELLOW,22750,1
4-YELLOW,22752,1
4-YELLOW,22820,1
4-YELLOW,23137,1
4-YELLOW,23151,1
4-YELLOW,23328,1
4-YELLOW,23418,1
4-YELLOW,23513,1
4-YELLOW,23688,1
4-YELLOW,23695,1
4-YELLOW,24155,1
4-YELLOW,24335,1
4-YELLOW,24420,1
4-YELLOW,24531,1
4-YELLOW,24643,1
4-YELLOW,24648,1
4-YELLOW,24765,1
4-YELLOW,25245,1
4-YELLOW,25613,1
4-YELLOW,25889,1
4-YELLOW,25941,1
4-YELLOW,26165,1
4-YELLOW,26623,1
4-YELLOW,27054,1
4-YELLOW,27149,1
4-YELLOW,27345,1
4-YELLOW,27545,1
4-YELLOW,27854,1
4-YELLOW,27893,1
4-YELLOW,28079,1
4-YELLOW,28336,1
4-YELLOW,28353,1
4-YELLOW,28520,1
4-YELLOW,28639,1
4-YELLOW,28660,1
4-YELLOW,28710,1
4-YELLOW,29784,1
4-YELLOW,31110,1
4-YELLOW,32183,1
4-YELLOW,32898,1
4-YELLOW,33432,1
4-YELLOW,37574,1
4-YELLOW,49741,1
4-YELLOW,57080,1
