Final Priority,Response Time (sec),Count
0-PURPLE,0,8
0-PURPLE,9,1
0-PURPLE,10,1
0-PURPLE,11,1
0-PURPLE,12,1
0-PURPLE,13,1
0-PURPLE,14,2
0-PURPLE,15,2
0-PURPLE,17,2
0-PURPLE,19,1
0-PURPLE,20,2
0-PURPLE,21,1
0-PURPLE,22,1
0-PURPLE,24,1
0-PURPLE,25,2
0-PURPLE,26,1
0-PURPLE,27,2
0-PURPLE,28,1
0-PURPLE,33,1
0-PURPLE,38,3
0-PURPLE,41,2
0-PURPLE,44,1
0-PURPLE,46,1
0-PURPLE,58,2
0-PURPLE,59,1
0-PURPLE,62,1
0-PURPLE,65,1
0-PURPLE,69,1
0-PURPLE,70,1
0-PURPLE,71,1
0-PURPLE,72,1
0-PURPLE,84,1
0-PURPLE,88,1
0-PURPLE,90,1
0-PURPLE,92,1
0-PURPLE,95,1
0-PURPLE,98,1
0-PURPLE,101,1
0-PURPLE,104,1
0-PURPLE,111,1
0-PURPLE,117,1
0-PURPLE,118,1
0-PURPLE,120,2
0-PURPLE,121,1
0-PURPLE,124,3
0-PURPLE,126,1
0-PURPLE,128,2
0-PURPLE,129,1
0-PURPLE,132,1
0-PURPLE,134,1
0-PURPLE,135,2
0-PURPLE,136,1
0-PURPLE,137,2
0-PURPLE,138,1
0-PURPLE,141,3
0-PURPLE,142,6
0-PURPLE,143,3
0-PURPLE,145,2
0-PURPLE,147,2
0-PURPLE,148,1
0-PURPLE,149,1
0-PURPLE,150,1
0-PURPLE,151,1
0-PURPLE,152,2
0-PURPLE,153,1
0-PURPLE,154,1
0-PURPLE,156,2
0-PURPLE,158,2
0-PURPLE,159,2
0-PURPLE,161,2
0-PURPLE,162,2
0-PURPLE,163,1
0-PURPLE,164,3
0-PURPLE,165,3
0-PURPLE,166,4
0-PURPLE,167,5
0-PURPLE,168,1
0-PURPLE,169,1
0-PURPLE,170,1
0-PURPLE,171,3
0-PURPLE,174,3
0-PURPLE,175,3
0-PURPLE,176,2
0-PURPLE,177,2
0-PURPLE,178,3
0-PURPLE,179,5
0-PURPLE,180,4
0-PURPLE,181,2
0-PURPLE,182,3
0-PURPLE,183,2
0-PURPLE,184,4
0-PURPLE,185,4
0-PURPLE,186,4
0-PURPLE,187,1
0-PURPLE,188,3
0-PURPLE,189,5
0-PURPLE,190,3
0-PURPLE,191,4
0-PURPLE,192,1
0-PURPLE,193,7
0-PURPLE,194,2
0-PURPLE,195,3
0-PURPLE,196,4
0-PURPLE,197,4
0-PURPLE,198,3
0-PURPLE,199,4
0-PURPLE,200,1
0-PURPLE,201,4
0-PURPLE,202,5
0-PURPLE,203,3
0-PURPLE,204,5
0-PURPLE,205,5
0-PURPLE,206,3
0-PURPLE,207,4
0-PURPLE,208,4
0-PURPLE,209,4
0-PURPLE,210,7
0-PURPLE,211,5
0-PURPLE,212,7
0-PURPLE,213,10
0-PURPLE,214,7
0-PURPLE,215,3
0-PURPLE,216,5
0-PURPLE,217,1
0-PURPLE,218,5
0-PURPLE,219,5
0-PURPLE,220,5
0-PURPLE,221,5
0-PURPLE,222,3
0-PURPLE,223,7
0-PURPLE,224,12
0-PURPLE,225,4
0-PURPLE,226,8
0-PURPLE,227,8
0-PURPLE,228,5
0-PURPLE,229,6
0-PURPLE,230,5
0-PURPLE,231,9
0-PURPLE,232,8
0-PURPLE,233,7
0-PURPLE,234,11
0-PURPLE,235,6
0-PURPLE,236,10
0-PURPLE,237,9
0-PURPLE,238,8
0-PURPLE,239,7
0-PURPLE,240,6
0-PURPLE,241,8
0-PURPLE,242,9
0-PURPLE,243,5
0-PURPLE,244,7
0-PURPLE,245,11
0-PURPLE,246,7
0-PURPLE,247,9
0-PURPLE,248,11
0-PURPLE,249,13
0-PURPLE,250,10
0-PURPLE,251,7
0-PURPLE,252,12
0-PURPLE,253,11
0-PURPLE,254,21
0-PURPLE,255,19
0-PURPLE,256,9
0-PURPLE,257,14
0-PURPLE,258,8
0-PURPLE,259,9
0-PURPLE,260,9
0-PURPLE,261,16
0-PURPLE,262,11
0-PURPLE,263,12
0-PURPLE,264,12
0-PURPLE,265,12
0-PURPLE,266,15
0-PURPLE,267,9
0-PURPLE,268,11
0-PURPLE,269,10
0-PURPLE,270,9
0-PURPLE,271,8
0-PURPLE,272,10
0-PURPLE,273,8
0-PURPLE,274,12
0-PURPLE,275,13
0-PURPLE,276,5
0-PURPLE,277,10
0-PURPLE,278,8
0-PURPLE,279,11
0-PURPLE,280,11
0-PURPLE,281,12
0-PURPLE,282,12
0-PURPLE,283,15
0-PURPLE,284,13
0-PURPLE,285,9
0-PURPLE,286,9
0-PURPLE,287,13
0-PURPLE,288,14
0-PURPLE,289,11
0-PURPLE,290,10
0-PURPLE,291,19
0-PURPLE,292,16
0-PURPLE,293,15
0-PURPLE,294,8
0-PURPLE,295,15
0-PURPLE,296,14
0-PURPLE,297,15
0-PURPLE,298,9
0-PURPLE,299,28
0-PURPLE,300,9
0-PURPLE,301,15
0-PURPLE,302,15
0-PURPLE,303,14
0-PURPLE,304,17
0-PURPLE,305,18
0-PURPLE,306,15
0-PURPLE,307,12
0-PURPLE,308,13
0-PURPLE,309,20
0-PURPLE,310,15
0-PURPLE,311,17
0-PURPLE,312,20
0-PURPLE,313,14
0-PURPLE,314,13
0-PURPLE,315,20
0-PURPLE,316,17
0-PURPLE,317,22
0-PURPLE,318,15
0-PURPLE,319,19
0-PURPLE,320,15
0-PURPLE,321,3
0-PURPLE,322,24
0-PURPLE,323,14
0-PURPLE,324,19
0-PURPLE,325,17
0-PURPLE,326,15
0-PURPLE,327,16
0-PURPLE,328,18
0-PURPLE,329,24
0-PURPLE,330,14
0-PURPLE,331,12
0-PURPLE,332,21
0-PURPLE,333,18
0-PURPLE,334,15
0-PURPLE,335,12
0-PURPLE,336,22
0-PURPLE,337,14
0-PURPLE,338,21
0-PURPLE,339,11
0-PURPLE,340,19
0-PURPLE,341,23
0-PURPLE,342,7
0-PURPLE,343,17
0-PURPLE,344,20
0-PURPLE,345,25
0-PURPLE,346,19
0-PURPLE,347,22
0-PURPLE,348,19
0-PURPLE,349,22
0-PURPLE,350,16
0-PURPLE,351,18
0-PURPLE,352,21
0-PURPLE,353,17
0-PURPLE,354,24
0-PURPLE,355,19
0-PURPLE,356,22
0-PURPLE,357,17
0-PURPLE,358,15
0-PURPLE,359,16
0-PURPLE,360,23
0-PURPLE,361,15
0-PURPLE,362,19
0-PURPLE,363,11
0-PURPLE,364,19
0-PURPLE,365,17
0-PURPLE,366,20
0-PURPLE,367,22
0-PURPLE,368,16
0-PURPLE,369,18
0-PURPLE,370,33
0-PURPLE,371,19
0-PURPLE,372,9
0-PURPLE,373,26
0-PURPLE,374,15
0-PURPLE,375,19
0-PURPLE,376,22
0-PURPLE,377,24
0-PURPLE,378,19
0-PURPLE,379,23
0-PURPLE,380,18
0-PURPLE,381,12
0-PURPLE,382,18
0-PURPLE,383,17
0-PURPLE,384,18
0-PURPLE,385,24
0-PURPLE,386,23
0-PURPLE,387,23
0-PURPLE,388,15
0-PURPLE,389,17
0-PURPLE,390,21
0-PURPLE,391,21
0-PURPLE,392,20
0-PURPLE,393,17
0-PURPLE,394,20
0-PURPLE,395,23
0-PURPLE,396,18
0-PURPLE,397,16
0-PURPLE,398,16
0-PURPLE,399,27
0-PURPLE,400,24
0-PURPLE,401,11
0-PURPLE,402,21
0-PURPLE,403,10
0-PURPLE,404,19
0-PURPLE,405,14
0-PURPLE,406,26
0-PURPLE,407,20
0-PURPLE,408,17
0-PURPLE,409,15
0-PURPLE,410,23
0-PURPLE,411,25
0-PURPLE,412,18
0-PURPLE,413,16
0-PURPLE,414,16
0-PURPLE,415,21
0-PURPLE,416,9
0-PURPLE,417,18
0-PURPLE,418,18
0-PURPLE,419,23
0-PURPLE,420,12
0-PURPLE,421,19
0-PURPLE,422,23
0-PURPLE,423,10
0-PURPLE,424,19
0-PURPLE,425,18
0-PURPLE,426,25
0-PURPLE,427,21
0-PURPLE,428,17
0-PURPLE,429,20
0-PURPLE,430,17
0-PURPLE,431,21
0-PURPLE,432,22
0-PURPLE,433,31
0-PURPLE,434,24
0-PURPLE,435,18
0-PURPLE,436,27
0-PURPLE,437,28
0-PURPLE,438,18
0-PURPLE,439,12
0-PURPLE,440,24
0-PURPLE,441,22
0-PURPLE,442,24
0-PURPLE,443,21
0-PURPLE,444,21
0-PURPLE,445,22
0-PURPLE,446,16
0-PURPLE,447,18
0-PURPLE,448,21
0-PURPLE,449,19
0-PURPLE,450,18
0-PURPLE,451,17
0-PURPLE,452,18
0-PURPLE,453,18
0-PURPLE,454,23
0-PURPLE,455,14
0-PURPLE,456,23
0-PURPLE,457,16
0-PURPLE,458,18
0-PURPLE,459,25
0-PURPLE,460,18
0-PURPLE,461,20
0-PURPLE,462,17
0-PURPLE,463,21
0-PURPLE,464,26
0-PURPLE,465,9
0-PURPLE,466,28
0-PURPLE,467,20
0-PURPLE,468,18
0-PURPLE,469,25
0-PURPLE,470,15
0-PURPLE,471,16
0-PURPLE,472,9
0-PURPLE,473,17
0-PURPLE,474,14
0-PURPLE,475,14
0-PURPLE,476,15
0-PURPLE,477,23
0-PURPLE,478,21
0-PURPLE,479,14
0-PURPLE,480,20
0-PURPLE,481,21
0-PURPLE,482,12
0-PURPLE,483,13
0-PURPLE,484,18
0-PURPLE,485,15
0-PURPLE,486,14
0-PURPLE,487,22
0-PURPLE,488,12
0-PURPLE,489,18
0-PURPLE,490,16
0-PURPLE,491,16
0-PURPLE,492,13
0-PURPLE,493,13
0-PURPLE,494,20
0-PURPLE,495,15
0-PURPLE,496,18
0-PURPLE,497,7
0-PURPLE,498,13
0-PURPLE,499,21
0-PURPLE,500,26
0-PURPLE,501,21
0-PURPLE,502,16
0-PURPLE,503,14
0-PURPLE,504,8
0-PURPLE,505,15
0-PURPLE,506,22
0-PURPLE,507,19
0-PURPLE,508,12
0-PURPLE,509,17
0-PURPLE,510,18
0-PURPLE,511,20
0-PURPLE,512,21
0-PURPLE,513,16
0-PURPLE,514,21
0-PURPLE,515,14
0-PURPLE,516,10
0-PURPLE,517,24
0-PURPLE,518,20
0-PURPLE,519,10
0-PURPLE,520,16
0-PURPLE,521,16
0-PURPLE,522,17
0-PURPLE,523,18
0-PURPLE,524,8
0-PURPLE,525,11
0-PURPLE,526,20
0-PURPLE,527,18
0-PURPLE,528,12
0-PURPLE,529,9
0-PURPLE,530,12
0-PURPLE,531,23
0-PURPLE,532,20
0-PURPLE,533,17
0-PURPLE,534,14
0-PURPLE,535,12
0-PURPLE,536,28
0-PURPLE,537,11
0-PURPLE,538,16
0-PURPLE,539,13
0-PURPLE,540,10
0-PURPLE,541,6
0-PURPLE,542,18
0-PURPLE,543,18
0-PURPLE,544,18
0-PURPLE,545,20
0-PURPLE,546,12
0-PURPLE,547,22
0-PURPLE,548,12
0-PURPLE,549,18
0-PURPLE,550,9
0-PURPLE,551,13
0-PURPLE,552,8
0-PURPLE,553,9
0-PURPLE,554,12
0-PURPLE,555,11
0-PURPLE,556,15
0-PURPLE,557,8
0-PURPLE,558,12
0-PURPLE,559,15
0-PURPLE,560,14
0-PURPLE,561,10
0-PURPLE,562,11
0-PURPLE,563,13
0-PURPLE,564,14
0-PURPLE,565,15
0-PURPLE,566,10
0-PURPLE,567,8
0-PURPLE,568,10
0-PURPLE,569,15
0-PURPLE,570,10
0-PURPLE,571,15
0-PURPLE,572,11
0-PURPLE,573,9
0-PURPLE,574,11
0-PURPLE,575,12
0-PURPLE,576,15
0-PURPLE,577,16
0-PURPLE,578,12
0-PURPLE,579,13
0-PURPLE,580,9
0-PURPLE,581,13
0-PURPLE,582,8
0-PURPLE,583,11
0-PURPLE,584,11
0-PURPLE,585,10
0-PURPLE,586,10
0-PURPLE,587,6
0-PURPLE,588,12
0-PURPLE,589,10
0-PURPLE,590,9
0-PURPLE,591,14
0-PURPLE,592,10
0-PURPLE,593,7
0-PURPLE,594,9
0-PURPLE,595,16
0-PURPLE,596,6
0-PURPLE,597,10
0-PURPLE,598,14
0-PURPLE,599,11
0-PURPLE,600,11
0-PURPLE,601,12
0-PURPLE,602,10
0-PURPLE,603,5
0-PURPLE,604,14
0-PURPLE,605,4
0-PURPLE,606,12
0-PURPLE,607,11
0-PURPLE,609,9
0-PURPLE,610,12
0-PURPLE,611,9
0-PURPLE,612,6
0-PURPLE,613,8
0-PURPLE,614,11
0-PURPLE,615,6
0-PURPLE,616,9
0-PURPLE,617,11
0-PURPLE,618,10
0-PURPLE,619,9
0-PURPLE,620,9
0-PURPLE,621,8
0-PURPLE,622,10
0-PURPLE,623,7
0-PURPLE,624,10
0-PURPLE,625,10
0-PURPLE,626,12
0-PURPLE,627,6
0-PURPLE,628,14
0-PURPLE,629,6
0-PURPLE,630,4
0-PURPLE,631,9
0-PURPLE,632,7
0-PURPLE,633,7
0-PURPLE,634,4
0-PURPLE,635,7
0-PURPLE,636,6
0-PURPLE,637,8
0-PURPLE,638,10
0-PURPLE,639,6
0-PURPLE,640,5
0-PURPLE,641,10
0-PURPLE,642,7
0-PURPLE,643,10
0-PURPLE,644,4
0-PURPLE,645,7
0-PURPLE,646,4
0-PURPLE,647,7
0-PURPLE,648,12
0-PURPLE,649,8
0-PURPLE,650,10
0-PURPLE,651,9
0-PURPLE,652,9
0-PURPLE,653,12
0-PURPLE,654,2
0-PURPLE,655,9
0-PURPLE,656,6
0-PURPLE,657,3
0-PURPLE,658,7
0-PURPLE,659,10
0-PURPLE,660,9
0-PURPLE,661,7
0-PURPLE,662,7
0-PURPLE,663,4
0-PURPLE,664,6
0-PURPLE,665,5
0-PURPLE,666,11
0-PURPLE,667,10
0-PURPLE,668,7
0-PURPLE,669,7
0-PURPLE,670,6
0-PURPLE,671,6
0-PURPLE,672,7
0-PURPLE,673,6
0-PURPLE,674,2
0-PURPLE,675,6
0-PURPLE,676,10
0-PURPLE,677,2
0-PURPLE,678,13
0-PURPLE,679,11
0-PURPLE,680,2
0-PURPLE,681,7
0-PURPLE,682,5
0-PURPLE,683,1
0-PURPLE,684,6
0-PURPLE,685,11
0-PURPLE,686,5
0-PURPLE,687,9
0-PURPLE,688,8
0-PURPLE,689,6
0-PURPLE,690,7
0-PURPLE,691,2
0-PURPLE,692,3
0-PURPLE,694,5
0-PURPLE,695,8
0-PURPLE,696,4
0-PURPLE,697,7
0-PURPLE,698,7
0-PURPLE,699,6
0-PURPLE,700,3
0-PURPLE,701,6
0-PURPLE,702,3
0-PURPLE,703,4
0-PURPLE,704,3
0-PURPLE,705,5
0-PURPLE,706,5
0-PURPLE,707,7
0-PURPLE,708,4
0-PURPLE,709,4
0-PURPLE,710,2
0-PURPLE,711,6
0-PURPLE,712,6
0-PURPLE,713,5
0-PURPLE,714,1
0-PURPLE,715,10
0-PURPLE,716,3
0-PURPLE,717,3
0-PURPLE,718,5
0-PURPLE,719,3
0-PURPLE,720,5
0-PURPLE,721,5
0-PURPLE,722,2
0-PURPLE,723,1
0-PURPLE,724,4
0-PURPLE,725,9
0-PURPLE,726,6
0-PURPLE,727,2
0-PURPLE,728,3
0-PURPLE,729,7
0-PURPLE,730,5
0-PURPLE,731,6
0-PURPLE,732,3
0-PURPLE,733,5
0-PURPLE,734,1
0-PURPLE,735,5
0-PURPLE,736,4
0-PURPLE,737,6
0-PURPLE,738,4
0-PURPLE,739,2
0-PURPLE,740,5
0-PURPLE,741,3
0-PURPLE,742,2
0-PURPLE,743,5
0-PURPLE,744,4
0-PURPLE,745,10
0-PURPLE,746,5
0-PURPLE,747,3
0-PURPLE,748,3
0-PURPLE,749,4
0-PURPLE,750,3
0-PURPLE,751,2
0-PURPLE,753,2
0-PURPLE,754,5
0-PURPLE,755,2
0-PURPLE,756,2
0-PURPLE,757,6
0-PURPLE,758,6
0-PURPLE,759,1
0-PURPLE,760,2
0-PURPLE,761,3
0-PURPLE,762,5
0-PURPLE,763,1
0-PURPLE,764,1
0-PURPLE,765,5
0-PURPLE,766,5
0-PURPLE,767,3
0-PURPLE,768,2
0-PURPLE,769,3
0-PURPLE,770,5
0-PURPLE,771,4
0-PURPLE,772,2
0-PURPLE,773,1
0-PURPLE,774,6
0-PURPLE,775,5
0-PURPLE,776,6
0-PURPLE,777,2
0-PURPLE,778,4
0-PURPLE,779,3
0-PURPLE,780,2
0-PURPLE,781,3
0-PURPLE,782,3
0-PURPLE,783,3
0-PURPLE,784,5
0-PURPLE,785,3
0-PURPLE,786,6
0-PURPLE,788,5
0-PURPLE,789,4
0-PURPLE,790,3
0-PURPLE,791,3
0-PURPLE,793,1
0-PURPLE,794,2
0-PURPLE,795,1
0-PURPLE,796,6
0-PURPLE,797,2
0-PURPLE,798,4
0-PURPLE,801,4
0-PURPLE,802,6
0-PURPLE,803,1
0-PURPLE,804,6
0-PURPLE,805,2
0-PURPLE,806,3
0-PURPLE,807,3
0-PURPLE,808,3
0-PURPLE,809,4
0-PURPLE,810,1
0-PURPLE,811,4
0-PURPLE,812,4
0-PURPLE,813,2
0-PURPLE,814,2
0-PURPLE,815,5
0-PURPLE,817,1
0-PURPLE,818,3
0-PURPLE,819,2
0-PURPLE,820,4
0-PURPLE,821,2
0-PURPLE,822,2
0-PURPLE,823,3
0-PURPLE,824,3
0-PURPLE,826,3
0-PURPLE,827,1
0-PURPLE,828,3
0-PURPLE,829,3
0-PURPLE,830,4
0-PURPLE,831,2
0-PURPLE,832,3
0-PURPLE,833,3
0-PURPLE,834,2
0-PURPLE,835,2
0-PURPLE,836,3
0-PURPLE,837,4
0-PURPLE,838,4
0-PURPLE,839,3
0-PURPLE,840,2
0-PURPLE,841,2
0-PURPLE,842,1
0-PURPLE,843,2
0-PURPLE,844,4
0-PURPLE,845,1
0-PURPLE,846,6
0-PURPLE,847,1
0-PURPLE,848,3
0-PURPLE,849,1
0-PURPLE,850,2
0-PURPLE,851,1
0-PURPLE,852,2
0-PURPLE,853,6
0-PURPLE,854,3
0-PURPLE,855,2
0-PURPLE,856,5
0-PURPLE,857,2
0-PURPLE,858,1
0-PURPLE,860,2
0-PURPLE,863,3
0-PURPLE,865,3
0-PURPLE,866,4
0-PURPLE,867,2
0-PURPLE,869,1
0-PURPLE,870,2
0-PURPLE,871,3
0-PURPLE,872,2
0-PURPLE,873,5
0-PURPLE,874,5
0-PURPLE,875,1
0-PURPLE,876,1
0-PURPLE,877,2
0-PURPLE,878,1
0-PURPLE,879,1
0-PURPLE,880,2
0-PURPLE,882,2
0-PURPLE,883,1
0-PURPLE,884,1
0-PURPLE,885,1
0-PURPLE,886,2
0-PURPLE,887,4
0-PURPLE,889,1
0-PURPLE,890,3
0-PURPLE,891,1
0-PURPLE,892,4
0-PURPLE,893,4
0-PURPLE,894,4
0-PURPLE,895,1
0-PURPLE,896,1
0-PURPLE,897,3
0-PURPLE,898,2
0-PURPLE,899,3
0-PURPLE,900,1
0-PURPLE,901,2
0-PURPLE,902,1
0-PURPLE,903,2
0-PURPLE,904,1
0-PURPLE,905,1
0-PURPLE,906,3
0-PURPLE,908,1
0-PURPLE,910,1
0-PURPLE,914,2
0-PURPLE,915,2
0-PURPLE,916,1
0-PURPLE,918,5
0-PURPLE,919,3
0-PURPLE,920,3
0-PURPLE,922,4
0-PURPLE,923,2
0-PURPLE,924,2
0-PURPLE,927,1
0-PURPLE,929,1
0-PURPLE,930,2
0-PURPLE,932,1
0-PURPLE,934,1
0-PURPLE,935,1
0-PURPLE,936,1
0-PURPLE,937,4
0-PURPLE,938,2
0-PURPLE,939,1
0-PURPLE,940,1
0-PURPLE,941,1
0-PURPLE,943,2
0-PURPLE,944,2
0-PURPLE,945,1
0-PURPLE,946,1
0-PURPLE,947,4
0-PURPLE,948,4
0-PURPLE,949,2
0-PURPLE,950,2
0-PURPLE,951,1
0-PURPLE,952,1
0-PURPLE,954,3
0-PURPLE,956,1
0-PURPLE,957,2
0-PURPLE,958,2
0-PURPLE,959,1
0-PURPLE,960,2
0-PURPLE,961,1
0-PURPLE,962,1
0-PURPLE,965,2
0-PURPLE,967,1
0-PURPLE,968,2
0-PURPLE,969,2
0-PURPLE,970,2
0-PURPLE,971,1
0-PURPLE,972,2
0-PURPLE,973,1
0-PURPLE,974,1
0-PURPLE,976,1
0-PURPLE,977,2
0-PURPLE,979,3
0-PURPLE,980,3
0-PURPLE,984,2
0-PURPLE,986,1
0-PURPLE,988,1
0-PURPLE,990,2
0-PURPLE,992,1
0-PURPLE,993,2
0-PURPLE,994,2
0-PURPLE,995,2
0-PURPLE,998,3
0-PURPLE,999,1
0-PURPLE,1000,1
0-PURPLE,1001,1
0-PURPLE,1002,2
0-PURPLE,1003,1
0-PURPLE,1004,1
0-PURPLE,1005,1
0-PURPLE,1006,2
0-PURPLE,1007,2
0-PURPLE,1008,1
0-PURPLE,1011,1
0-PURPLE,1012,1
0-PURPLE,1013,1
0-PURPLE,1015,1
0-PURPLE,1016,3
0-PURPLE,1018,1
0-PURPLE,1019,1
0-PURPLE,1023,1
0-PURPLE,1024,1
0-PURPLE,1025,1
0-PURPLE,1026,3
0-PURPLE,1027,2
0-PURPLE,1028,3
0-PURPLE,1031,3
0-PURPLE,1033,1
0-PURPLE,1034,1
0-PURPLE,1037,2
0-PURPLE,1038,1
0-PURPLE,1041,1
0-PURPLE,1043,2
0-PURPLE,1045,1
0-PURPLE,1047,1
0-PURPLE,1049,1
0-PURPLE,1053,1
0-PURPLE,1054,2
0-PURPLE,1056,3
0-PURPLE,1059,1
0-PURPLE,1060,2
0-PURPLE,1062,1
0-PURPLE,1064,2
0-PURPLE,1065,3
0-PURPLE,1066,1
0-PURPLE,1067,1
0-PURPLE,1068,1
0-PURPLE,1071,3
0-PURPLE,1072,1
0-PURPLE,1073,1
0-PURPLE,1074,2
0-PURPLE,1075,1
0-PURPLE,1078,4
0-PURPLE,1080,1
0-PURPLE,1085,1
0-PURPLE,1087,3
0-PURPLE,1089,1
0-PURPLE,1090,2
0-PURPLE,1091,3
0-PURPLE,1092,1
0-PURPLE,1093,4
0-PURPLE,1095,1
0-PURPLE,1096,1
0-PURPLE,1098,3
0-PURPLE,1099,2
0-PURPLE,1100,3
0-PURPLE,1102,2
0-PURPLE,1103,1
0-PURPLE,1106,1
0-PURPLE,1107,1
0-PURPLE,1109,2
0-PURPLE,1110,1
0-PURPLE,1111,2
0-PURPLE,1112,1
0-PURPLE,1113,2
0-PURPLE,1114,4
0-PURPLE,1116,1
0-PURPLE,1117,2
0-PURPLE,1119,1
0-PURPLE,1121,1
0-PURPLE,1122,1
0-PURPLE,1123,1
0-PURPLE,1124,4
0-PURPLE,1130,2
0-PURPLE,1131,1
0-PURPLE,1132,1
0-PURPLE,1133,1
0-PURPLE,1135,2
0-PURPLE,1136,2
0-PURPLE,1139,2
0-PURPLE,1142,1
0-PURPLE,1144,1
0-PURPLE,1145,3
0-PURPLE,1146,1
0-PURPLE,1150,1
0-PURPLE,1151,1
0-PURPLE,1152,1
0-PURPLE,1153,1
0-PURPLE,1156,3
0-PURPLE,1158,2
0-PURPLE,1168,3
0-PURPLE,1169,1
0-PURPLE,1170,3
0-PURPLE,1171,1
0-PURPLE,1172,4
0-PURPLE,1174,2
0-PURPLE,1176,1
0-PURPLE,1177,1
0-PURPLE,1179,2
0-PURPLE,1180,4
0-PURPLE,1182,1
0-PURPLE,1187,2
0-PURPLE,1190,1
0-PURPLE,1191,1
0-PURPLE,1192,1
0-PURPLE,1193,1
0-PURPLE,1196,1
0-PURPLE,1197,1
0-PURPLE,1198,1
0-PURPLE,1199,2
0-PURPLE,1200,1
0-PURPLE,1204,2
0-PURPLE,1205,1
0-PURPLE,1208,1
0-PURPLE,1210,1
0-PURPLE,1212,1
0-PURPLE,1217,1
0-PURPLE,1218,1
0-PURPLE,1221,1
0-PURPLE,1222,1
0-PURPLE,1223,1
0-PURPLE,1226,2
0-PURPLE,1227,1
0-PURPLE,1228,1
0-PURPLE,1229,1
0-PURPLE,1231,1
0-PURPLE,1233,1
0-PURPLE,1234,1
0-PURPLE,1235,1
0-PURPLE,1240,1
0-PURPLE,1241,2
0-PURPLE,1244,2
0-PURPLE,1245,3
0-PURPLE,1251,1
0-PURPLE,1252,1
0-PURPLE,1253,1
0-PURPLE,1254,2
0-PURPLE,1255,2
0-PURPLE,1256,1
0-PURPLE,1257,1
0-PURPLE,1259,1
0-PURPLE,1260,1
0-PURPLE,1262,3
0-PURPLE,1265,2
0-PURPLE,1267,2
0-PURPLE,1269,1
0-PURPLE,1270,1
0-PURPLE,1271,1
0-PURPLE,1275,1
0-PURPLE,1276,2
0-PURPLE,1278,1
0-PURPLE,1279,1
0-PURPLE,1280,1
0-PURPLE,1283,1
0-PURPLE,1285,3
0-PURPLE,1289,1
0-PURPLE,1291,1
0-PURPLE,1292,1
0-PURPLE,1296,1
0-PURPLE,1297,1
0-PURPLE,1298,1
0-PURPLE,1300,1
0-PURPLE,1303,1
0-PURPLE,1304,1
0-PURPLE,1307,1
0-PURPLE,1308,2
0-PURPLE,1311,1
0-PURPLE,1313,2
0-PURPLE,1315,1
0-PURPLE,1318,1
0-PURPLE,1320,1
0-PURPLE,1321,1
0-PURPLE,1322,1
0-PURPLE,1325,2
0-PURPLE,1327,2
0-PURPLE,1332,2
0-PURPLE,1333,1
0-PURPLE,1336,1
0-PURPLE,1339,2
0-PURPLE,1340,1
0-PURPLE,1341,1
0-PURPLE,1342,1
0-PURPLE,1343,1
0-PURPLE,1347,2
0-PURPLE,1348,1
0-PURPLE,1349,1
0-PURPLE,1351,1
0-PURPLE,1353,1
0-PURPLE,1354,1
0-PURPLE,1355,1
0-PURPLE,1358,1
0-PURPLE,1359,1
0-PURPLE,1361,1
0-PURPLE,1364,1
0-PURPLE,1370,1
0-PURPLE,1371,1
0-PURPLE,1374,1
0-PURPLE,1380,1
0-PURPLE,1383,1
0-PURPLE,1384,1
0-PURPLE,1385,1
0-PURPLE,1388,2
0-PURPLE,1390,2
0-PURPLE,1391,1
0-PURPLE,1393,1
0-PURPLE,1395,1
0-PURPLE,1399,1
0-PURPLE,1401,3
0-PURPLE,1404,2
0-PURPLE,1405,1
0-PURPLE,1406,1
0-PURPLE,1407,1
0-PURPLE,1409,1
0-PURPLE,1410,1
0-PURPLE,1411,2
0-PURPLE,1412,1
0-PURPLE,1413,1
0-PURPLE,1415,1
0-PURPLE,1417,1
0-PURPLE,1418,1
0-PURPLE,1421,1
0-PURPLE,1425,2
0-PURPLE,1430,1
0-PURPLE,1435,1
0-PURPLE,1437,1
0-PURPLE,1439,1
0-PURPLE,1443,1
0-PURPLE,1450,2
0-PURPLE,1451,1
0-PURPLE,1458,1
0-PURPLE,1460,1
0-PURPLE,1464,1
0-PURPLE,1467,1
0-PURPLE,1471,1
0-PURPLE,1472,1
0-PURPLE,1477,1
0-PURPLE,1479,1
0-PURPLE,1482,1
0-PURPLE,1485,1
0-PURPLE,1486,1
0-PURPLE,1488,1
0-PURPLE,1489,1
0-PURPLE,1492,1
0-PURPLE,1493,2
0-PURPLE,1494,1
0-PURPLE,1496,2
0-PURPLE,1498,1
0-PURPLE,1503,1
0-PURPLE,1506,1
0-PURPLE,1507,1
0-PURPLE,1510,1
0-PURPLE,1511,1
0-PURPLE,1516,1
0-PURPLE,1521,1
0-PURPLE,1522,1
0-PURPLE,1524,1
0-PURPLE,1530,1
0-PURPLE,1540,2
0-PURPLE,1545,1
0-PURPLE,1546,2
0-PURPLE,1555,1
0-PURPLE,1559,1
0-PURPLE,1560,1
0-PURPLE,1564,1
0-PURPLE,1567,1
0-PURPLE,1571,1
0-PURPLE,1575,1
0-PURPLE,1578,1
0-PURPLE,1589,1
0-PURPLE,1590,1
0-PURPLE,1591,1
0-PURPLE,1592,1
0-PURPLE,1594,1
0-PURPLE,1601,1
0-PURPLE,1604,1
0-PURPLE,1605,1
0-PURPLE,1606,3
0-PURPLE,1608,1
0-PURPLE,1609,1
0-PURPLE,1611,1
0-PURPLE,1617,1
0-PURPLE,1618,1
0-PURPLE,1620,1
0-PURPLE,1622,1
0-PURPLE,1625,1
0-PURPLE,1636,1
0-PURPLE,1638,1
0-PURPLE,1649,1
0-PURPLE,1653,1
0-PURPLE,1654,1
0-PURPLE,1661,1
0-PURPLE,1664,1
0-PURPLE,1671,2
0-PURPLE,1679,1
0-PURPLE,1684,1
0-PURPLE,1686,1
0-PURPLE,1688,1
0-PURPLE,1694,1
0-PURPLE,1698,1
0-PURPLE,1702,1
0-PURPLE,1706,1
0-PURPLE,1720,1
0-PURPLE,1726,1
0-PURPLE,1730,1
0-PURPLE,1747,2
0-PURPLE,1749,1
0-PURPLE,1750,1
0-PURPLE,1751,1
0-PURPLE,1753,1
0-PURPLE,1781,1
0-PURPLE,1783,1
0-PURPLE,1784,1
0-PURPLE,1788,1
0-PURPLE,1801,1
0-PURPLE,1806,1
0-PURPLE,1829,1
0-PURPLE,1835,2
0-PURPLE,1837,2
0-PURPLE,1838,2
0-PURPLE,1842,1
0-PURPLE,1844,1
0-PURPLE,1851,1
0-PURPLE,1855,1
0-PURPLE,1861,1
0-PURPLE,1863,1
0-PURPLE,1874,1
0-PURPLE,1875,1
0-PURPLE,1882,1
0-PURPLE,1883,1
0-PURPLE,1912,1
0-PURPLE,1918,1
0-PURPLE,1934,2
0-PURPLE,1935,1
0-PURPLE,1950,1
0-PURPLE,1962,1
0-PURPLE,1964,2
0-PURPLE,1967,1
0-PURPLE,1972,1
0-PURPLE,1973,1
0-PURPLE,1991,1
0-PURPLE,2010,1
0-PURPLE,2021,1
0-PURPLE,2022,1
0-PURPLE,2050,1
0-PURPLE,2073,1
0-PURPLE,2076,1
0-PURPLE,2089,1
0-PURPLE,2091,1
0-PURPLE,2097,1
0-PURPLE,2108,1
0-PURPLE,2111,2
0-PURPLE,2151,1
0-PURPLE,2170,1
0-PURPLE,2179,1
0-PURPLE,2210,1
0-PURPLE,2228,1
0-PURPLE,2229,1
0-PURPLE,2257,1
0-PURPLE,2265,1
0-PURPLE,2277,1
0-PURPLE,2288,1
0-PURPLE,2319,1
0-PURPLE,2323,1
0-PURPLE,2339,1
0-PURPLE,2363,1
0-PURPLE,2387,1
0-PURPLE,2393,1
0-PURPLE,2413,1
0-PURPLE,2452,1
0-PURPLE,2473,1
0-PURPLE,2474,1
0-PURPLE,2486,1
0-PURPLE,2487,1
0-PURPLE,2492,1
0-PURPLE,2522,1
0-PURPLE,2546,1
0-PURPLE,2597,1
0-PURPLE,2602,1
0-PURPLE,2636,1
0-PURPLE,2679,1
0-PURPLE,2710,1
0-PURPLE,2757,1
0-PURPLE,2778,1
0-PURPLE,2785,1
0-PURPLE,2810,1
0-PURPLE,2846,1
0-PURPLE,2906,1
0-PURPLE,2963,1
0-PURPLE,2990,1
0-PURPLE,3034,1
0-PURPLE,3076,1
0-PURPLE,3141,1
0-PURPLE,3164,1
0-PURPLE,3201,1
0-PURPLE,3212,1
0-PURPLE,3264,1
0-PURPLE,3266,1
0-PURPLE,3306,1
0-PURPLE,3349,1
0-PURPLE,3429,1
0-PURPLE,3432,1
0-PURPLE,3451,1
0-PURPLE,3496,1
0-PURPLE,3575,1
0-PURPLE,3633,1
0-PURPLE,4065,1
0-PURPLE,4289,1
0-PURPLE,4413,1
0-PURPLE,4580,1
0-PURPLE,4756,1
0-PURPLE,4869,1
0-PURPLE,4940,1
0-PURPLE,4970,1
0-PURPLE,5390,1
0-PURPLE,5621,1
0-PURPLE,5919,1
1-RED (COMBINED),0,110
1-RED (COMBINED),6,3
1-RED (COMBINED),8,2
1-RED (COMBINED),9,9
1-RED (COMBINED),10,8
1-RED (COMBINED),11,11
1-RED (COMBINED),12,7
1-RED (COMBINED),13,7
1-RED (COMBINED),14,8
1-RED (COMBINED),15,6
1-RED (COMBINED),16,10
1-RED (COMBINED),17,7
1-RED (COMBINED),18,7
1-RED (COMBINED),19,5
1-RED (COMBINED),20,3
1-RED (COMBINED),21,3
1-RED (COMBINED),22,1
1-RED (COMBINED),23,2
1-RED (COMBINED),25,7
1-RED (COMBINED),26,5
1-RED (COMBINED),27,5
1-RED (COMBINED),28,3
1-RED (COMBINED),29,3
1-RED (COMBINED),31,1
1-RED (COMBINED),32,1
1-RED (COMBINED),33,1
1-RED (COMBINED),34,1
1-RED (COMBINED),35,2
1-RED (COMBINED),36,3
1-RED (COMBINED),37,5
1-RED (COMBINED),38,1
1-RED (COMBINED),39,1
1-RED (COMBINED),40,2
1-RED (COMBINED),41,3
1-RED (COMBINED),42,3
1-RED (COMBINED),43,3
1-RED (COMBINED),44,1
1-RED (COMBINED),45,1
1-RED (COMBINED),46,5
1-RED (COMBINED),47,4
1-RED (COMBINED),48,2
1-RED (COMBINED),49,3
1-RED (COMBINED),50,7
1-RED (COMBINED),52,2
1-RED (COMBINED),54,2
1-RED (COMBINED),55,4
1-RED (COMBINED),56,3
1-RED (COMBINED),57,2
1-RED (COMBINED),58,2
1-RED (COMBINED),59,1
1-RED (COMBINED),60,1
1-RED (COMBINED),61,2
1-RED (COMBINED),62,3
1-RED (COMBINED),63,1
1-RED (COMBINED),64,2
1-RED (COMBINED),65,1
1-RED (COMBINED),66,2
1-RED (COMBINED),67,3
1-RED (COMBINED),69,1
1-RED (COMBINED),70,2
1-RED (COMBINED),72,1
1-RED (COMBINED),74,1
1-RED (COMBINED),75,1
1-RED (COMBINED),76,2
1-RED (COMBINED),77,1
1-RED (COMBINED),78,2
1-RED (COMBINED),79,6
1-RED (COMBINED),80,1
1-RED (COMBINED),82,1
1-RED (COMBINED),83,2
1-RED (COMBINED),84,4
1-RED (COMBINED),85,1
1-RED (COMBINED),87,2
1-RED (COMBINED),88,3
1-RED (COMBINED),89,2
1-RED (COMBINED),90,3
1-RED (COMBINED),91,3
1-RED (COMBINED),92,3
1-RED (COMBINED),93,3
1-RED (COMBINED),94,1
1-RED (COMBINED),95,1
1-RED (COMBINED),96,1
1-RED (COMBINED),97,2
1-RED (COMBINED),98,2
1-RED (COMBINED),99,2
1-RED (COMBINED),100,2
1-RED (COMBINED),101,4
1-RED (COMBINED),102,2
1-RED (COMBINED),105,4
1-RED (COMBINED),106,4
1-RED (COMBINED),107,3
1-RED (COMBINED),108,2
1-RED (COMBINED),110,2
1-RED (COMBINED),111,2
1-RED (COMBINED),112,4
1-RED (COMBINED),114,3
1-RED (COMBINED),116,6
1-RED (COMBINED),117,6
1-RED (COMBINED),120,1
1-RED (COMBINED),122,1
1-RED (COMBINED),123,3
1-RED (COMBINED),124,3
1-RED (COMBINED),125,4
1-RED (COMBINED),126,4
1-RED (COMBINED),127,1
1-RED (COMBINED),128,2
1-RED (COMBINED),129,5
1-RED (COMBINED),131,1
1-RED (COMBINED),132,5
1-RED (COMBINED),133,1
1-RED (COMBINED),134,4
1-RED (COMBINED),135,3
1-RED (COMBINED),137,1
1-RED (COMBINED),138,3
1-RED (COMBINED),139,3
1-RED (COMBINED),140,2
1-RED (COMBINED),141,2
1-RED (COMBINED),142,2
1-RED (COMBINED),143,1
1-RED (COMBINED),144,2
1-RED (COMBINED),145,2
1-RED (COMBINED),146,1
1-RED (COMBINED),147,1
1-RED (COMBINED),148,9
1-RED (COMBINED),149,6
1-RED (COMBINED),150,4
1-RED (COMBINED),151,3
1-RED (COMBINED),152,1
1-RED (COMBINED),153,4
1-RED (COMBINED),154,3
1-RED (COMBINED),155,4
1-RED (COMBINED),156,2
1-RED (COMBINED),157,1
1-RED (COMBINED),158,5
1-RED (COMBINED),159,6
1-RED (COMBINED),160,3
1-RED (COMBINED),161,7
1-RED (COMBINED),162,2
1-RED (COMBINED),163,4
1-RED (COMBINED),164,8
1-RED (COMBINED),165,5
1-RED (COMBINED),166,7
1-RED (COMBINED),167,5
1-RED (COMBINED),168,7
1-RED (COMBINED),169,2
1-RED (COMBINED),170,6
1-RED (COMBINED),171,3
1-RED (COMBINED),172,8
1-RED (COMBINED),173,9
1-RED (COMBINED),174,9
1-RED (COMBINED),175,5
1-RED (COMBINED),176,7
1-RED (COMBINED),177,9
1-RED (COMBINED),178,12
1-RED (COMBINED),179,9
1-RED (COMBINED),180,11
1-RED (COMBINED),181,11
1-RED (COMBINED),182,13
1-RED (COMBINED),183,7
1-RED (COMBINED),184,9
1-RED (COMBINED),185,10
1-RED (COMBINED),186,7
1-RED (COMBINED),187,9
1-RED (COMBINED),188,6
1-RED (COMBINED),189,8
1-RED (COMBINED),190,4
1-RED (COMBINED),191,7
1-RED (COMBINED),192,6
1-RED (COMBINED),193,7
1-RED (COMBINED),194,9
1-RED (COMBINED),195,13
1-RED (COMBINED),196,11
1-RED (COMBINED),197,16
1-RED (COMBINED),198,10
1-RED (COMBINED),199,7
1-RED (COMBINED),200,15
1-RED (COMBINED),201,11
1-RED (COMBINED),202,9
1-RED (COMBINED),203,18
1-RED (COMBINED),204,12
1-RED (COMBINED),205,7
1-RED (COMBINED),206,13
1-RED (COMBINED),207,18
1-RED (COMBINED),208,24
1-RED (COMBINED),209,16
1-RED (COMBINED),210,16
1-RED (COMBINED),211,18
1-RED (COMBINED),212,24
1-RED (COMBINED),213,16
1-RED (COMBINED),214,21
1-RED (COMBINED),215,22
1-RED (COMBINED),216,13
1-RED (COMBINED),217,22
1-RED (COMBINED),218,31
1-RED (COMBINED),219,15
1-RED (COMBINED),220,14
1-RED (COMBINED),221,22
1-RED (COMBINED),222,22
1-RED (COMBINED),223,26
1-RED (COMBINED),224,16
1-RED (COMBINED),225,24
1-RED (COMBINED),226,20
1-RED (COMBINED),227,29
1-RED (COMBINED),228,21
1-RED (COMBINED),229,21
1-RED (COMBINED),230,21
1-RED (COMBINED),231,22
1-RED (COMBINED),232,19
1-RED (COMBINED),233,18
1-RED (COMBINED),234,32
1-RED (COMBINED),235,21
1-RED (COMBINED),236,36
1-RED (COMBINED),237,34
1-RED (COMBINED),238,29
1-RED (COMBINED),239,31
1-RED (COMBINED),240,25
1-RED (COMBINED),241,35
1-RED (COMBINED),242,35
1-RED (COMBINED),243,33
1-RED (COMBINED),244,32
1-RED (COMBINED),245,31
1-RED (COMBINED),246,28
1-RED (COMBINED),247,33
1-RED (COMBINED),248,36
1-RED (COMBINED),249,36
1-RED (COMBINED),250,37
1-RED (COMBINED),251,36
1-RED (COMBINED),252,48
1-RED (COMBINED),253,26
1-RED (COMBINED),254,36
1-RED (COMBINED),255,37
1-RED (COMBINED),256,29
1-RED (COMBINED),257,51
1-RED (COMBINED),258,45
1-RED (COMBINED),259,33
1-RED (COMBINED),260,52
1-RED (COMBINED),261,35
1-RED (COMBINED),262,47
1-RED (COMBINED),263,26
1-RED (COMBINED),264,55
1-RED (COMBINED),265,49
1-RED (COMBINED),266,40
1-RED (COMBINED),267,43
1-RED (COMBINED),268,50
1-RED (COMBINED),269,46
1-RED (COMBINED),270,39
1-RED (COMBINED),271,46
1-RED (COMBINED),272,40
1-RED (COMBINED),273,46
1-RED (COMBINED),274,62
1-RED (COMBINED),275,45
1-RED (COMBINED),276,56
1-RED (COMBINED),277,45
1-RED (COMBINED),278,56
1-RED (COMBINED),279,41
1-RED (COMBINED),280,55
1-RED (COMBINED),281,48
1-RED (COMBINED),282,50
1-RED (COMBINED),283,61
1-RED (COMBINED),284,62
1-RED (COMBINED),285,55
1-RED (COMBINED),286,56
1-RED (COMBINED),287,69
1-RED (COMBINED),288,58
1-RED (COMBINED),289,64
1-RED (COMBINED),290,60
1-RED (COMBINED),291,63
1-RED (COMBINED),292,71
1-RED (COMBINED),293,57
1-RED (COMBINED),294,65
1-RED (COMBINED),295,52
1-RED (COMBINED),296,59
1-RED (COMBINED),297,65
1-RED (COMBINED),298,79
1-RED (COMBINED),299,60
1-RED (COMBINED),300,69
1-RED (COMBINED),301,61
1-RED (COMBINED),302,59
1-RED (COMBINED),303,57
1-RED (COMBINED),304,69
1-RED (COMBINED),305,76
1-RED (COMBINED),306,63
1-RED (COMBINED),307,65
1-RED (COMBINED),308,69
1-RED (COMBINED),309,90
1-RED (COMBINED),310,78
1-RED (COMBINED),311,66
1-RED (COMBINED),312,66
1-RED (COMBINED),313,72
1-RED (COMBINED),314,91
1-RED (COMBINED),315,66
1-RED (COMBINED),316,81
1-RED (COMBINED),317,76
1-RED (COMBINED),318,76
1-RED (COMBINED),319,91
1-RED (COMBINED),320,80
1-RED (COMBINED),321,72
1-RED (COMBINED),322,79
1-RED (COMBINED),323,80
1-RED (COMBINED),324,68
1-RED (COMBINED),325,102
1-RED (COMBINED),326,79
1-RED (COMBINED),327,84
1-RED (COMBINED),328,109
1-RED (COMBINED),329,91
1-RED (COMBINED),330,78
1-RED (COMBINED),331,106
1-RED (COMBINED),332,101
1-RED (COMBINED),333,85
1-RED (COMBINED),334,86
1-RED (COMBINED),335,105
1-RED (COMBINED),336,94
1-RED (COMBINED),337,109
1-RED (COMBINED),338,105
1-RED (COMBINED),339,97
1-RED (COMBINED),340,108
1-RED (COMBINED),341,99
1-RED (COMBINED),342,101
1-RED (COMBINED),343,75
1-RED (COMBINED),344,97
1-RED (COMBINED),345,125
1-RED (COMBINED),346,125
1-RED (COMBINED),347,106
1-RED (COMBINED),348,97
1-RED (COMBINED),349,108
1-RED (COMBINED),350,119
1-RED (COMBINED),351,99
1-RED (COMBINED),352,106
1-RED (COMBINED),353,108
1-RED (COMBINED),354,102
1-RED (COMBINED),355,116
1-RED (COMBINED),356,122
1-RED (COMBINED),357,120
1-RED (COMBINED),358,127
1-RED (COMBINED),359,121
1-RED (COMBINED),360,95
1-RED (COMBINED),361,101
1-RED (COMBINED),362,132
1-RED (COMBINED),363,112
1-RED (COMBINED),364,95
1-RED (COMBINED),365,109
1-RED (COMBINED),366,114
1-RED (COMBINED),367,110
1-RED (COMBINED),368,137
1-RED (COMBINED),369,139
1-RED (COMBINED),370,110
1-RED (COMBINED),371,109
1-RED (COMBINED),372,99
1-RED (COMBINED),373,142
1-RED (COMBINED),374,130
1-RED (COMBINED),375,125
1-RED (COMBINED),376,126
1-RED (COMBINED),377,143
1-RED (COMBINED),378,146
1-RED (COMBINED),379,131
1-RED (COMBINED),380,130
1-RED (COMBINED),381,148
1-RED (COMBINED),382,108
1-RED (COMBINED),383,131
1-RED (COMBINED),384,148
1-RED (COMBINED),385,152
1-RED (COMBINED),386,150
1-RED (COMBINED),387,127
1-RED (COMBINED),388,125
1-RED (COMBINED),389,150
1-RED (COMBINED),390,154
1-RED (COMBINED),391,138
1-RED (COMBINED),392,156
1-RED (COMBINED),393,143
1-RED (COMBINED),394,127
1-RED (COMBINED),395,119
1-RED (COMBINED),396,129
1-RED (COMBINED),397,154
1-RED (COMBINED),398,142
1-RED (COMBINED),399,157
1-RED (COMBINED),400,162
1-RED (COMBINED),401,156
1-RED (COMBINED),402,148
1-RED (COMBINED),403,172
1-RED (COMBINED),404,152
1-RED (COMBINED),405,135
1-RED (COMBINED),406,165
1-RED (COMBINED),407,160
1-RED (COMBINED),408,159
1-RED (COMBINED),409,166
1-RED (COMBINED),410,146
1-RED (COMBINED),411,139
1-RED (COMBINED),412,160
1-RED (COMBINED),413,154
1-RED (COMBINED),414,165
1-RED (COMBINED),415,160
1-RED (COMBINED),416,139
1-RED (COMBINED),417,162
1-RED (COMBINED),418,156
1-RED (COMBINED),419,156
1-RED (COMBINED),420,171
1-RED (COMBINED),421,168
1-RED (COMBINED),422,146
1-RED (COMBINED),423,157
1-RED (COMBINED),424,189
1-RED (COMBINED),425,144
1-RED (COMBINED),426,172
1-RED (COMBINED),427,168
1-RED (COMBINED),428,166
1-RED (COMBINED),429,169
1-RED (COMBINED),430,173
1-RED (COMBINED),431,170
1-RED (COMBINED),432,191
1-RED (COMBINED),433,182
1-RED (COMBINED),434,189
1-RED (COMBINED),435,156
1-RED (COMBINED),436,188
1-RED (COMBINED),437,188
1-RED (COMBINED),438,184
1-RED (COMBINED),439,178
1-RED (COMBINED),440,170
1-RED (COMBINED),441,170
1-RED (COMBINED),442,174
1-RED (COMBINED),443,174
1-RED (COMBINED),444,158
1-RED (COMBINED),445,197
1-RED (COMBINED),446,189
1-RED (COMBINED),447,191
1-RED (COMBINED),448,199
1-RED (COMBINED),449,177
1-RED (COMBINED),450,201
1-RED (COMBINED),451,151
1-RED (COMBINED),452,173
1-RED (COMBINED),453,207
1-RED (COMBINED),454,166
1-RED (COMBINED),455,166
1-RED (COMBINED),456,191
1-RED (COMBINED),457,176
1-RED (COMBINED),458,199
1-RED (COMBINED),459,180
1-RED (COMBINED),460,183
1-RED (COMBINED),461,194
1-RED (COMBINED),462,191
1-RED (COMBINED),463,180
1-RED (COMBINED),464,174
1-RED (COMBINED),465,197
1-RED (COMBINED),466,182
1-RED (COMBINED),467,198
1-RED (COMBINED),468,181
1-RED (COMBINED),469,185
1-RED (COMBINED),470,177
1-RED (COMBINED),471,209
1-RED (COMBINED),472,196
1-RED (COMBINED),473,201
1-RED (COMBINED),474,195
1-RED (COMBINED),475,216
1-RED (COMBINED),476,190
1-RED (COMBINED),477,188
1-RED (COMBINED),478,201
1-RED (COMBINED),479,198
1-RED (COMBINED),480,187
1-RED (COMBINED),481,197
1-RED (COMBINED),482,173
1-RED (COMBINED),483,220
1-RED (COMBINED),484,183
1-RED (COMBINED),485,188
1-RED (COMBINED),486,211
1-RED (COMBINED),487,172
1-RED (COMBINED),488,192
1-RED (COMBINED),489,211
1-RED (COMBINED),490,177
1-RED (COMBINED),491,200
1-RED (COMBINED),492,219
1-RED (COMBINED),493,205
1-RED (COMBINED),494,197
1-RED (COMBINED),495,231
1-RED (COMBINED),496,177
1-RED (COMBINED),497,173
1-RED (COMBINED),498,194
1-RED (COMBINED),499,204
1-RED (COMBINED),500,206
1-RED (COMBINED),501,171
1-RED (COMBINED),502,166
1-RED (COMBINED),503,204
1-RED (COMBINED),504,212
1-RED (COMBINED),505,206
1-RED (COMBINED),506,195
1-RED (COMBINED),507,215
1-RED (COMBINED),508,199
1-RED (COMBINED),509,213
1-RED (COMBINED),510,233
1-RED (COMBINED),511,212
1-RED (COMBINED),512,197
1-RED (COMBINED),513,231
1-RED (COMBINED),514,171
1-RED (COMBINED),515,212
1-RED (COMBINED),516,211
1-RED (COMBINED),517,214
1-RED (COMBINED),518,179
1-RED (COMBINED),519,209
1-RED (COMBINED),520,202
1-RED (COMBINED),521,225
1-RED (COMBINED),522,214
1-RED (COMBINED),523,195
1-RED (COMBINED),524,208
1-RED (COMBINED),525,222
1-RED (COMBINED),526,193
1-RED (COMBINED),527,192
1-RED (COMBINED),528,202
1-RED (COMBINED),529,212
1-RED (COMBINED),530,204
1-RED (COMBINED),531,222
1-RED (COMBINED),532,224
1-RED (COMBINED),533,200
1-RED (COMBINED),534,205
1-RED (COMBINED),535,212
1-RED (COMBINED),536,203
1-RED (COMBINED),537,212
1-RED (COMBINED),538,203
1-RED (COMBINED),539,222
1-RED (COMBINED),540,195
1-RED (COMBINED),541,216
1-RED (COMBINED),542,206
1-RED (COMBINED),543,204
1-RED (COMBINED),544,217
1-RED (COMBINED),545,186
1-RED (COMBINED),546,201
1-RED (COMBINED),547,227
1-RED (COMBINED),548,209
1-RED (COMBINED),549,222
1-RED (COMBINED),550,203
1-RED (COMBINED),551,181
1-RED (COMBINED),552,218
1-RED (COMBINED),553,219
1-RED (COMBINED),554,196
1-RED (COMBINED),555,207
1-RED (COMBINED),556,203
1-RED (COMBINED),557,212
1-RED (COMBINED),558,212
1-RED (COMBINED),559,214
1-RED (COMBINED),560,201
1-RED (COMBINED),561,173
1-RED (COMBINED),562,209
1-RED (COMBINED),563,199
1-RED (COMBINED),564,197
1-RED (COMBINED),565,205
1-RED (COMBINED),566,216
1-RED (COMBINED),567,226
1-RED (COMBINED),568,190
1-RED (COMBINED),569,203
1-RED (COMBINED),570,193
1-RED (COMBINED),571,221
1-RED (COMBINED),572,205
1-RED (COMBINED),573,183
1-RED (COMBINED),574,223
1-RED (COMBINED),575,213
1-RED (COMBINED),576,176
1-RED (COMBINED),577,190
1-RED (COMBINED),578,193
1-RED (COMBINED),579,198
1-RED (COMBINED),580,226
1-RED (COMBINED),581,210
1-RED (COMBINED),582,188
1-RED (COMBINED),583,211
1-RED (COMBINED),584,199
1-RED (COMBINED),585,187
1-RED (COMBINED),586,195
1-RED (COMBINED),587,205
1-RED (COMBINED),588,196
1-RED (COMBINED),589,207
1-RED (COMBINED),590,199
1-RED (COMBINED),591,221
1-RED (COMBINED),592,222
1-RED (COMBINED),593,201
1-RED (COMBINED),594,201
1-RED (COMBINED),595,206
1-RED (COMBINED),596,186
1-RED (COMBINED),597,193
1-RED (COMBINED),598,209
1-RED (COMBINED),599,180
1-RED (COMBINED),600,196
1-RED (COMBINED),601,192
1-RED (COMBINED),602,184
1-RED (COMBINED),603,169
1-RED (COMBINED),604,206
1-RED (COMBINED),605,181
1-RED (COMBINED),606,199
1-RED (COMBINED),607,189
1-RED (COMBINED),608,199
1-RED (COMBINED),609,217
1-RED (COMBINED),610,198
1-RED (COMBINED),611,184
1-RED (COMBINED),612,197
1-RED (COMBINED),613,194
1-RED (COMBINED),614,210
1-RED (COMBINED),615,195
1-RED (COMBINED),616,200
1-RED (COMBINED),617,172
1-RED (COMBINED),618,212
1-RED (COMBINED),619,172
1-RED (COMBINED),620,193
1-RED (COMBINED),621,192
1-RED (COMBINED),622,190
1-RED (COMBINED),623,187
1-RED (COMBINED),624,182
1-RED (COMBINED),625,178
1-RED (COMBINED),626,188
1-RED (COMBINED),627,184
1-RED (COMBINED),628,185
1-RED (COMBINED),629,189
1-RED (COMBINED),630,177
1-RED (COMBINED),631,202
1-RED (COMBINED),632,197
1-RED (COMBINED),633,199
1-RED (COMBINED),634,178
1-RED (COMBINED),635,183
1-RED (COMBINED),636,198
1-RED (COMBINED),637,193
1-RED (COMBINED),638,189
1-RED (COMBINED),639,188
1-RED (COMBINED),640,163
1-RED (COMBINED),641,189
1-RED (COMBINED),642,175
1-RED (COMBINED),643,177
1-RED (COMBINED),644,171
1-RED (COMBINED),645,172
1-RED (COMBINED),646,181
1-RED (COMBINED),647,181
1-RED (COMBINED),648,191
1-RED (COMBINED),649,159
1-RED (COMBINED),650,172
1-RED (COMBINED),651,180
1-RED (COMBINED),652,178
1-RED (COMBINED),653,195
1-RED (COMBINED),654,195
1-RED (COMBINED),655,196
1-RED (COMBINED),656,185
1-RED (COMBINED),657,169
1-RED (COMBINED),658,184
1-RED (COMBINED),659,154
1-RED (COMBINED),660,176
1-RED (COMBINED),661,177
1-RED (COMBINED),662,170
1-RED (COMBINED),663,193
1-RED (COMBINED),664,165
1-RED (COMBINED),665,169
1-RED (COMBINED),666,180
1-RED (COMBINED),667,140
1-RED (COMBINED),668,165
1-RED (COMBINED),669,184
1-RED (COMBINED),670,185
1-RED (COMBINED),671,159
1-RED (COMBINED),672,163
1-RED (COMBINED),673,184
1-RED (COMBINED),674,170
1-RED (COMBINED),675,147
1-RED (COMBINED),676,162
1-RED (COMBINED),677,158
1-RED (COMBINED),678,149
1-RED (COMBINED),679,157
1-RED (COMBINED),680,161
1-RED (COMBINED),681,167
1-RED (COMBINED),682,157
1-RED (COMBINED),683,146
1-RED (COMBINED),684,172
1-RED (COMBINED),685,160
1-RED (COMBINED),686,162
1-RED (COMBINED),687,166
1-RED (COMBINED),688,158
1-RED (COMBINED),689,181
1-RED (COMBINED),690,161
1-RED (COMBINED),691,160
1-RED (COMBINED),692,166
1-RED (COMBINED),693,151
1-RED (COMBINED),694,141
1-RED (COMBINED),695,157
1-RED (COMBINED),696,136
1-RED (COMBINED),697,146
1-RED (COMBINED),698,146
1-RED (COMBINED),699,146
1-RED (COMBINED),700,125
1-RED (COMBINED),701,144
1-RED (COMBINED),702,140
1-RED (COMBINED),703,129
1-RED (COMBINED),704,175
1-RED (COMBINED),705,149
1-RED (COMBINED),706,162
1-RED (COMBINED),707,139
1-RED (COMBINED),708,135
1-RED (COMBINED),709,154
1-RED (COMBINED),710,157
1-RED (COMBINED),711,133
1-RED (COMBINED),712,148
1-RED (COMBINED),713,162
1-RED (COMBINED),714,143
1-RED (COMBINED),715,146
1-RED (COMBINED),716,131
1-RED (COMBINED),717,147
1-RED (COMBINED),718,148
1-RED (COMBINED),719,137
1-RED (COMBINED),720,163
1-RED (COMBINED),721,135
1-RED (COMBINED),722,146
1-RED (COMBINED),723,136
1-RED (COMBINED),724,138
1-RED (COMBINED),725,135
1-RED (COMBINED),726,123
1-RED (COMBINED),727,126
1-RED (COMBINED),728,130
1-RED (COMBINED),729,131
1-RED (COMBINED),730,110
1-RED (COMBINED),731,134
1-RED (COMBINED),732,135
1-RED (COMBINED),733,145
1-RED (COMBINED),734,127
1-RED (COMBINED),735,125
1-RED (COMBINED),736,127
1-RED (COMBINED),737,128
1-RED (COMBINED),738,152
1-RED (COMBINED),739,135
1-RED (COMBINED),740,132
1-RED (COMBINED),741,121
1-RED (COMBINED),742,111
1-RED (COMBINED),743,125
1-RED (COMBINED),744,117
1-RED (COMBINED),745,152
1-RED (COMBINED),746,143
1-RED (COMBINED),747,156
1-RED (COMBINED),748,126
1-RED (COMBINED),749,134
1-RED (COMBINED),750,123
1-RED (COMBINED),751,148
1-RED (COMBINED),752,120
1-RED (COMBINED),753,146
1-RED (COMBINED),754,132
1-RED (COMBINED),755,133
1-RED (COMBINED),756,129
1-RED (COMBINED),757,124
1-RED (COMBINED),758,116
1-RED (COMBINED),759,130
1-RED (COMBINED),760,131
1-RED (COMBINED),761,114
1-RED (COMBINED),762,105
1-RED (COMBINED),763,125
1-RED (COMBINED),764,114
1-RED (COMBINED),765,132
1-RED (COMBINED),766,111
1-RED (COMBINED),767,132
1-RED (COMBINED),768,131
1-RED (COMBINED),769,123
1-RED (COMBINED),770,108
1-RED (COMBINED),771,98
1-RED (COMBINED),772,118
1-RED (COMBINED),773,117
1-RED (COMBINED),774,126
1-RED (COMBINED),775,105
1-RED (COMBINED),776,111
1-RED (COMBINED),777,109
1-RED (COMBINED),778,119
1-RED (COMBINED),779,102
1-RED (COMBINED),780,89
1-RED (COMBINED),781,112
1-RED (COMBINED),782,126
1-RED (COMBINED),783,102
1-RED (COMBINED),784,106
1-RED (COMBINED),785,97
1-RED (COMBINED),786,122
1-RED (COMBINED),787,113
1-RED (COMBINED),788,78
1-RED (COMBINED),789,102
1-RED (COMBINED),790,90
1-RED (COMBINED),791,104
1-RED (COMBINED),792,106
1-RED (COMBINED),793,93
1-RED (COMBINED),794,125
1-RED (COMBINED),795,82
1-RED (COMBINED),796,114
1-RED (COMBINED),797,114
1-RED (COMBINED),798,110
1-RED (COMBINED),799,104
1-RED (COMBINED),800,83
1-RED (COMBINED),801,90
1-RED (COMBINED),802,104
1-RED (COMBINED),803,106
1-RED (COMBINED),804,94
1-RED (COMBINED),805,110
1-RED (COMBINED),806,114
1-RED (COMBINED),807,103
1-RED (COMBINED),808,106
1-RED (COMBINED),809,101
1-RED (COMBINED),810,88
1-RED (COMBINED),811,102
1-RED (COMBINED),812,83
1-RED (COMBINED),813,114
1-RED (COMBINED),814,88
1-RED (COMBINED),815,86
1-RED (COMBINED),816,88
1-RED (COMBINED),817,99
1-RED (COMBINED),818,93
1-RED (COMBINED),819,91
1-RED (COMBINED),820,92
1-RED (COMBINED),821,72
1-RED (COMBINED),822,76
1-RED (COMBINED),823,87
1-RED (COMBINED),824,105
1-RED (COMBINED),825,90
1-RED (COMBINED),826,101
1-RED (COMBINED),827,96
1-RED (COMBINED),828,61
1-RED (COMBINED),829,96
1-RED (COMBINED),830,87
1-RED (COMBINED),831,94
1-RED (COMBINED),832,72
1-RED (COMBINED),833,83
1-RED (COMBINED),834,67
1-RED (COMBINED),835,85
1-RED (COMBINED),836,87
1-RED (COMBINED),837,96
1-RED (COMBINED),838,63
1-RED (COMBINED),839,92
1-RED (COMBINED),840,89
1-RED (COMBINED),841,93
1-RED (COMBINED),842,95
1-RED (COMBINED),843,79
1-RED (COMBINED),844,88
1-RED (COMBINED),845,80
1-RED (COMBINED),846,76
1-RED (COMBINED),847,92
1-RED (COMBINED),848,84
1-RED (COMBINED),849,84
1-RED (COMBINED),850,84
1-RED (COMBINED),851,72
1-RED (COMBINED),852,86
1-RED (COMBINED),853,78
1-RED (COMBINED),854,72
1-RED (COMBINED),855,73
1-RED (COMBINED),856,101
1-RED (COMBINED),857,82
1-RED (COMBINED),858,72
1-RED (COMBINED),859,73
1-RED (COMBINED),860,88
1-RED (COMBINED),861,73
1-RED (COMBINED),862,93
1-RED (COMBINED),863,69
1-RED (COMBINED),864,90
1-RED (COMBINED),865,86
1-RED (COMBINED),866,64
1-RED (COMBINED),867,74
1-RED (COMBINED),868,90
1-RED (COMBINED),869,76
1-RED (COMBINED),870,80
1-RED (COMBINED),871,79
1-RED (COMBINED),872,79
1-RED (COMBINED),873,66
1-RED (COMBINED),874,81
1-RED (COMBINED),875,78
1-RED (COMBINED),876,74
1-RED (COMBINED),877,52
1-RED (COMBINED),878,63
1-RED (COMBINED),879,72
1-RED (COMBINED),880,83
1-RED (COMBINED),881,92
1-RED (COMBINED),882,67
1-RED (COMBINED),883,69
1-RED (COMBINED),884,58
1-RED (COMBINED),885,71
1-RED (COMBINED),886,70
1-RED (COMBINED),887,63
1-RED (COMBINED),888,74
1-RED (COMBINED),889,73
1-RED (COMBINED),890,60
1-RED (COMBINED),891,72
1-RED (COMBINED),892,73
1-RED (COMBINED),893,64
1-RED (COMBINED),894,64
1-RED (COMBINED),895,66
1-RED (COMBINED),896,60
1-RED (COMBINED),897,53
1-RED (COMBINED),898,78
1-RED (COMBINED),899,68
1-RED (COMBINED),900,53
1-RED (COMBINED),901,67
1-RED (COMBINED),902,57
1-RED (COMBINED),903,61
1-RED (COMBINED),904,55
1-RED (COMBINED),905,64
1-RED (COMBINED),906,66
1-RED (COMBINED),907,62
1-RED (COMBINED),908,59
1-RED (COMBINED),909,63
1-RED (COMBINED),910,59
1-RED (COMBINED),911,63
1-RED (COMBINED),912,74
1-RED (COMBINED),913,60
1-RED (COMBINED),914,64
1-RED (COMBINED),915,61
1-RED (COMBINED),916,67
1-RED (COMBINED),917,57
1-RED (COMBINED),918,56
1-RED (COMBINED),919,63
1-RED (COMBINED),920,66
1-RED (COMBINED),921,55
1-RED (COMBINED),922,47
1-RED (COMBINED),923,55
1-RED (COMBINED),924,54
1-RED (COMBINED),925,56
1-RED (COMBINED),926,49
1-RED (COMBINED),927,59
1-RED (COMBINED),928,69
1-RED (COMBINED),929,53
1-RED (COMBINED),930,44
1-RED (COMBINED),931,59
1-RED (COMBINED),932,65
1-RED (COMBINED),933,60
1-RED (COMBINED),934,38
1-RED (COMBINED),935,54
1-RED (COMBINED),936,59
1-RED (COMBINED),937,60
1-RED (COMBINED),938,50
1-RED (COMBINED),939,45
1-RED (COMBINED),940,60
1-RED (COMBINED),941,45
1-RED (COMBINED),942,44
1-RED (COMBINED),943,49
1-RED (COMBINED),944,48
1-RED (COMBINED),945,53
1-RED (COMBINED),946,53
1-RED (COMBINED),947,35
1-RED (COMBINED),948,61
1-RED (COMBINED),949,52
1-RED (COMBINED),950,49
1-RED (COMBINED),951,56
1-RED (COMBINED),952,59
1-RED (COMBINED),953,51
1-RED (COMBINED),954,40
1-RED (COMBINED),955,47
1-RED (COMBINED),956,58
1-RED (COMBINED),957,46
1-RED (COMBINED),958,43
1-RED (COMBINED),959,48
1-RED (COMBINED),960,56
1-RED (COMBINED),961,43
1-RED (COMBINED),962,49
1-RED (COMBINED),963,41
1-RED (COMBINED),964,57
1-RED (COMBINED),965,43
1-RED (COMBINED),966,45
1-RED (COMBINED),967,40
1-RED (COMBINED),968,49
1-RED (COMBINED),969,44
1-RED (COMBINED),970,49
1-RED (COMBINED),971,42
1-RED (COMBINED),972,41
1-RED (COMBINED),973,46
1-RED (COMBINED),974,50
1-RED (COMBINED),975,56
1-RED (COMBINED),976,36
1-RED (COMBINED),977,39
1-RED (COMBINED),978,48
1-RED (COMBINED),979,47
1-RED (COMBINED),980,47
1-RED (COMBINED),981,37
1-RED (COMBINED),982,45
1-RED (COMBINED),983,36
1-RED (COMBINED),984,46
1-RED (COMBINED),985,42
1-RED (COMBINED),986,40
1-RED (COMBINED),987,52
1-RED (COMBINED),988,59
1-RED (COMBINED),989,45
1-RED (COMBINED),990,42
1-RED (COMBINED),991,48
1-RED (COMBINED),992,35
1-RED (COMBINED),993,41
1-RED (COMBINED),994,45
1-RED (COMBINED),995,37
1-RED (COMBINED),996,38
1-RED (COMBINED),997,34
1-RED (COMBINED),998,46
1-RED (COMBINED),999,31
1-RED (COMBINED),1000,39
1-RED (COMBINED),1001,40
1-RED (COMBINED),1002,43
1-RED (COMBINED),1003,41
1-RED (COMBINED),1004,35
1-RED (COMBINED),1005,42
1-RED (COMBINED),1006,33
1-RED (COMBINED),1007,39
1-RED (COMBINED),1008,39
1-RED (COMBINED),1009,48
1-RED (COMBINED),1010,44
1-RED (COMBINED),1011,43
1-RED (COMBINED),1012,39
1-RED (COMBINED),1013,31
1-RED (COMBINED),1014,48
1-RED (COMBINED),1015,39
1-RED (COMBINED),1016,32
1-RED (COMBINED),1017,40
1-RED (COMBINED),1018,46
1-RED (COMBINED),1019,39
1-RED (COMBINED),1020,35
1-RED (COMBINED),1021,38
1-RED (COMBINED),1022,33
1-RED (COMBINED),1023,31
1-RED (COMBINED),1024,35
1-RED (COMBINED),1025,25
1-RED (COMBINED),1026,39
1-RED (COMBINED),1027,37
1-RED (COMBINED),1028,35
1-RED (COMBINED),1029,27
1-RED (COMBINED),1030,27
1-RED (COMBINED),1031,42
1-RED (COMBINED),1032,34
1-RED (COMBINED),1033,24
1-RED (COMBINED),1034,34
1-RED (COMBINED),1035,31
1-RED (COMBINED),1036,41
1-RED (COMBINED),1037,35
1-RED (COMBINED),1038,35
1-RED (COMBINED),1039,27
1-RED (COMBINED),1040,31
1-RED (COMBINED),1041,25
1-RED (COMBINED),1042,34
1-RED (COMBINED),1043,32
1-RED (COMBINED),1044,27
1-RED (COMBINED),1045,25
1-RED (COMBINED),1046,32
1-RED (COMBINED),1047,21
1-RED (COMBINED),1048,30
1-RED (COMBINED),1049,27
1-RED (COMBINED),1050,39
1-RED (COMBINED),1051,45
1-RED (COMBINED),1052,27
1-RED (COMBINED),1053,26
1-RED (COMBINED),1054,31
1-RED (COMBINED),1055,39
1-RED (COMBINED),1056,37
1-RED (COMBINED),1057,30
1-RED (COMBINED),1058,20
1-RED (COMBINED),1059,43
1-RED (COMBINED),1060,44
1-RED (COMBINED),1061,27
1-RED (COMBINED),1062,20
1-RED (COMBINED),1063,25
1-RED (COMBINED),1064,30
1-RED (COMBINED),1065,35
1-RED (COMBINED),1066,25
1-RED (COMBINED),1067,28
1-RED (COMBINED),1068,35
1-RED (COMBINED),1069,29
1-RED (COMBINED),1070,39
1-RED (COMBINED),1071,31
1-RED (COMBINED),1072,36
1-RED (COMBINED),1073,31
1-RED (COMBINED),1074,26
1-RED (COMBINED),1075,20
1-RED (COMBINED),1076,37
1-RED (COMBINED),1077,36
1-RED (COMBINED),1078,27
1-RED (COMBINED),1079,28
1-RED (COMBINED),1080,32
1-RED (COMBINED),1081,27
1-RED (COMBINED),1082,30
1-RED (COMBINED),1083,30
1-RED (COMBINED),1084,28
1-RED (COMBINED),1085,19
1-RED (COMBINED),1086,28
1-RED (COMBINED),1087,26
1-RED (COMBINED),1088,14
1-RED (COMBINED),1089,29
1-RED (COMBINED),1090,25
1-RED (COMBINED),1091,26
1-RED (COMBINED),1092,24
1-RED (COMBINED),1093,20
1-RED (COMBINED),1094,16
1-RED (COMBINED),1095,32
1-RED (COMBINED),1096,21
1-RED (COMBINED),1097,21
1-RED (COMBINED),1098,20
1-RED (COMBINED),1099,30
1-RED (COMBINED),1100,15
1-RED (COMBINED),1101,28
1-RED (COMBINED),1102,24
1-RED (COMBINED),1103,16
1-RED (COMBINED),1104,26
1-RED (COMBINED),1105,11
1-RED (COMBINED),1106,34
1-RED (COMBINED),1107,31
1-RED (COMBINED),1108,27
1-RED (COMBINED),1109,19
1-RED (COMBINED),1110,21
1-RED (COMBINED),1111,23
1-RED (COMBINED),1112,25
1-RED (COMBINED),1113,22
1-RED (COMBINED),1114,24
1-RED (COMBINED),1115,18
1-RED (COMBINED),1116,23
1-RED (COMBINED),1117,18
1-RED (COMBINED),1118,19
1-RED (COMBINED),1119,12
1-RED (COMBINED),1120,18
1-RED (COMBINED),1121,20
1-RED (COMBINED),1122,24
1-RED (COMBINED),1123,31
1-RED (COMBINED),1124,24
1-RED (COMBINED),1125,16
1-RED (COMBINED),1126,16
1-RED (COMBINED),1127,20
1-RED (COMBINED),1128,19
1-RED (COMBINED),1129,16
1-RED (COMBINED),1130,17
1-RED (COMBINED),1131,19
1-RED (COMBINED),1132,13
1-RED (COMBINED),1133,21
1-RED (COMBINED),1134,13
1-RED (COMBINED),1135,13
1-RED (COMBINED),1136,27
1-RED (COMBINED),1137,16
1-RED (COMBINED),1138,12
1-RED (COMBINED),1139,18
1-RED (COMBINED),1140,26
1-RED (COMBINED),1141,18
1-RED (COMBINED),1142,21
1-RED (COMBINED),1143,19
1-RED (COMBINED),1144,25
1-RED (COMBINED),1145,22
1-RED (COMBINED),1146,30
1-RED (COMBINED),1147,22
1-RED (COMBINED),1148,16
1-RED (COMBINED),1149,24
1-RED (COMBINED),1150,25
1-RED (COMBINED),1151,13
1-RED (COMBINED),1152,24
1-RED (COMBINED),1153,17
1-RED (COMBINED),1154,18
1-RED (COMBINED),1155,14
1-RED (COMBINED),1156,22
1-RED (COMBINED),1157,21
1-RED (COMBINED),1158,14
1-RED (COMBINED),1159,11
1-RED (COMBINED),1160,18
1-RED (COMBINED),1161,18
1-RED (COMBINED),1162,22
1-RED (COMBINED),1163,21
1-RED (COMBINED),1164,25
1-RED (COMBINED),1165,16
1-RED (COMBINED),1166,21
1-RED (COMBINED),1167,24
1-RED (COMBINED),1168,17
1-RED (COMBINED),1169,13
1-RED (COMBINED),1170,18
1-RED (COMBINED),1171,25
1-RED (COMBINED),1172,24
1-RED (COMBINED),1173,17
1-RED (COMBINED),1174,21
1-RED (COMBINED),1175,25
1-RED (COMBINED),1176,19
1-RED (COMBINED),1177,15
1-RED (COMBINED),1178,17
1-RED (COMBINED),1179,16
1-RED (COMBINED),1180,33
1-RED (COMBINED),1181,9
1-RED (COMBINED),1182,18
1-RED (COMBINED),1183,17
1-RED (COMBINED),1184,15
1-RED (COMBINED),1185,21
1-RED (COMBINED),1186,18
1-RED (COMBINED),1187,21
1-RED (COMBINED),1188,12
1-RED (COMBINED),1189,19
1-RED (COMBINED),1190,19
1-RED (COMBINED),1191,23
1-RED (COMBINED),1192,17
1-RED (COMBINED),1193,22
1-RED (COMBINED),1194,7
1-RED (COMBINED),1195,16
1-RED (COMBINED),1196,18
1-RED (COMBINED),1197,20
1-RED (COMBINED),1198,15
1-RED (COMBINED),1199,15
1-RED (COMBINED),1200,14
1-RED (COMBINED),1201,15
1-RED (COMBINED),1202,10
1-RED (COMBINED),1203,12
1-RED (COMBINED),1204,21
1-RED (COMBINED),1205,17
1-RED (COMBINED),1206,15
1-RED (COMBINED),1207,24
1-RED (COMBINED),1208,15
1-RED (COMBINED),1209,10
1-RED (COMBINED),1210,16
1-RED (COMBINED),1211,10
1-RED (COMBINED),1212,25
1-RED (COMBINED),1213,18
1-RED (COMBINED),1214,20
1-RED (COMBINED),1215,16
1-RED (COMBINED),1216,12
1-RED (COMBINED),1217,14
1-RED (COMBINED),1218,17
1-RED (COMBINED),1219,15
1-RED (COMBINED),1220,14
1-RED (COMBINED),1221,11
1-RED (COMBINED),1222,15
1-RED (COMBINED),1223,20
1-RED (COMBINED),1224,17
1-RED (COMBINED),1225,13
1-RED (COMBINED),1226,12
1-RED (COMBINED),1227,21
1-RED (COMBINED),1228,15
1-RED (COMBINED),1229,7
1-RED (COMBINED),1230,14
1-RED (COMBINED),1231,12
1-RED (COMBINED),1232,18
1-RED (COMBINED),1233,9
1-RED (COMBINED),1234,11
1-RED (COMBINED),1235,22
1-RED (COMBINED),1236,10
1-RED (COMBINED),1237,11
1-RED (COMBINED),1238,12
1-RED (COMBINED),1239,20
1-RED (COMBINED),1240,14
1-RED (COMBINED),1241,16
1-RED (COMBINED),1242,16
1-RED (COMBINED),1243,10
1-RED (COMBINED),1244,15
1-RED (COMBINED),1245,21
1-RED (COMBINED),1246,14
1-RED (COMBINED),1247,12
1-RED (COMBINED),1248,9
1-RED (COMBINED),1249,15
1-RED (COMBINED),1250,9
1-RED (COMBINED),1251,23
1-RED (COMBINED),1252,16
1-RED (COMBINED),1253,13
1-RED (COMBINED),1254,8
1-RED (COMBINED),1255,11
1-RED (COMBINED),1256,16
1-RED (COMBINED),1257,10
1-RED (COMBINED),1258,11
1-RED (COMBINED),1259,12
1-RED (COMBINED),1260,19
1-RED (COMBINED),1261,16
1-RED (COMBINED),1262,15
1-RED (COMBINED),1263,15
1-RED (COMBINED),1264,16
1-RED (COMBINED),1265,10
1-RED (COMBINED),1266,11
1-RED (COMBINED),1267,12
1-RED (COMBINED),1268,7
1-RED (COMBINED),1269,6
1-RED (COMBINED),1270,23
1-RED (COMBINED),1271,15
1-RED (COMBINED),1272,23
1-RED (COMBINED),1273,11
1-RED (COMBINED),1274,15
1-RED (COMBINED),1275,4
1-RED (COMBINED),1276,14
1-RED (COMBINED),1277,8
1-RED (COMBINED),1278,17
1-RED (COMBINED),1279,13
1-RED (COMBINED),1280,13
1-RED (COMBINED),1281,6
1-RED (COMBINED),1282,16
1-RED (COMBINED),1283,17
1-RED (COMBINED),1284,18
1-RED (COMBINED),1285,16
1-RED (COMBINED),1286,11
1-RED (COMBINED),1287,12
1-RED (COMBINED),1288,14
1-RED (COMBINED),1289,11
1-RED (COMBINED),1290,10
1-RED (COMBINED),1291,10
1-RED (COMBINED),1292,9
1-RED (COMBINED),1293,13
1-RED (COMBINED),1294,10
1-RED (COMBINED),1295,10
1-RED (COMBINED),1296,11
1-RED (COMBINED),1297,13
1-RED (COMBINED),1298,12
1-RED (COMBINED),1299,8
1-RED (COMBINED),1300,6
1-RED (COMBINED),1301,15
1-RED (COMBINED),1302,13
1-RED (COMBINED),1303,11
1-RED (COMBINED),1304,12
1-RED (COMBINED),1305,14
1-RED (COMBINED),1306,9
1-RED (COMBINED),1307,8
1-RED (COMBINED),1308,8
1-RED (COMBINED),1309,10
1-RED (COMBINED),1310,9
1-RED (COMBINED),1311,13
1-RED (COMBINED),1312,12
1-RED (COMBINED),1313,10
1-RED (COMBINED),1314,7
1-RED (COMBINED),1315,11
1-RED (COMBINED),1316,7
1-RED (COMBINED),1317,13
1-RED (COMBINED),1318,14
1-RED (COMBINED),1319,17
1-RED (COMBINED),1320,12
1-RED (COMBINED),1321,13
1-RED (COMBINED),1322,8
1-RED (COMBINED),1323,9
1-RED (COMBINED),1324,18
1-RED (COMBINED),1325,13
1-RED (COMBINED),1326,11
1-RED (COMBINED),1327,8
1-RED (COMBINED),1328,5
1-RED (COMBINED),1329,13
1-RED (COMBINED),1330,7
1-RED (COMBINED),1331,8
1-RED (COMBINED),1332,18
1-RED (COMBINED),1333,11
1-RED (COMBINED),1334,15
1-RED (COMBINED),1335,12
1-RED (COMBINED),1336,7
1-RED (COMBINED),1337,9
1-RED (COMBINED),1338,11
1-RED (COMBINED),1339,13
1-RED (COMBINED),1340,8
1-RED (COMBINED),1341,14
1-RED (COMBINED),1342,12
1-RED (COMBINED),1343,7
1-RED (COMBINED),1344,16
1-RED (COMBINED),1345,17
1-RED (COMBINED),1346,15
1-RED (COMBINED),1347,9
1-RED (COMBINED),1348,16
1-RED (COMBINED),1349,8
1-RED (COMBINED),1350,5
1-RED (COMBINED),1351,9
1-RED (COMBINED),1352,15
1-RED (COMBINED),1353,9
1-RED (COMBINED),1354,13
1-RED (COMBINED),1355,13
1-RED (COMBINED),1356,8
1-RED (COMBINED),1357,7
1-RED (COMBINED),1358,14
1-RED (COMBINED),1359,11
1-RED (COMBINED),1360,15
1-RED (COMBINED),1361,13
1-RED (COMBINED),1362,12
1-RED (COMBINED),1363,9
1-RED (COMBINED),1364,7
1-RED (COMBINED),1365,11
1-RED (COMBINED),1366,15
1-RED (COMBINED),1367,6
1-RED (COMBINED),1368,16
1-RED (COMBINED),1369,11
1-RED (COMBINED),1370,8
1-RED (COMBINED),1371,11
1-RED (COMBINED),1372,11
1-RED (COMBINED),1373,15
1-RED (COMBINED),1374,5
1-RED (COMBINED),1375,8
1-RED (COMBINED),1376,8
1-RED (COMBINED),1377,5
1-RED (COMBINED),1378,11
1-RED (COMBINED),1379,11
1-RED (COMBINED),1380,10
1-RED (COMBINED),1381,11
1-RED (COMBINED),1382,7
1-RED (COMBINED),1383,13
1-RED (COMBINED),1384,9
1-RED (COMBINED),1385,8
1-RED (COMBINED),1386,12
1-RED (COMBINED),1387,15
1-RED (COMBINED),1388,6
1-RED (COMBINED),1389,5
1-RED (COMBINED),1390,14
1-RED (COMBINED),1391,6
1-RED (COMBINED),1392,14
1-RED (COMBINED),1393,10
1-RED (COMBINED),1394,10
1-RED (COMBINED),1395,8
1-RED (COMBINED),1396,9
1-RED (COMBINED),1397,10
1-RED (COMBINED),1398,8
1-RED (COMBINED),1399,13
1-RED (COMBINED),1400,11
1-RED (COMBINED),1401,11
1-RED (COMBINED),1402,9
1-RED (COMBINED),1403,4
1-RED (COMBINED),1404,7
1-RED (COMBINED),1405,8
1-RED (COMBINED),1406,6
1-RED (COMBINED),1407,9
1-RED (COMBINED),1408,8
1-RED (COMBINED),1409,8
1-RED (COMBINED),1410,14
1-RED (COMBINED),1411,5
1-RED (COMBINED),1412,13
1-RED (COMBINED),1413,6
1-RED (COMBINED),1414,9
1-RED (COMBINED),1415,4
1-RED (COMBINED),1416,6
1-RED (COMBINED),1417,11
1-RED (COMBINED),1418,10
1-RED (COMBINED),1419,18
1-RED (COMBINED),1420,8
1-RED (COMBINED),1421,4
1-RED (COMBINED),1422,8
1-RED (COMBINED),1423,6
1-RED (COMBINED),1424,7
1-RED (COMBINED),1425,10
1-RED (COMBINED),1426,7
1-RED (COMBINED),1427,10
1-RED (COMBINED),1428,5
1-RED (COMBINED),1429,9
1-RED (COMBINED),1430,8
1-RED (COMBINED),1431,11
1-RED (COMBINED),1432,4
1-RED (COMBINED),1433,4
1-RED (COMBINED),1434,10
1-RED (COMBINED),1435,8
1-RED (COMBINED),1436,9
1-RED (COMBINED),1437,8
1-RED (COMBINED),1438,10
1-RED (COMBINED),1439,3
1-RED (COMBINED),1440,3
1-RED (COMBINED),1441,7
1-RED (COMBINED),1442,8
1-RED (COMBINED),1443,5
1-RED (COMBINED),1444,8
1-RED (COMBINED),1445,13
1-RED (COMBINED),1446,6
1-RED (COMBINED),1447,4
1-RED (COMBINED),1448,5
1-RED (COMBINED),1449,5
1-RED (COMBINED),1450,11
1-RED (COMBINED),1451,3
1-RED (COMBINED),1452,13
1-RED (COMBINED),1453,10
1-RED (COMBINED),1454,11
1-RED (COMBINED),1455,12
1-RED (COMBINED),1456,4
1-RED (COMBINED),1457,7
1-RED (COMBINED),1458,6
1-RED (COMBINED),1459,4
1-RED (COMBINED),1460,11
1-RED (COMBINED),1461,8
1-RED (COMBINED),1462,6
1-RED (COMBINED),1463,6
1-RED (COMBINED),1464,7
1-RED (COMBINED),1465,5
1-RED (COMBINED),1466,8
1-RED (COMBINED),1467,10
1-RED (COMBINED),1468,9
1-RED (COMBINED),1469,8
1-RED (COMBINED),1470,6
1-RED (COMBINED),1471,3
1-RED (COMBINED),1472,8
1-RED (COMBINED),1473,9
1-RED (COMBINED),1474,12
1-RED (COMBINED),1475,5
1-RED (COMBINED),1476,10
1-RED (COMBINED),1477,5
1-RED (COMBINED),1478,6
1-RED (COMBINED),1479,9
1-RED (COMBINED),1480,5
1-RED (COMBINED),1481,5
1-RED (COMBINED),1482,9
1-RED (COMBINED),1483,8
1-RED (COMBINED),1484,4
1-RED (COMBINED),1485,6
1-RED (COMBINED),1486,7
1-RED (COMBINED),1487,11
1-RED (COMBINED),1488,6
1-RED (COMBINED),1489,5
1-RED (COMBINED),1490,4
1-RED (COMBINED),1491,4
1-RED (COMBINED),1492,10
1-RED (COMBINED),1493,9
1-RED (COMBINED),1494,9
1-RED (COMBINED),1495,5
1-RED (COMBINED),1496,8
1-RED (COMBINED),1497,10
1-RED (COMBINED),1498,9
1-RED (COMBINED),1499,8
1-RED (COMBINED),1500,5
1-RED (COMBINED),1501,7
1-RED (COMBINED),1502,7
1-RED (COMBINED),1503,9
1-RED (COMBINED),1504,8
1-RED (COMBINED),1505,5
1-RED (COMBINED),1506,2
1-RED (COMBINED),1507,4
1-RED (COMBINED),1508,11
1-RED (COMBINED),1509,3
1-RED (COMBINED),1510,11
1-RED (COMBINED),1511,5
1-RED (COMBINED),1512,6
1-RED (COMBINED),1513,7
1-RED (COMBINED),1514,7
1-RED (COMBINED),1515,12
1-RED (COMBINED),1516,6
1-RED (COMBINED),1517,3
1-RED (COMBINED),1518,7
1-RED (COMBINED),1519,7
1-RED (COMBINED),1520,9
1-RED (COMBINED),1521,10
1-RED (COMBINED),1522,7
1-RED (COMBINED),1523,3
1-RED (COMBINED),1524,2
1-RED (COMBINED),1525,8
1-RED (COMBINED),1526,5
1-RED (COMBINED),1527,7
1-RED (COMBINED),1528,10
1-RED (COMBINED),1529,2
1-RED (COMBINED),1530,3
1-RED (COMBINED),1531,10
1-RED (COMBINED),1532,5
1-RED (COMBINED),1533,11
1-RED (COMBINED),1534,6
1-RED (COMBINED),1535,8
1-RED (COMBINED),1536,7
1-RED (COMBINED),1537,8
1-RED (COMBINED),1538,4
1-RED (COMBINED),1539,5
1-RED (COMBINED),1540,6
1-RED (COMBINED),1541,9
1-RED (COMBINED),1542,13
1-RED (COMBINED),1543,11
1-RED (COMBINED),1544,9
1-RED (COMBINED),1545,12
1-RED (COMBINED),1546,8
1-RED (COMBINED),1547,3
1-RED (COMBINED),1548,7
1-RED (COMBINED),1549,9
1-RED (COMBINED),1550,5
1-RED (COMBINED),1551,7
1-RED (COMBINED),1552,7
1-RED (COMBINED),1553,8
1-RED (COMBINED),1554,7
1-RED (COMBINED),1555,3
1-RED (COMBINED),1556,8
1-RED (COMBINED),1557,4
1-RED (COMBINED),1558,4
1-RED (COMBINED),1559,6
1-RED (COMBINED),1560,6
1-RED (COMBINED),1561,6
1-RED (COMBINED),1562,4
1-RED (COMBINED),1563,9
1-RED (COMBINED),1564,5
1-RED (COMBINED),1565,4
1-RED (COMBINED),1566,7
1-RED (COMBINED),1567,6
1-RED (COMBINED),1568,6
1-RED (COMBINED),1569,10
1-RED (COMBINED),1570,5
1-RED (COMBINED),1571,9
1-RED (COMBINED),1572,2
1-RED (COMBINED),1573,4
1-RED (COMBINED),1574,5
1-RED (COMBINED),1575,7
1-RED (COMBINED),1576,1
1-RED (COMBINED),1577,6
1-RED (COMBINED),1578,10
1-RED (COMBINED),1579,7
1-RED (COMBINED),1580,4
1-RED (COMBINED),1581,5
1-RED (COMBINED),1582,2
1-RED (COMBINED),1583,4
1-RED (COMBINED),1584,11
1-RED (COMBINED),1585,7
1-RED (COMBINED),1586,6
1-RED (COMBINED),1587,16
1-RED (COMBINED),1588,5
1-RED (COMBINED),1589,9
1-RED (COMBINED),1590,6
1-RED (COMBINED),1591,7
1-RED (COMBINED),1592,8
1-RED (COMBINED),1593,7
1-RED (COMBINED),1594,10
1-RED (COMBINED),1595,10
1-RED (COMBINED),1596,5
1-RED (COMBINED),1597,6
1-RED (COMBINED),1598,3
1-RED (COMBINED),1599,4
1-RED (COMBINED),1600,12
1-RED (COMBINED),1601,7
1-RED (COMBINED),1602,12
1-RED (COMBINED),1603,4
1-RED (COMBINED),1604,6
1-RED (COMBINED),1605,8
1-RED (COMBINED),1606,6
1-RED (COMBINED),1607,5
1-RED (COMBINED),1608,4
1-RED (COMBINED),1609,8
1-RED (COMBINED),1610,9
1-RED (COMBINED),1611,13
1-RED (COMBINED),1612,5
1-RED (COMBINED),1613,9
1-RED (COMBINED),1614,10
1-RED (COMBINED),1615,2
1-RED (COMBINED),1616,13
1-RED (COMBINED),1617,5
1-RED (COMBINED),1618,5
1-RED (COMBINED),1619,4
1-RED (COMBINED),1620,2
1-RED (COMBINED),1621,6
1-RED (COMBINED),1622,5
1-RED (COMBINED),1623,3
1-RED (COMBINED),1624,5
1-RED (COMBINED),1625,8
1-RED (COMBINED),1626,7
1-RED (COMBINED),1627,2
1-RED (COMBINED),1628,5
1-RED (COMBINED),1629,5
1-RED (COMBINED),1630,8
1-RED (COMBINED),1631,5
1-RED (COMBINED),1632,9
1-RED (COMBINED),1633,5
1-RED (COMBINED),1634,10
1-RED (COMBINED),1635,5
1-RED (COMBINED),1636,6
1-RED (COMBINED),1637,8
1-RED (COMBINED),1638,7
1-RED (COMBINED),1639,10
1-RED (COMBINED),1640,3
1-RED (COMBINED),1641,3
1-RED (COMBINED),1642,4
1-RED (COMBINED),1643,10
1-RED (COMBINED),1644,4
1-RED (COMBINED),1645,4
1-RED (COMBINED),1646,9
1-RED (COMBINED),1647,9
1-RED (COMBINED),1648,3
1-RED (COMBINED),1649,7
1-RED (COMBINED),1650,9
1-RED (COMBINED),1651,6
1-RED (COMBINED),1652,6
1-RED (COMBINED),1653,4
1-RED (COMBINED),1654,3
1-RED (COMBINED),1655,2
1-RED (COMBINED),1656,8
1-RED (COMBINED),1657,9
1-RED (COMBINED),1658,5
1-RED (COMBINED),1659,7
1-RED (COMBINED),1660,4
1-RED (COMBINED),1661,6
1-RED (COMBINED),1662,8
1-RED (COMBINED),1663,5
1-RED (COMBINED),1664,5
1-RED (COMBINED),1665,7
1-RED (COMBINED),1666,7
1-RED (COMBINED),1667,5
1-RED (COMBINED),1668,10
1-RED (COMBINED),1669,7
1-RED (COMBINED),1670,3
1-RED (COMBINED),1671,5
1-RED (COMBINED),1672,3
1-RED (COMBINED),1673,4
1-RED (COMBINED),1674,6
1-RED (COMBINED),1675,8
1-RED (COMBINED),1676,11
1-RED (COMBINED),1677,7
1-RED (COMBINED),1678,3
1-RED (COMBINED),1679,4
1-RED (COMBINED),1680,7
1-RED (COMBINED),1681,4
1-RED (COMBINED),1682,6
1-RED (COMBINED),1683,5
1-RED (COMBINED),1684,5
1-RED (COMBINED),1685,6
1-RED (COMBINED),1686,6
1-RED (COMBINED),1687,6
1-RED (COMBINED),1688,4
1-RED (COMBINED),1689,5
1-RED (COMBINED),1690,7
1-RED (COMBINED),1691,6
1-RED (COMBINED),1692,8
1-RED (COMBINED),1693,3
1-RED (COMBINED),1694,4
1-RED (COMBINED),1695,8
1-RED (COMBINED),1696,5
1-RED (COMBINED),1697,5
1-RED (COMBINED),1698,3
1-RED (COMBINED),1699,5
1-RED (COMBINED),1700,3
1-RED (COMBINED),1701,3
1-RED (COMBINED),1702,6
1-RED (COMBINED),1703,7
1-RED (COMBINED),1704,3
1-RED (COMBINED),1705,2
1-RED (COMBINED),1706,2
1-RED (COMBINED),1707,5
1-RED (COMBINED),1708,6
1-RED (COMBINED),1709,8
1-RED (COMBINED),1710,2
1-RED (COMBINED),1711,3
1-RED (COMBINED),1712,5
1-RED (COMBINED),1713,4
1-RED (COMBINED),1714,7
1-RED (COMBINED),1715,1
1-RED (COMBINED),1716,4
1-RED (COMBINED),1717,3
1-RED (COMBINED),1718,4
1-RED (COMBINED),1719,3
1-RED (COMBINED),1721,2
1-RED (COMBINED),1722,5
1-RED (COMBINED),1723,8
1-RED (COMBINED),1724,4
1-RED (COMBINED),1725,6
1-RED (COMBINED),1726,5
1-RED (COMBINED),1727,4
1-RED (COMBINED),1728,5
1-RED (COMBINED),1729,5
1-RED (COMBINED),1730,6
1-RED (COMBINED),1731,7
1-RED (COMBINED),1732,6
1-RED (COMBINED),1733,6
1-RED (COMBINED),1734,5
1-RED (COMBINED),1735,4
1-RED (COMBINED),1736,8
1-RED (COMBINED),1737,6
1-RED (COMBINED),1738,7
1-RED (COMBINED),1739,7
1-RED (COMBINED),1740,1
1-RED (COMBINED),1741,6
1-RED (COMBINED),1742,8
1-RED (COMBINED),1743,6
1-RED (COMBINED),1744,3
1-RED (COMBINED),1745,2
1-RED (COMBINED),1746,8
1-RED (COMBINED),1747,3
1-RED (COMBINED),1748,4
1-RED (COMBINED),1749,8
1-RED (COMBINED),1750,2
1-RED (COMBINED),1751,7
1-RED (COMBINED),1752,4
1-RED (COMBINED),1753,4
1-RED (COMBINED),1754,3
1-RED (COMBINED),1755,2
1-RED (COMBINED),1756,6
1-RED (COMBINED),1757,1
1-RED (COMBINED),1758,3
1-RED (COMBINED),1759,7
1-RED (COMBINED),1760,9
1-RED (COMBINED),1761,3
1-RED (COMBINED),1762,5
1-RED (COMBINED),1763,4
1-RED (COMBINED),1764,6
1-RED (COMBINED),1765,6
1-RED (COMBINED),1766,6
1-RED (COMBINED),1767,3
1-RED (COMBINED),1768,5
1-RED (COMBINED),1769,5
1-RED (COMBINED),1770,7
1-RED (COMBINED),1771,6
1-RED (COMBINED),1772,6
1-RED (COMBINED),1773,4
1-RED (COMBINED),1775,2
1-RED (COMBINED),1776,7
1-RED (COMBINED),1777,6
1-RED (COMBINED),1778,4
1-RED (COMBINED),1779,5
1-RED (COMBINED),1780,4
1-RED (COMBINED),1781,5
1-RED (COMBINED),1782,3
1-RED (COMBINED),1783,7
1-RED (COMBINED),1784,3
1-RED (COMBINED),1785,7
1-RED (COMBINED),1786,2
1-RED (COMBINED),1787,8
1-RED (COMBINED),1788,4
1-RED (COMBINED),1789,7
1-RED (COMBINED),1790,2
1-RED (COMBINED),1791,3
1-RED (COMBINED),1792,4
1-RED (COMBINED),1793,5
1-RED (COMBINED),1794,3
1-RED (COMBINED),1795,3
1-RED (COMBINED),1796,5
1-RED (COMBINED),1797,11
1-RED (COMBINED),1798,4
1-RED (COMBINED),1799,6
1-RED (COMBINED),1800,6
1-RED (COMBINED),1801,3
1-RED (COMBINED),1802,4
1-RED (COMBINED),1803,5
1-RED (COMBINED),1804,6
1-RED (COMBINED),1805,5
1-RED (COMBINED),1807,4
1-RED (COMBINED),1808,4
1-RED (COMBINED),1809,2
1-RED (COMBINED),1810,3
1-RED (COMBINED),1811,3
1-RED (COMBINED),1812,2
1-RED (COMBINED),1813,6
1-RED (COMBINED),1814,3
1-RED (COMBINED),1815,2
1-RED (COMBINED),1816,5
1-RED (COMBINED),1817,7
1-RED (COMBINED),1818,2
1-RED (COMBINED),1819,3
1-RED (COMBINED),1820,4
1-RED (COMBINED),1821,6
1-RED (COMBINED),1822,3
1-RED (COMBINED),1823,5
1-RED (COMBINED),1824,3
1-RED (COMBINED),1825,5
1-RED (COMBINED),1826,3
1-RED (COMBINED),1827,2
1-RED (COMBINED),1828,2
1-RED (COMBINED),1829,4
1-RED (COMBINED),1830,2
1-RED (COMBINED),1831,6
1-RED (COMBINED),1832,5
1-RED (COMBINED),1833,6
1-RED (COMBINED),1834,7
1-RED (COMBINED),1835,7
1-RED (COMBINED),1836,1
1-RED (COMBINED),1837,9
1-RED (COMBINED),1838,6
1-RED (COMBINED),1839,2
1-RED (COMBINED),1840,4
1-RED (COMBINED),1841,2
1-RED (COMBINED),1842,3
1-RED (COMBINED),1843,1
1-RED (COMBINED),1844,6
1-RED (COMBINED),1845,5
1-RED (COMBINED),1846,5
1-RED (COMBINED),1847,4
1-RED (COMBINED),1848,4
1-RED (COMBINED),1849,5
1-RED (COMBINED),1850,6
1-RED (COMBINED),1851,5
1-RED (COMBINED),1852,5
1-RED (COMBINED),1853,4
1-RED (COMBINED),1854,4
1-RED (COMBINED),1855,3
1-RED (COMBINED),1856,2
1-RED (COMBINED),1857,6
1-RED (COMBINED),1858,2
1-RED (COMBINED),1859,1
1-RED (COMBINED),1860,6
1-RED (COMBINED),1861,3
1-RED (COMBINED),1862,6
1-RED (COMBINED),1863,7
1-RED (COMBINED),1864,5
1-RED (COMBINED),1865,2
1-RED (COMBINED),1866,5
1-RED (COMBINED),1867,4
1-RED (COMBINED),1868,4
1-RED (COMBINED),1869,4
1-RED (COMBINED),1870,5
1-RED (COMBINED),1871,3
1-RED (COMBINED),1872,8
1-RED (COMBINED),1873,9
1-RED (COMBINED),1874,8
1-RED (COMBINED),1875,11
1-RED (COMBINED),1876,5
1-RED (COMBINED),1877,4
1-RED (COMBINED),1878,1
1-RED (COMBINED),1879,1
1-RED (COMBINED),1880,7
1-RED (COMBINED),1881,5
1-RED (COMBINED),1882,3
1-RED (COMBINED),1883,6
1-RED (COMBINED),1884,4
1-RED (COMBINED),1886,3
1-RED (COMBINED),1887,7
1-RED (COMBINED),1888,4
1-RED (COMBINED),1889,2
1-RED (COMBINED),1890,4
1-RED (COMBINED),1891,2
1-RED (COMBINED),1892,2
1-RED (COMBINED),1893,3
1-RED (COMBINED),1894,2
1-RED (COMBINED),1895,5
1-RED (COMBINED),1896,2
1-RED (COMBINED),1897,7
1-RED (COMBINED),1898,4
1-RED (COMBINED),1899,4
1-RED (COMBINED),1900,4
1-RED (COMBINED),1901,4
1-RED (COMBINED),1902,3
1-RED (COMBINED),1903,6
1-RED (COMBINED),1904,4
1-RED (COMBINED),1905,6
1-RED (COMBINED),1906,4
1-RED (COMBINED),1907,6
1-RED (COMBINED),1908,5
1-RED (COMBINED),1909,4
1-RED (COMBINED),1910,3
1-RED (COMBINED),1911,6
1-RED (COMBINED),1912,4
1-RED (COMBINED),1913,2
1-RED (COMBINED),1914,4
1-RED (COMBINED),1915,7
1-RED (COMBINED),1916,3
1-RED (COMBINED),1917,1
1-RED (COMBINED),1918,3
1-RED (COMBINED),1919,2
1-RED (COMBINED),1920,5
1-RED (COMBINED),1922,5
1-RED (COMBINED),1923,7
1-RED (COMBINED),1924,2
1-RED (COMBINED),1925,6
1-RED (COMBINED),1926,2
1-RED (COMBINED),1927,2
1-RED (COMBINED),1928,5
1-RED (COMBINED),1929,3
1-RED (COMBINED),1930,2
1-RED (COMBINED),1931,4
1-RED (COMBINED),1932,3
1-RED (COMBINED),1933,2
1-RED (COMBINED),1934,3
1-RED (COMBINED),1935,3
1-RED (COMBINED),1936,3
1-RED (COMBINED),1937,2
1-RED (COMBINED),1938,4
1-RED (COMBINED),1939,4
1-RED (COMBINED),1940,8
1-RED (COMBINED),1942,4
1-RED (COMBINED),1943,3
1-RED (COMBINED),1944,4
1-RED (COMBINED),1945,3
1-RED (COMBINED),1946,1
1-RED (COMBINED),1947,2
1-RED (COMBINED),1949,3
1-RED (COMBINED),1950,7
1-RED (COMBINED),1951,6
1-RED (COMBINED),1952,4
1-RED (COMBINED),1953,4
1-RED (COMBINED),1954,4
1-RED (COMBINED),1955,1
1-RED (COMBINED),1956,6
1-RED (COMBINED),1957,6
1-RED (COMBINED),1958,3
1-RED (COMBINED),1959,2
1-RED (COMBINED),1960,3
1-RED (COMBINED),1961,6
1-RED (COMBINED),1962,4
1-RED (COMBINED),1963,6
1-RED (COMBINED),1964,6
1-RED (COMBINED),1965,4
1-RED (COMBINED),1966,6
1-RED (COMBINED),1967,3
1-RED (COMBINED),1968,4
1-RED (COMBINED),1970,6
1-RED (COMBINED),1971,5
1-RED (COMBINED),1972,5
1-RED (COMBINED),1973,3
1-RED (COMBINED),1974,4
1-RED (COMBINED),1975,2
1-RED (COMBINED),1976,5
1-RED (COMBINED),1977,6
1-RED (COMBINED),1978,5
1-RED (COMBINED),1979,4
1-RED (COMBINED),1980,3
1-RED (COMBINED),1981,3
1-RED (COMBINED),1982,3
1-RED (COMBINED),1983,1
1-RED (COMBINED),1984,5
1-RED (COMBINED),1985,3
1-RED (COMBINED),1986,2
1-RED (COMBINED),1987,4
1-RED (COMBINED),1988,3
1-RED (COMBINED),1989,2
1-RED (COMBINED),1990,4
1-RED (COMBINED),1991,4
1-RED (COMBINED),1992,5
1-RED (COMBINED),1993,4
1-RED (COMBINED),1994,1
1-RED (COMBINED),1995,2
1-RED (COMBINED),1996,7
1-RED (COMBINED),1997,5
1-RED (COMBINED),1998,3
1-RED (COMBINED),1999,2
1-RED (COMBINED),2000,2
1-RED (COMBINED),2001,2
1-RED (COMBINED),2002,5
1-RED (COMBINED),2003,2
1-RED (COMBINED),2005,2
1-RED (COMBINED),2006,5
1-RED (COMBINED),2007,2
1-RED (COMBINED),2008,3
1-RED (COMBINED),2009,3
1-RED (COMBINED),2010,3
1-RED (COMBINED),2011,1
1-RED (COMBINED),2012,2
1-RED (COMBINED),2013,3
1-RED (COMBINED),2014,1
1-RED (COMBINED),2015,4
1-RED (COMBINED),2016,6
1-RED (COMBINED),2017,4
1-RED (COMBINED),2018,5
1-RED (COMBINED),2019,5
1-RED (COMBINED),2020,2
1-RED (COMBINED),2021,3
1-RED (COMBINED),2022,4
1-RED (COMBINED),2023,6
1-RED (COMBINED),2024,2
1-RED (COMBINED),2025,9
1-RED (COMBINED),2026,3
1-RED (COMBINED),2027,3
1-RED (COMBINED),2028,3
1-RED (COMBINED),2029,4
1-RED (COMBINED),2030,2
1-RED (COMBINED),2031,4
1-RED (COMBINED),2032,3
1-RED (COMBINED),2033,6
1-RED (COMBINED),2034,6
1-RED (COMBINED),2035,8
1-RED (COMBINED),2037,3
1-RED (COMBINED),2038,3
1-RED (COMBINED),2039,6
1-RED (COMBINED),2040,1
1-RED (COMBINED),2041,4
1-RED (COMBINED),2042,3
1-RED (COMBINED),2043,5
1-RED (COMBINED),2044,4
1-RED (COMBINED),2045,6
1-RED (COMBINED),2046,4
1-RED (COMBINED),2047,5
1-RED (COMBINED),2048,2
1-RED (COMBINED),2049,3
1-RED (COMBINED),2050,3
1-RED (COMBINED),2051,6
1-RED (COMBINED),2052,2
1-RED (COMBINED),2053,4
1-RED (COMBINED),2055,2
1-RED (COMBINED),2056,4
1-RED (COMBINED),2057,2
1-RED (COMBINED),2058,4
1-RED (COMBINED),2059,3
1-RED (COMBINED),2060,3
1-RED (COMBINED),2061,6
1-RED (COMBINED),2062,1
1-RED (COMBINED),2063,4
1-RED (COMBINED),2064,2
1-RED (COMBINED),2065,5
1-RED (COMBINED),2067,3
1-RED (COMBINED),2068,1
1-RED (COMBINED),2069,1
1-RED (COMBINED),2070,3
1-RED (COMBINED),2071,4
1-RED (COMBINED),2072,5
1-RED (COMBINED),2073,1
1-RED (COMBINED),2074,3
1-RED (COMBINED),2075,2
1-RED (COMBINED),2076,7
1-RED (COMBINED),2077,6
1-RED (COMBINED),2078,5
1-RED (COMBINED),2079,2
1-RED (COMBINED),2080,4
1-RED (COMBINED),2081,7
1-RED (COMBINED),2082,3
1-RED (COMBINED),2083,1
1-RED (COMBINED),2084,1
1-RED (COMBINED),2085,2
1-RED (COMBINED),2086,1
1-RED (COMBINED),2087,2
1-RED (COMBINED),2088,4
1-RED (COMBINED),2089,1
1-RED (COMBINED),2090,3
1-RED (COMBINED),2091,5
1-RED (COMBINED),2093,3
1-RED (COMBINED),2094,4
1-RED (COMBINED),2095,3
1-RED (COMBINED),2096,3
1-RED (COMBINED),2097,3
1-RED (COMBINED),2098,5
1-RED (COMBINED),2099,4
1-RED (COMBINED),2100,1
1-RED (COMBINED),2101,3
1-RED (COMBINED),2102,5
1-RED (COMBINED),2103,1
1-RED (COMBINED),2104,2
1-RED (COMBINED),2105,1
1-RED (COMBINED),2106,3
1-RED (COMBINED),2107,4
1-RED (COMBINED),2108,1
1-RED (COMBINED),2109,3
1-RED (COMBINED),2110,5
1-RED (COMBINED),2111,2
1-RED (COMBINED),2112,1
1-RED (COMBINED),2113,3
1-RED (COMBINED),2114,2
1-RED (COMBINED),2115,2
1-RED (COMBINED),2116,5
1-RED (COMBINED),2117,3
1-RED (COMBINED),2118,4
1-RED (COMBINED),2119,2
1-RED (COMBINED),2120,6
1-RED (COMBINED),2121,6
1-RED (COMBINED),2122,5
1-RED (COMBINED),2123,4
1-RED (COMBINED),2124,3
1-RED (COMBINED),2125,3
1-RED (COMBINED),2126,5
1-RED (COMBINED),2127,1
1-RED (COMBINED),2128,2
1-RED (COMBINED),2129,1
1-RED (COMBINED),2130,3
1-RED (COMBINED),2131,1
1-RED (COMBINED),2132,4
1-RED (COMBINED),2134,4
1-RED (COMBINED),2135,6
1-RED (COMBINED),2136,6
1-RED (COMBINED),2137,2
1-RED (COMBINED),2138,3
1-RED (COMBINED),2139,4
1-RED (COMBINED),2140,7
1-RED (COMBINED),2141,3
1-RED (COMBINED),2142,2
1-RED (COMBINED),2143,4
1-RED (COMBINED),2144,5
1-RED (COMBINED),2145,4
1-RED (COMBINED),2146,2
1-RED (COMBINED),2147,4
1-RED (COMBINED),2149,4
1-RED (COMBINED),2150,3
1-RED (COMBINED),2151,4
1-RED (COMBINED),2152,1
1-RED (COMBINED),2153,3
1-RED (COMBINED),2154,2
1-RED (COMBINED),2155,3
1-RED (COMBINED),2156,1
1-RED (COMBINED),2157,2
1-RED (COMBINED),2158,2
1-RED (COMBINED),2159,4
1-RED (COMBINED),2160,3
1-RED (COMBINED),2161,4
1-RED (COMBINED),2162,5
1-RED (COMBINED),2163,7
1-RED (COMBINED),2164,3
1-RED (COMBINED),2165,1
1-RED (COMBINED),2166,2
1-RED (COMBINED),2167,5
1-RED (COMBINED),2168,5
1-RED (COMBINED),2169,1
1-RED (COMBINED),2170,6
1-RED (COMBINED),2172,5
1-RED (COMBINED),2173,1
1-RED (COMBINED),2174,3
1-RED (COMBINED),2175,1
1-RED (COMBINED),2176,4
1-RED (COMBINED),2177,3
1-RED (COMBINED),2178,4
1-RED (COMBINED),2179,3
1-RED (COMBINED),2180,3
1-RED (COMBINED),2181,1
1-RED (COMBINED),2182,1
1-RED (COMBINED),2183,2
1-RED (COMBINED),2184,3
1-RED (COMBINED),2185,5
1-RED (COMBINED),2186,5
1-RED (COMBINED),2187,1
1-RED (COMBINED),2188,6
1-RED (COMBINED),2189,2
1-RED (COMBINED),2190,3
1-RED (COMBINED),2192,5
1-RED (COMBINED),2193,3
1-RED (COMBINED),2194,4
1-RED (COMBINED),2195,4
1-RED (COMBINED),2197,8
1-RED (COMBINED),2198,1
1-RED (COMBINED),2199,3
1-RED (COMBINED),2200,2
1-RED (COMBINED),2201,1
1-RED (COMBINED),2202,1
1-RED (COMBINED),2203,2
1-RED (COMBINED),2204,2
1-RED (COMBINED),2205,7
1-RED (COMBINED),2206,4
1-RED (COMBINED),2209,3
1-RED (COMBINED),2210,5
1-RED (COMBINED),2211,1
1-RED (COMBINED),2212,4
1-RED (COMBINED),2213,1
1-RED (COMBINED),2214,2
1-RED (COMBINED),2215,3
1-RED (COMBINED),2216,2
1-RED (COMBINED),2217,1
1-RED (COMBINED),2218,3
1-RED (COMBINED),2219,3
1-RED (COMBINED),2220,2
1-RED (COMBINED),2221,3
1-RED (COMBINED),2222,5
1-RED (COMBINED),2223,4
1-RED (COMBINED),2225,2
1-RED (COMBINED),2226,4
1-RED (COMBINED),2227,2
1-RED (COMBINED),2228,3
1-RED (COMBINED),2229,4
1-RED (COMBINED),2232,3
1-RED (COMBINED),2233,4
1-RED (COMBINED),2234,3
1-RED (COMBINED),2235,5
1-RED (COMBINED),2237,3
1-RED (COMBINED),2238,2
1-RED (COMBINED),2239,3
1-RED (COMBINED),2241,1
1-RED (COMBINED),2242,1
1-RED (COMBINED),2243,4
1-RED (COMBINED),2244,3
1-RED (COMBINED),2245,2
1-RED (COMBINED),2246,1
1-RED (COMBINED),2248,4
1-RED (COMBINED),2249,1
1-RED (COMBINED),2250,5
1-RED (COMBINED),2251,2
1-RED (COMBINED),2252,5
1-RED (COMBINED),2253,6
1-RED (COMBINED),2254,1
1-RED (COMBINED),2255,1
1-RED (COMBINED),2256,5
1-RED (COMBINED),2257,3
1-RED (COMBINED),2258,2
1-RED (COMBINED),2259,3
1-RED (COMBINED),2260,2
1-RED (COMBINED),2261,2
1-RED (COMBINED),2262,2
1-RED (COMBINED),2263,1
1-RED (COMBINED),2264,2
1-RED (COMBINED),2265,3
1-RED (COMBINED),2266,1
1-RED (COMBINED),2267,3
1-RED (COMBINED),2268,5
1-RED (COMBINED),2269,1
1-RED (COMBINED),2270,3
1-RED (COMBINED),2271,1
1-RED (COMBINED),2272,2
1-RED (COMBINED),2273,2
1-RED (COMBINED),2274,4
1-RED (COMBINED),2275,1
1-RED (COMBINED),2276,1
1-RED (COMBINED),2277,4
1-RED (COMBINED),2278,3
1-RED (COMBINED),2279,3
1-RED (COMBINED),2281,3
1-RED (COMBINED),2282,1
1-RED (COMBINED),2283,3
1-RED (COMBINED),2284,2
1-RED (COMBINED),2285,3
1-RED (COMBINED),2286,3
1-RED (COMBINED),2287,1
1-RED (COMBINED),2288,4
1-RED (COMBINED),2289,4
1-RED (COMBINED),2290,2
1-RED (COMBINED),2291,1
1-RED (COMBINED),2293,2
1-RED (COMBINED),2294,3
1-RED (COMBINED),2295,1
1-RED (COMBINED),2296,2
1-RED (COMBINED),2297,3
1-RED (COMBINED),2298,3
1-RED (COMBINED),2301,6
1-RED (COMBINED),2302,5
1-RED (COMBINED),2303,4
1-RED (COMBINED),2304,3
1-RED (COMBINED),2305,1
1-RED (COMBINED),2306,2
1-RED (COMBINED),2307,4
1-RED (COMBINED),2308,4
1-RED (COMBINED),2309,3
1-RED (COMBINED),2310,1
1-RED (COMBINED),2311,6
1-RED (COMBINED),2312,3
1-RED (COMBINED),2313,4
1-RED (COMBINED),2314,1
1-RED (COMBINED),2316,2
1-RED (COMBINED),2317,3
1-RED (COMBINED),2318,1
1-RED (COMBINED),2319,2
1-RED (COMBINED),2320,2
1-RED (COMBINED),2321,1
1-RED (COMBINED),2322,6
1-RED (COMBINED),2323,7
1-RED (COMBINED),2324,2
1-RED (COMBINED),2325,3
1-RED (COMBINED),2327,4
1-RED (COMBINED),2328,2
1-RED (COMBINED),2329,4
1-RED (COMBINED),2331,1
1-RED (COMBINED),2332,1
1-RED (COMBINED),2333,3
1-RED (COMBINED),2334,3
1-RED (COMBINED),2335,2
1-RED (COMBINED),2336,2
1-RED (COMBINED),2337,4
1-RED (COMBINED),2338,4
1-RED (COMBINED),2339,5
1-RED (COMBINED),2341,2
1-RED (COMBINED),2342,3
1-RED (COMBINED),2343,2
1-RED (COMBINED),2344,2
1-RED (COMBINED),2345,2
1-RED (COMBINED),2346,1
1-RED (COMBINED),2347,1
1-RED (COMBINED),2348,3
1-RED (COMBINED),2349,4
1-RED (COMBINED),2350,3
1-RED (COMBINED),2351,4
1-RED (COMBINED),2352,3
1-RED (COMBINED),2353,4
1-RED (COMBINED),2354,2
1-RED (COMBINED),2355,2
1-RED (COMBINED),2356,3
1-RED (COMBINED),2357,2
1-RED (COMBINED),2358,1
1-RED (COMBINED),2359,2
1-RED (COMBINED),2360,3
1-RED (COMBINED),2361,4
1-RED (COMBINED),2362,3
1-RED (COMBINED),2363,1
1-RED (COMBINED),2364,2
1-RED (COMBINED),2365,2
1-RED (COMBINED),2366,2
1-RED (COMBINED),2367,2
1-RED (COMBINED),2368,2
1-RED (COMBINED),2369,5
1-RED (COMBINED),2370,1
1-RED (COMBINED),2371,2
1-RED (COMBINED),2372,3
1-RED (COMBINED),2373,2
1-RED (COMBINED),2374,2
1-RED (COMBINED),2375,1
1-RED (COMBINED),2376,3
1-RED (COMBINED),2377,1
1-RED (COMBINED),2378,3
1-RED (COMBINED),2379,1
1-RED (COMBINED),2380,1
1-RED (COMBINED),2381,5
1-RED (COMBINED),2382,3
1-RED (COMBINED),2383,5
1-RED (COMBINED),2384,3
1-RED (COMBINED),2385,2
1-RED (COMBINED),2386,2
1-RED (COMBINED),2387,1
1-RED (COMBINED),2388,4
1-RED (COMBINED),2389,5
1-RED (COMBINED),2390,4
1-RED (COMBINED),2391,2
1-RED (COMBINED),2393,3
1-RED (COMBINED),2394,1
1-RED (COMBINED),2395,1
1-RED (COMBINED),2396,2
1-RED (COMBINED),2397,1
1-RED (COMBINED),2398,2
1-RED (COMBINED),2399,2
1-RED (COMBINED),2400,2
1-RED (COMBINED),2401,2
1-RED (COMBINED),2402,2
1-RED (COMBINED),2403,3
1-RED (COMBINED),2404,4
1-RED (COMBINED),2405,5
1-RED (COMBINED),2406,1
1-RED (COMBINED),2407,2
1-RED (COMBINED),2408,1
1-RED (COMBINED),2409,1
1-RED (COMBINED),2410,2
1-RED (COMBINED),2411,3
1-RED (COMBINED),2412,2
1-RED (COMBINED),2413,5
1-RED (COMBINED),2414,1
1-RED (COMBINED),2415,3
1-RED (COMBINED),2416,3
1-RED (COMBINED),2417,3
1-RED (COMBINED),2418,1
1-RED (COMBINED),2419,6
1-RED (COMBINED),2420,4
1-RED (COMBINED),2421,2
1-RED (COMBINED),2422,1
1-RED (COMBINED),2423,1
1-RED (COMBINED),2424,3
1-RED (COMBINED),2425,1
1-RED (COMBINED),2426,2
1-RED (COMBINED),2427,1
1-RED (COMBINED),2428,1
1-RED (COMBINED),2429,1
1-RED (COMBINED),2431,3
1-RED (COMBINED),2432,4
1-RED (COMBINED),2433,4
1-RED (COMBINED),2434,1
1-RED (COMBINED),2435,6
1-RED (COMBINED),2436,2
1-RED (COMBINED),2437,3
1-RED (COMBINED),2439,4
1-RED (COMBINED),2441,3
1-RED (COMBINED),2442,2
1-RED (COMBINED),2443,1
1-RED (COMBINED),2444,1
1-RED (COMBINED),2445,2
1-RED (COMBINED),2446,6
1-RED (COMBINED),2447,2
1-RED (COMBINED),2448,3
1-RED (COMBINED),2449,4
1-RED (COMBINED),2450,3
1-RED (COMBINED),2451,4
1-RED (COMBINED),2453,5
1-RED (COMBINED),2454,1
1-RED (COMBINED),2455,1
1-RED (COMBINED),2456,3
1-RED (COMBINED),2457,3
1-RED (COMBINED),2458,1
1-RED (COMBINED),2459,2
1-RED (COMBINED),2460,2
1-RED (COMBINED),2461,2
1-RED (COMBINED),2463,5
1-RED (COMBINED),2464,1
1-RED (COMBINED),2465,4
1-RED (COMBINED),2466,3
1-RED (COMBINED),2467,1
1-RED (COMBINED),2469,1
1-RED (COMBINED),2470,1
1-RED (COMBINED),2471,3
1-RED (COMBINED),2473,1
1-RED (COMBINED),2474,2
1-RED (COMBINED),2475,3
1-RED (COMBINED),2476,1
1-RED (COMBINED),2477,3
1-RED (COMBINED),2478,1
1-RED (COMBINED),2479,3
1-RED (COMBINED),2481,2
1-RED (COMBINED),2482,3
1-RED (COMBINED),2483,1
1-RED (COMBINED),2484,1
1-RED (COMBINED),2485,1
1-RED (COMBINED),2486,1
1-RED (COMBINED),2487,2
1-RED (COMBINED),2488,2
1-RED (COMBINED),2491,7
1-RED (COMBINED),2492,1
1-RED (COMBINED),2493,1
1-RED (COMBINED),2495,4
1-RED (COMBINED),2496,1
1-RED (COMBINED),2497,2
1-RED (COMBINED),2498,2
1-RED (COMBINED),2499,2
1-RED (COMBINED),2500,2
1-RED (COMBINED),2501,2
1-RED (COMBINED),2502,1
1-RED (COMBINED),2503,1
1-RED (COMBINED),2504,1
1-RED (COMBINED),2505,1
1-RED (COMBINED),2506,1
1-RED (COMBINED),2507,3
1-RED (COMBINED),2508,3
1-RED (COMBINED),2510,4
1-RED (COMBINED),2511,1
1-RED (COMBINED),2512,2
1-RED (COMBINED),2513,4
1-RED (COMBINED),2514,1
1-RED (COMBINED),2517,2
1-RED (COMBINED),2518,1
1-RED (COMBINED),2519,2
1-RED (COMBINED),2520,4
1-RED (COMBINED),2521,2
1-RED (COMBINED),2522,2
1-RED (COMBINED),2523,4
1-RED (COMBINED),2525,1
1-RED (COMBINED),2526,8
1-RED (COMBINED),2527,1
1-RED (COMBINED),2528,6
1-RED (COMBINED),2529,8
1-RED (COMBINED),2531,5
1-RED (COMBINED),2532,3
1-RED (COMBINED),2534,4
1-RED (COMBINED),2535,1
1-RED (COMBINED),2536,1
1-RED (COMBINED),2537,2
1-RED (COMBINED),2538,1
1-RED (COMBINED),2539,4
1-RED (COMBINED),2540,1
1-RED (COMBINED),2541,2
1-RED (COMBINED),2542,3
1-RED (COMBINED),2543,1
1-RED (COMBINED),2545,2
1-RED (COMBINED),2547,5
1-RED (COMBINED),2548,4
1-RED (COMBINED),2549,2
1-RED (COMBINED),2550,2
1-RED (COMBINED),2551,1
1-RED (COMBINED),2552,2
1-RED (COMBINED),2553,3
1-RED (COMBINED),2554,3
1-RED (COMBINED),2555,4
1-RED (COMBINED),2556,1
1-RED (COMBINED),2558,4
1-RED (COMBINED),2559,1
1-RED (COMBINED),2561,1
1-RED (COMBINED),2562,1
1-RED (COMBINED),2563,2
1-RED (COMBINED),2564,3
1-RED (COMBINED),2565,1
1-RED (COMBINED),2566,3
1-RED (COMBINED),2567,4
1-RED (COMBINED),2568,1
1-RED (COMBINED),2569,7
1-RED (COMBINED),2570,1
1-RED (COMBINED),2571,1
1-RED (COMBINED),2572,3
1-RED (COMBINED),2573,3
1-RED (COMBINED),2574,1
1-RED (COMBINED),2576,4
1-RED (COMBINED),2577,4
1-RED (COMBINED),2578,3
1-RED (COMBINED),2579,3
1-RED (COMBINED),2580,1
1-RED (COMBINED),2581,2
1-RED (COMBINED),2585,2
1-RED (COMBINED),2586,1
1-RED (COMBINED),2588,1
1-RED (COMBINED),2590,2
1-RED (COMBINED),2591,1
1-RED (COMBINED),2593,1
1-RED (COMBINED),2594,1
1-RED (COMBINED),2596,3
1-RED (COMBINED),2597,1
1-RED (COMBINED),2598,2
1-RED (COMBINED),2599,3
1-RED (COMBINED),2601,2
1-RED (COMBINED),2602,3
1-RED (COMBINED),2603,2
1-RED (COMBINED),2604,2
1-RED (COMBINED),2605,2
1-RED (COMBINED),2606,2
1-RED (COMBINED),2607,2
1-RED (COMBINED),2608,1
1-RED (COMBINED),2609,1
1-RED (COMBINED),2610,2
1-RED (COMBINED),2611,1
1-RED (COMBINED),2612,3
1-RED (COMBINED),2613,2
1-RED (COMBINED),2614,1
1-RED (COMBINED),2615,3
1-RED (COMBINED),2616,1
1-RED (COMBINED),2617,3
1-RED (COMBINED),2618,2
1-RED (COMBINED),2619,4
1-RED (COMBINED),2620,2
1-RED (COMBINED),2621,5
1-RED (COMBINED),2622,4
1-RED (COMBINED),2623,1
1-RED (COMBINED),2624,3
1-RED (COMBINED),2625,3
1-RED (COMBINED),2626,1
1-RED (COMBINED),2628,1
1-RED (COMBINED),2629,2
1-RED (COMBINED),2630,1
1-RED (COMBINED),2631,2
1-RED (COMBINED),2632,1
1-RED (COMBINED),2636,1
1-RED (COMBINED),2637,2
1-RED (COMBINED),2638,3
1-RED (COMBINED),2639,2
1-RED (COMBINED),2640,1
1-RED (COMBINED),2641,1
1-RED (COMBINED),2642,2
1-RED (COMBINED),2643,2
1-RED (COMBINED),2644,1
1-RED (COMBINED),2645,1
1-RED (COMBINED),2646,1
1-RED (COMBINED),2647,3
1-RED (COMBINED),2649,1
1-RED (COMBINED),2651,2
1-RED (COMBINED),2652,2
1-RED (COMBINED),2655,1
1-RED (COMBINED),2656,2
1-RED (COMBINED),2658,1
1-RED (COMBINED),2659,2
1-RED (COMBINED),2660,3
1-RED (COMBINED),2661,3
1-RED (COMBINED),2662,2
1-RED (COMBINED),2663,3
1-RED (COMBINED),2664,2
1-RED (COMBINED),2665,1
1-RED (COMBINED),2666,2
1-RED (COMBINED),2667,4
1-RED (COMBINED),2669,5
1-RED (COMBINED),2670,2
1-RED (COMBINED),2672,3
1-RED (COMBINED),2673,2
1-RED (COMBINED),2674,1
1-RED (COMBINED),2675,2
1-RED (COMBINED),2678,3
1-RED (COMBINED),2682,3
1-RED (COMBINED),2683,1
1-RED (COMBINED),2684,3
1-RED (COMBINED),2685,2
1-RED (COMBINED),2686,3
1-RED (COMBINED),2687,3
1-RED (COMBINED),2689,1
1-RED (COMBINED),2692,1
1-RED (COMBINED),2694,2
1-RED (COMBINED),2695,1
1-RED (COMBINED),2696,1
1-RED (COMBINED),2697,1
1-RED (COMBINED),2698,1
1-RED (COMBINED),2700,2
1-RED (COMBINED),2702,1
1-RED (COMBINED),2703,2
1-RED (COMBINED),2704,3
1-RED (COMBINED),2707,1
1-RED (COMBINED),2708,2
1-RED (COMBINED),2709,1
1-RED (COMBINED),2710,2
1-RED (COMBINED),2711,5
1-RED (COMBINED),2712,2
1-RED (COMBINED),2714,2
1-RED (COMBINED),2715,1
1-RED (COMBINED),2716,4
1-RED (COMBINED),2717,2
1-RED (COMBINED),2718,2
1-RED (COMBINED),2719,2
1-RED (COMBINED),2720,3
1-RED (COMBINED),2722,1
1-RED (COMBINED),2723,1
1-RED (COMBINED),2724,2
1-RED (COMBINED),2725,2
1-RED (COMBINED),2726,1
1-RED (COMBINED),2727,3
1-RED (COMBINED),2728,1
1-RED (COMBINED),2729,1
1-RED (COMBINED),2730,2
1-RED (COMBINED),2732,4
1-RED (COMBINED),2733,1
1-RED (COMBINED),2734,2
1-RED (COMBINED),2735,2
1-RED (COMBINED),2736,2
1-RED (COMBINED),2737,4
1-RED (COMBINED),2738,2
1-RED (COMBINED),2740,2
1-RED (COMBINED),2742,3
1-RED (COMBINED),2743,1
1-RED (COMBINED),2744,4
1-RED (COMBINED),2745,1
1-RED (COMBINED),2747,2
1-RED (COMBINED),2748,3
1-RED (COMBINED),2749,2
1-RED (COMBINED),2750,1
1-RED (COMBINED),2751,2
1-RED (COMBINED),2752,5
1-RED (COMBINED),2753,2
1-RED (COMBINED),2754,1
1-RED (COMBINED),2755,1
1-RED (COMBINED),2756,1
1-RED (COMBINED),2757,2
1-RED (COMBINED),2758,1
1-RED (COMBINED),2760,2
1-RED (COMBINED),2762,1
1-RED (COMBINED),2764,1
1-RED (COMBINED),2765,3
1-RED (COMBINED),2766,1
1-RED (COMBINED),2767,1
1-RED (COMBINED),2769,3
1-RED (COMBINED),2771,2
1-RED (COMBINED),2772,1
1-RED (COMBINED),2774,2
1-RED (COMBINED),2775,1
1-RED (COMBINED),2776,2
1-RED (COMBINED),2777,1
1-RED (COMBINED),2778,1
1-RED (COMBINED),2779,4
1-RED (COMBINED),2782,2
1-RED (COMBINED),2785,2
1-RED (COMBINED),2787,2
1-RED (COMBINED),2789,2
1-RED (COMBINED),2790,4
1-RED (COMBINED),2791,2
1-RED (COMBINED),2792,4
1-RED (COMBINED),2795,1
1-RED (COMBINED),2796,1
1-RED (COMBINED),2797,3
1-RED (COMBINED),2800,1
1-RED (COMBINED),2801,1
1-RED (COMBINED),2802,3
1-RED (COMBINED),2803,1
1-RED (COMBINED),2804,4
1-RED (COMBINED),2806,2
1-RED (COMBINED),2807,3
1-RED (COMBINED),2808,4
1-RED (COMBINED),2810,2
1-RED (COMBINED),2811,2
1-RED (COMBINED),2812,2
1-RED (COMBINED),2814,2
1-RED (COMBINED),2815,1
1-RED (COMBINED),2816,1
1-RED (COMBINED),2817,1
1-RED (COMBINED),2819,1
1-RED (COMBINED),2821,2
1-RED (COMBINED),2823,3
1-RED (COMBINED),2824,1
1-RED (COMBINED),2825,2
1-RED (COMBINED),2826,2
1-RED (COMBINED),2827,3
1-RED (COMBINED),2828,3
1-RED (COMBINED),2829,1
1-RED (COMBINED),2831,2
1-RED (COMBINED),2834,1
1-RED (COMBINED),2836,2
1-RED (COMBINED),2837,1
1-RED (COMBINED),2839,1
1-RED (COMBINED),2840,3
1-RED (COMBINED),2841,2
1-RED (COMBINED),2842,1
1-RED (COMBINED),2843,1
1-RED (COMBINED),2844,3
1-RED (COMBINED),2845,3
1-RED (COMBINED),2848,2
1-RED (COMBINED),2849,3
1-RED (COMBINED),2850,1
1-RED (COMBINED),2851,1
1-RED (COMBINED),2852,1
1-RED (COMBINED),2853,2
1-RED (COMBINED),2854,1
1-RED (COMBINED),2856,2
1-RED (COMBINED),2857,2
1-RED (COMBINED),2858,2
1-RED (COMBINED),2859,1
1-RED (COMBINED),2860,1
1-RED (COMBINED),2861,2
1-RED (COMBINED),2862,1
1-RED (COMBINED),2863,3
1-RED (COMBINED),2864,1
1-RED (COMBINED),2865,1
1-RED (COMBINED),2866,1
1-RED (COMBINED),2869,2
1-RED (COMBINED),2870,1
1-RED (COMBINED),2871,1
1-RED (COMBINED),2872,1
1-RED (COMBINED),2873,2
1-RED (COMBINED),2875,1
1-RED (COMBINED),2878,2
1-RED (COMBINED),2879,1
1-RED (COMBINED),2880,1
1-RED (COMBINED),2881,2
1-RED (COMBINED),2882,3
1-RED (COMBINED),2884,3
1-RED (COMBINED),2886,1
1-RED (COMBINED),2887,1
1-RED (COMBINED),2888,1
1-RED (COMBINED),2889,1
1-RED (COMBINED),2890,1
1-RED (COMBINED),2891,2
1-RED (COMBINED),2893,2
1-RED (COMBINED),2898,1
1-RED (COMBINED),2899,2
1-RED (COMBINED),2901,2
1-RED (COMBINED),2902,1
1-RED (COMBINED),2903,2
1-RED (COMBINED),2904,2
1-RED (COMBINED),2905,1
1-RED (COMBINED),2909,1
1-RED (COMBINED),2910,1
1-RED (COMBINED),2911,1
1-RED (COMBINED),2912,3
1-RED (COMBINED),2914,1
1-RED (COMBINED),2916,3
1-RED (COMBINED),2917,1
1-RED (COMBINED),2918,1
1-RED (COMBINED),2920,2
1-RED (COMBINED),2921,2
1-RED (COMBINED),2923,3
1-RED (COMBINED),2924,1
1-RED (COMBINED),2925,1
1-RED (COMBINED),2926,3
1-RED (COMBINED),2928,4
1-RED (COMBINED),2929,1
1-RED (COMBINED),2930,1
1-RED (COMBINED),2931,1
1-RED (COMBINED),2932,1
1-RED (COMBINED),2933,1
1-RED (COMBINED),2934,3
1-RED (COMBINED),2935,2
1-RED (COMBINED),2937,1
1-RED (COMBINED),2938,2
1-RED (COMBINED),2941,2
1-RED (COMBINED),2944,1
1-RED (COMBINED),2945,3
1-RED (COMBINED),2946,2
1-RED (COMBINED),2947,1
1-RED (COMBINED),2948,3
1-RED (COMBINED),2949,1
1-RED (COMBINED),2950,2
1-RED (COMBINED),2951,2
1-RED (COMBINED),2952,1
1-RED (COMBINED),2953,1
1-RED (COMBINED),2958,2
1-RED (COMBINED),2959,1
1-RED (COMBINED),2960,2
1-RED (COMBINED),2961,2
1-RED (COMBINED),2962,2
1-RED (COMBINED),2965,1
1-RED (COMBINED),2966,2
1-RED (COMBINED),2968,1
1-RED (COMBINED),2970,2
1-RED (COMBINED),2971,2
1-RED (COMBINED),2972,1
1-RED (COMBINED),2974,2
1-RED (COMBINED),2975,2
1-RED (COMBINED),2978,1
1-RED (COMBINED),2979,1
1-RED (COMBINED),2981,4
1-RED (COMBINED),2983,1
1-RED (COMBINED),2984,2
1-RED (COMBINED),2986,1
1-RED (COMBINED),2987,1
1-RED (COMBINED),2988,1
1-RED (COMBINED),2990,1
1-RED (COMBINED),2991,2
1-RED (COMBINED),2992,1
1-RED (COMBINED),2995,1
1-RED (COMBINED),2996,3
1-RED (COMBINED),2997,1
1-RED (COMBINED),2998,2
1-RED (COMBINED),2999,1
1-RED (COMBINED),3001,2
1-RED (COMBINED),3002,1
1-RED (COMBINED),3003,1
1-RED (COMBINED),3005,1
1-RED (COMBINED),3006,1
1-RED (COMBINED),3007,3
1-RED (COMBINED),3010,1
1-RED (COMBINED),3011,1
1-RED (COMBINED),3013,2
1-RED (COMBINED),3014,1
1-RED (COMBINED),3016,1
1-RED (COMBINED),3017,2
1-RED (COMBINED),3018,4
1-RED (COMBINED),3019,2
1-RED (COMBINED),3020,3
1-RED (COMBINED),3022,3
1-RED (COMBINED),3024,2
1-RED (COMBINED),3025,3
1-RED (COMBINED),3026,1
1-RED (COMBINED),3028,2
1-RED (COMBINED),3030,2
1-RED (COMBINED),3031,1
1-RED (COMBINED),3032,3
1-RED (COMBINED),3034,2
1-RED (COMBINED),3036,2
1-RED (COMBINED),3037,2
1-RED (COMBINED),3038,2
1-RED (COMBINED),3040,2
1-RED (COMBINED),3045,3
1-RED (COMBINED),3046,2
1-RED (COMBINED),3047,2
1-RED (COMBINED),3048,1
1-RED (COMBINED),3054,1
1-RED (COMBINED),3055,3
1-RED (COMBINED),3056,1
1-RED (COMBINED),3057,1
1-RED (COMBINED),3058,1
1-RED (COMBINED),3059,2
1-RED (COMBINED),3060,2
1-RED (COMBINED),3061,1
1-RED (COMBINED),3062,2
1-RED (COMBINED),3063,1
1-RED (COMBINED),3064,1
1-RED (COMBINED),3066,4
1-RED (COMBINED),3067,1
1-RED (COMBINED),3069,2
1-RED (COMBINED),3070,1
1-RED (COMBINED),3073,1
1-RED (COMBINED),3076,1
1-RED (COMBINED),3077,1
1-RED (COMBINED),3078,2
1-RED (COMBINED),3079,1
1-RED (COMBINED),3082,1
1-RED (COMBINED),3083,3
1-RED (COMBINED),3085,1
1-RED (COMBINED),3086,1
1-RED (COMBINED),3087,2
1-RED (COMBINED),3088,1
1-RED (COMBINED),3089,1
1-RED (COMBINED),3090,2
1-RED (COMBINED),3092,2
1-RED (COMBINED),3094,1
1-RED (COMBINED),3095,3
1-RED (COMBINED),3096,1
1-RED (COMBINED),3097,1
1-RED (COMBINED),3098,3
1-RED (COMBINED),3099,1
1-RED (COMBINED),3100,2
1-RED (COMBINED),3101,1
1-RED (COMBINED),3102,2
1-RED (COMBINED),3103,2
1-RED (COMBINED),3104,1
1-RED (COMBINED),3106,1
1-RED (COMBINED),3107,2
1-RED (COMBINED),3109,1
1-RED (COMBINED),3110,2
1-RED (COMBINED),3111,1
1-RED (COMBINED),3112,6
1-RED (COMBINED),3114,1
1-RED (COMBINED),3115,1
1-RED (COMBINED),3116,1
1-RED (COMBINED),3117,1
1-RED (COMBINED),3118,4
1-RED (COMBINED),3119,1
1-RED (COMBINED),3120,3
1-RED (COMBINED),3122,2
1-RED (COMBINED),3125,3
1-RED (COMBINED),3126,1
1-RED (COMBINED),3127,2
1-RED (COMBINED),3128,3
1-RED (COMBINED),3131,1
1-RED (COMBINED),3132,1
1-RED (COMBINED),3133,2
1-RED (COMBINED),3135,1
1-RED (COMBINED),3136,2
1-RED (COMBINED),3138,2
1-RED (COMBINED),3139,2
1-RED (COMBINED),3140,1
1-RED (COMBINED),3141,3
1-RED (COMBINED),3142,2
1-RED (COMBINED),3144,1
1-RED (COMBINED),3145,2
1-RED (COMBINED),3147,1
1-RED (COMBINED),3148,1
1-RED (COMBINED),3149,1
1-RED (COMBINED),3150,2
1-RED (COMBINED),3151,2
1-RED (COMBINED),3152,2
1-RED (COMBINED),3154,1
1-RED (COMBINED),3156,1
1-RED (COMBINED),3157,1
1-RED (COMBINED),3159,1
1-RED (COMBINED),3160,1
1-RED (COMBINED),3161,1
1-RED (COMBINED),3162,2
1-RED (COMBINED),3163,1
1-RED (COMBINED),3165,1
1-RED (COMBINED),3166,3
1-RED (COMBINED),3167,1
1-RED (COMBINED),3168,1
1-RED (COMBINED),3169,1
1-RED (COMBINED),3171,1
1-RED (COMBINED),3172,1
1-RED (COMBINED),3173,2
1-RED (COMBINED),3174,2
1-RED (COMBINED),3175,1
1-RED (COMBINED),3176,3
1-RED (COMBINED),3177,1
1-RED (COMBINED),3178,1
1-RED (COMBINED),3181,1
1-RED (COMBINED),3183,1
1-RED (COMBINED),3187,1
1-RED (COMBINED),3190,1
1-RED (COMBINED),3191,2
1-RED (COMBINED),3192,1
1-RED (COMBINED),3193,1
1-RED (COMBINED),3194,1
1-RED (COMBINED),3196,1
1-RED (COMBINED),3197,1
1-RED (COMBINED),3198,2
1-RED (COMBINED),3199,1
1-RED (COMBINED),3201,1
1-RED (COMBINED),3202,1
1-RED (COMBINED),3203,1
1-RED (COMBINED),3205,1
1-RED (COMBINED),3206,1
1-RED (COMBINED),3209,1
1-RED (COMBINED),3210,4
1-RED (COMBINED),3211,3
1-RED (COMBINED),3212,3
1-RED (COMBINED),3220,1
1-RED (COMBINED),3221,1
1-RED (COMBINED),3222,1
1-RED (COMBINED),3223,1
1-RED (COMBINED),3224,1
1-RED (COMBINED),3225,1
1-RED (COMBINED),3226,1
1-RED (COMBINED),3229,1
1-RED (COMBINED),3231,2
1-RED (COMBINED),3232,3
1-RED (COMBINED),3234,3
1-RED (COMBINED),3239,1
1-RED (COMBINED),3242,1
1-RED (COMBINED),3243,2
1-RED (COMBINED),3245,1
1-RED (COMBINED),3248,2
1-RED (COMBINED),3249,3
1-RED (COMBINED),3250,1
1-RED (COMBINED),3251,3
1-RED (COMBINED),3252,1
1-RED (COMBINED),3254,1
1-RED (COMBINED),3255,2
1-RED (COMBINED),3258,1
1-RED (COMBINED),3260,1
1-RED (COMBINED),3261,1
1-RED (COMBINED),3262,1
1-RED (COMBINED),3264,2
1-RED (COMBINED),3265,3
1-RED (COMBINED),3267,2
1-RED (COMBINED),3268,1
1-RED (COMBINED),3269,1
1-RED (COMBINED),3270,3
1-RED (COMBINED),3271,2
1-RED (COMBINED),3272,1
1-RED (COMBINED),3273,1
1-RED (COMBINED),3275,1
1-RED (COMBINED),3276,1
1-RED (COMBINED),3277,1
1-RED (COMBINED),3278,1
1-RED (COMBINED),3281,1
1-RED (COMBINED),3282,1
1-RED (COMBINED),3283,1
1-RED (COMBINED),3284,1
1-RED (COMBINED),3285,1
1-RED (COMBINED),3286,1
1-RED (COMBINED),3290,2
1-RED (COMBINED),3291,3
1-RED (COMBINED),3292,1
1-RED (COMBINED),3293,2
1-RED (COMBINED),3294,1
1-RED (COMBINED),3295,2
1-RED (COMBINED),3298,1
1-RED (COMBINED),3299,1
1-RED (COMBINED),3303,5
1-RED (COMBINED),3305,1
1-RED (COMBINED),3307,2
1-RED (COMBINED),3308,1
1-RED (COMBINED),3309,3
1-RED (COMBINED),3312,1
1-RED (COMBINED),3314,1
1-RED (COMBINED),3315,1
1-RED (COMBINED),3317,1
1-RED (COMBINED),3318,1
1-RED (COMBINED),3320,1
1-RED (COMBINED),3321,1
1-RED (COMBINED),3323,3
1-RED (COMBINED),3324,1
1-RED (COMBINED),3327,3
1-RED (COMBINED),3329,4
1-RED (COMBINED),3330,1
1-RED (COMBINED),3332,1
1-RED (COMBINED),3334,1
1-RED (COMBINED),3336,1
1-RED (COMBINED),3340,1
1-RED (COMBINED),3346,2
1-RED (COMBINED),3347,2
1-RED (COMBINED),3348,1
1-RED (COMBINED),3350,1
1-RED (COMBINED),3351,1
1-RED (COMBINED),3352,1
1-RED (COMBINED),3355,1
1-RED (COMBINED),3356,1
1-RED (COMBINED),3357,1
1-RED (COMBINED),3363,2
1-RED (COMBINED),3364,1
1-RED (COMBINED),3365,1
1-RED (COMBINED),3366,2
1-RED (COMBINED),3367,4
1-RED (COMBINED),3369,1
1-RED (COMBINED),3371,2
1-RED (COMBINED),3373,1
1-RED (COMBINED),3376,1
1-RED (COMBINED),3380,4
1-RED (COMBINED),3381,1
1-RED (COMBINED),3382,2
1-RED (COMBINED),3383,1
1-RED (COMBINED),3384,1
1-RED (COMBINED),3385,2
1-RED (COMBINED),3387,2
1-RED (COMBINED),3389,1
1-RED (COMBINED),3390,2
1-RED (COMBINED),3391,1
1-RED (COMBINED),3392,1
1-RED (COMBINED),3394,1
1-RED (COMBINED),3395,2
1-RED (COMBINED),3396,1
1-RED (COMBINED),3398,3
1-RED (COMBINED),3400,1
1-RED (COMBINED),3401,1
1-RED (COMBINED),3403,1
1-RED (COMBINED),3404,1
1-RED (COMBINED),3406,4
1-RED (COMBINED),3407,2
1-RED (COMBINED),3409,1
1-RED (COMBINED),3410,1
1-RED (COMBINED),3411,1
1-RED (COMBINED),3414,1
1-RED (COMBINED),3415,2
1-RED (COMBINED),3416,1
1-RED (COMBINED),3418,2
1-RED (COMBINED),3421,1
1-RED (COMBINED),3422,1
1-RED (COMBINED),3424,2
1-RED (COMBINED),3429,2
1-RED (COMBINED),3432,2
1-RED (COMBINED),3433,1
1-RED (COMBINED),3434,1
1-RED (COMBINED),3435,2
1-RED (COMBINED),3437,1
1-RED (COMBINED),3438,2
1-RED (COMBINED),3440,1
1-RED (COMBINED),3442,1
1-RED (COMBINED),3447,2
1-RED (COMBINED),3448,1
1-RED (COMBINED),3450,2
1-RED (COMBINED),3451,2
1-RED (COMBINED),3452,1
1-RED (COMBINED),3454,2
1-RED (COMBINED),3457,2
1-RED (COMBINED),3458,3
1-RED (COMBINED),3459,2
1-RED (COMBINED),3460,1
1-RED (COMBINED),3464,1
1-RED (COMBINED),3465,1
1-RED (COMBINED),3466,2
1-RED (COMBINED),3467,1
1-RED (COMBINED),3468,1
1-RED (COMBINED),3469,1
1-RED (COMBINED),3471,1
1-RED (COMBINED),3472,1
1-RED (COMBINED),3476,1
1-RED (COMBINED),3478,1
1-RED (COMBINED),3479,1
1-RED (COMBINED),3480,1
1-RED (COMBINED),3483,1
1-RED (COMBINED),3485,2
1-RED (COMBINED),3488,2
1-RED (COMBINED),3490,1
1-RED (COMBINED),3491,2
1-RED (COMBINED),3493,1
1-RED (COMBINED),3495,1
1-RED (COMBINED),3496,3
1-RED (COMBINED),3497,1
1-RED (COMBINED),3500,1
1-RED (COMBINED),3501,1
1-RED (COMBINED),3502,1
1-RED (COMBINED),3503,1
1-RED (COMBINED),3505,2
1-RED (COMBINED),3507,2
1-RED (COMBINED),3513,1
1-RED (COMBINED),3516,1
1-RED (COMBINED),3517,3
1-RED (COMBINED),3518,2
1-RED (COMBINED),3521,1
1-RED (COMBINED),3522,2
1-RED (COMBINED),3526,2
1-RED (COMBINED),3527,3
1-RED (COMBINED),3529,1
1-RED (COMBINED),3530,1
1-RED (COMBINED),3531,2
1-RED (COMBINED),3532,1
1-RED (COMBINED),3537,2
1-RED (COMBINED),3538,1
1-RED (COMBINED),3541,1
1-RED (COMBINED),3542,1
1-RED (COMBINED),3546,2
1-RED (COMBINED),3548,1
1-RED (COMBINED),3550,1
1-RED (COMBINED),3552,1
1-RED (COMBINED),3553,1
1-RED (COMBINED),3554,2
1-RED (COMBINED),3556,1
1-RED (COMBINED),3557,2
1-RED (COMBINED),3558,2
1-RED (COMBINED),3559,1
1-RED (COMBINED),3560,4
1-RED (COMBINED),3564,2
1-RED (COMBINED),3565,1
1-RED (COMBINED),3566,1
1-RED (COMBINED),3567,1
1-RED (COMBINED),3568,1
1-RED (COMBINED),3570,1
1-RED (COMBINED),3571,1
1-RED (COMBINED),3573,1
1-RED (COMBINED),3578,2
1-RED (COMBINED),3580,1
1-RED (COMBINED),3581,1
1-RED (COMBINED),3584,1
1-RED (COMBINED),3589,1
1-RED (COMBINED),3590,1
1-RED (COMBINED),3591,1
1-RED (COMBINED),3592,1
1-RED (COMBINED),3593,1
1-RED (COMBINED),3594,1
1-RED (COMBINED),3597,1
1-RED (COMBINED),3599,2
1-RED (COMBINED),3603,1
1-RED (COMBINED),3606,1
1-RED (COMBINED),3608,1
1-RED (COMBINED),3609,2
1-RED (COMBINED),3610,1
1-RED (COMBINED),3611,2
1-RED (COMBINED),3616,1
1-RED (COMBINED),3617,1
1-RED (COMBINED),3619,3
1-RED (COMBINED),3620,1
1-RED (COMBINED),3624,1
1-RED (COMBINED),3625,2
1-RED (COMBINED),3630,2
1-RED (COMBINED),3635,1
1-RED (COMBINED),3637,1
1-RED (COMBINED),3638,2
1-RED (COMBINED),3641,1
1-RED (COMBINED),3645,1
1-RED (COMBINED),3646,2
1-RED (COMBINED),3647,1
1-RED (COMBINED),3648,1
1-RED (COMBINED),3649,1
1-RED (COMBINED),3650,3
1-RED (COMBINED),3651,1
1-RED (COMBINED),3653,1
1-RED (COMBINED),3657,1
1-RED (COMBINED),3661,1
1-RED (COMBINED),3662,2
1-RED (COMBINED),3664,1
1-RED (COMBINED),3665,3
1-RED (COMBINED),3667,2
1-RED (COMBINED),3670,2
1-RED (COMBINED),3676,1
1-RED (COMBINED),3677,2
1-RED (COMBINED),3678,3
1-RED (COMBINED),3679,2
1-RED (COMBINED),3680,1
1-RED (COMBINED),3681,1
1-RED (COMBINED),3683,2
1-RED (COMBINED),3691,1
1-RED (COMBINED),3694,1
1-RED (COMBINED),3695,1
1-RED (COMBINED),3698,2
1-RED (COMBINED),3699,1
1-RED (COMBINED),3700,1
1-RED (COMBINED),3702,1
1-RED (COMBINED),3704,1
1-RED (COMBINED),3705,1
1-RED (COMBINED),3709,1
1-RED (COMBINED),3710,2
1-RED (COMBINED),3714,1
1-RED (COMBINED),3715,2
1-RED (COMBINED),3720,1
1-RED (COMBINED),3721,1
1-RED (COMBINED),3722,1
1-RED (COMBINED),3724,2
1-RED (COMBINED),3725,1
1-RED (COMBINED),3726,1
1-RED (COMBINED),3728,4
1-RED (COMBINED),3732,1
1-RED (COMBINED),3734,1
1-RED (COMBINED),3740,1
1-RED (COMBINED),3741,1
1-RED (COMBINED),3743,1
1-RED (COMBINED),3744,1
1-RED (COMBINED),3747,1
1-RED (COMBINED),3748,2
1-RED (COMBINED),3749,1
1-RED (COMBINED),3750,1
1-RED (COMBINED),3755,1
1-RED (COMBINED),3758,2
1-RED (COMBINED),3766,1
1-RED (COMBINED),3767,1
1-RED (COMBINED),3772,1
1-RED (COMBINED),3774,1
1-RED (COMBINED),3775,1
1-RED (COMBINED),3777,3
1-RED (COMBINED),3779,3
1-RED (COMBINED),3780,1
1-RED (COMBINED),3783,2
1-RED (COMBINED),3785,2
1-RED (COMBINED),3792,1
1-RED (COMBINED),3794,1
1-RED (COMBINED),3795,1
1-RED (COMBINED),3796,1
1-RED (COMBINED),3801,1
1-RED (COMBINED),3803,1
1-RED (COMBINED),3804,3
1-RED (COMBINED),3805,1
1-RED (COMBINED),3807,1
1-RED (COMBINED),3808,2
1-RED (COMBINED),3809,2
1-RED (COMBINED),3811,2
1-RED (COMBINED),3814,1
1-RED (COMBINED),3815,2
1-RED (COMBINED),3816,1
1-RED (COMBINED),3820,1
1-RED (COMBINED),3822,2
1-RED (COMBINED),3823,1
1-RED (COMBINED),3824,1
1-RED (COMBINED),3826,1
1-RED (COMBINED),3828,1
1-RED (COMBINED),3829,3
1-RED (COMBINED),3830,1
1-RED (COMBINED),3837,3
1-RED (COMBINED),3842,1
1-RED (COMBINED),3844,1
1-RED (COMBINED),3845,1
1-RED (COMBINED),3848,1
1-RED (COMBINED),3849,2
1-RED (COMBINED),3850,1
1-RED (COMBINED),3852,2
1-RED (COMBINED),3853,1
1-RED (COMBINED),3854,1
1-RED (COMBINED),3855,1
1-RED (COMBINED),3857,1
1-RED (COMBINED),3863,2
1-RED (COMBINED),3867,2
1-RED (COMBINED),3868,2
1-RED (COMBINED),3872,1
1-RED (COMBINED),3873,1
1-RED (COMBINED),3875,2
1-RED (COMBINED),3877,1
1-RED (COMBINED),3878,1
1-RED (COMBINED),3880,2
1-RED (COMBINED),3881,1
1-RED (COMBINED),3882,1
1-RED (COMBINED),3885,1
1-RED (COMBINED),3886,1
1-RED (COMBINED),3894,1
1-RED (COMBINED),3895,1
1-RED (COMBINED),3896,1
1-RED (COMBINED),3897,1
1-RED (COMBINED),3898,1
1-RED (COMBINED),3899,1
1-RED (COMBINED),3900,1
1-RED (COMBINED),3904,2
1-RED (COMBINED),3905,1
1-RED (COMBINED),3911,1
1-RED (COMBINED),3912,1
1-RED (COMBINED),3913,1
1-RED (COMBINED),3916,1
1-RED (COMBINED),3922,1
1-RED (COMBINED),3924,2
1-RED (COMBINED),3925,1
1-RED (COMBINED),3927,1
1-RED (COMBINED),3928,1
1-RED (COMBINED),3931,1
1-RED (COMBINED),3935,1
1-RED (COMBINED),3938,1
1-RED (COMBINED),3939,2
1-RED (COMBINED),3941,2
1-RED (COMBINED),3942,1
1-RED (COMBINED),3943,1
1-RED (COMBINED),3947,1
1-RED (COMBINED),3948,1
1-RED (COMBINED),3953,1
1-RED (COMBINED),3955,3
1-RED (COMBINED),3956,1
1-RED (COMBINED),3958,1
1-RED (COMBINED),3959,2
1-RED (COMBINED),3965,1
1-RED (COMBINED),3969,2
1-RED (COMBINED),3970,2
1-RED (COMBINED),3977,1
1-RED (COMBINED),3980,2
1-RED (COMBINED),3982,2
1-RED (COMBINED),3985,1
1-RED (COMBINED),3988,1
1-RED (COMBINED),3989,1
1-RED (COMBINED),3990,1
1-RED (COMBINED),3991,1
1-RED (COMBINED),3992,3
1-RED (COMBINED),3997,1
1-RED (COMBINED),4000,1
1-RED (COMBINED),4005,2
1-RED (COMBINED),4006,1
1-RED (COMBINED),4011,1
1-RED (COMBINED),4012,1
1-RED (COMBINED),4015,1
1-RED (COMBINED),4016,1
1-RED (COMBINED),4020,1
1-RED (COMBINED),4021,1
1-RED (COMBINED),4025,1
1-RED (COMBINED),4026,2
1-RED (COMBINED),4029,1
1-RED (COMBINED),4033,1
1-RED (COMBINED),4034,1
1-RED (COMBINED),4037,1
1-RED (COMBINED),4043,1
1-RED (COMBINED),4045,1
1-RED (COMBINED),4046,3
1-RED (COMBINED),4051,1
1-RED (COMBINED),4057,1
1-RED (COMBINED),4059,1
1-RED (COMBINED),4061,1
1-RED (COMBINED),4072,1
1-RED (COMBINED),4073,2
1-RED (COMBINED),4085,1
1-RED (COMBINED),4086,1
1-RED (COMBINED),4088,1
1-RED (COMBINED),4091,1
1-RED (COMBINED),4098,1
1-RED (COMBINED),4103,1
1-RED (COMBINED),4107,1
1-RED (COMBINED),4110,2
1-RED (COMBINED),4112,3
1-RED (COMBINED),4115,1
1-RED (COMBINED),4118,1
1-RED (COMBINED),4123,1
1-RED (COMBINED),4125,1
1-RED (COMBINED),4126,1
1-RED (COMBINED),4128,1
1-RED (COMBINED),4129,3
1-RED (COMBINED),4130,2
1-RED (COMBINED),4132,1
1-RED (COMBINED),4138,1
1-RED (COMBINED),4140,1
1-RED (COMBINED),4142,1
1-RED (COMBINED),4145,1
1-RED (COMBINED),4146,2
1-RED (COMBINED),4150,2
1-RED (COMBINED),4152,1
1-RED (COMBINED),4155,1
1-RED (COMBINED),4157,2
1-RED (COMBINED),4159,1
1-RED (COMBINED),4160,1
1-RED (COMBINED),4166,1
1-RED (COMBINED),4169,1
1-RED (COMBINED),4174,1
1-RED (COMBINED),4176,1
1-RED (COMBINED),4182,1
1-RED (COMBINED),4184,1
1-RED (COMBINED),4186,1
1-RED (COMBINED),4188,2
1-RED (COMBINED),4191,2
1-RED (COMBINED),4194,2
1-RED (COMBINED),4195,1
1-RED (COMBINED),4200,1
1-RED (COMBINED),4202,1
1-RED (COMBINED),4203,2
1-RED (COMBINED),4207,1
1-RED (COMBINED),4208,1
1-RED (COMBINED),4212,1
1-RED (COMBINED),4216,1
1-RED (COMBINED),4217,1
1-RED (COMBINED),4242,1
1-RED (COMBINED),4246,1
1-RED (COMBINED),4250,1
1-RED (COMBINED),4255,3
1-RED (COMBINED),4256,1
1-RED (COMBINED),4260,1
1-RED (COMBINED),4264,1
1-RED (COMBINED),4267,1
1-RED (COMBINED),4269,1
1-RED (COMBINED),4271,1
1-RED (COMBINED),4280,1
1-RED (COMBINED),4286,1
1-RED (COMBINED),4292,1
1-RED (COMBINED),4294,1
1-RED (COMBINED),4298,1
1-RED (COMBINED),4299,1
1-RED (COMBINED),4306,1
1-RED (COMBINED),4307,2
1-RED (COMBINED),4311,1
1-RED (COMBINED),4320,1
1-RED (COMBINED),4325,1
1-RED (COMBINED),4328,1
1-RED (COMBINED),4330,1
1-RED (COMBINED),4332,1
1-RED (COMBINED),4337,1
1-RED (COMBINED),4338,1
1-RED (COMBINED),4341,2
1-RED (COMBINED),4343,1
1-RED (COMBINED),4344,2
1-RED (COMBINED),4348,1
1-RED (COMBINED),4354,2
1-RED (COMBINED),4358,1
1-RED (COMBINED),4359,1
1-RED (COMBINED),4361,2
1-RED (COMBINED),4362,1
1-RED (COMBINED),4363,1
1-RED (COMBINED),4364,1
1-RED (COMBINED),4369,1
1-RED (COMBINED),4371,2
1-RED (COMBINED),4373,1
1-RED (COMBINED),4376,1
1-RED (COMBINED),4377,1
1-RED (COMBINED),4378,1
1-RED (COMBINED),4381,1
1-RED (COMBINED),4382,1
1-RED (COMBINED),4384,1
1-RED (COMBINED),4387,1
1-RED (COMBINED),4388,1
1-RED (COMBINED),4389,1
1-RED (COMBINED),4393,1
1-RED (COMBINED),4398,1
1-RED (COMBINED),4400,1
1-RED (COMBINED),4403,1
1-RED (COMBINED),4404,1
1-RED (COMBINED),4408,1
1-RED (COMBINED),4409,1
1-RED (COMBINED),4412,1
1-RED (COMBINED),4413,1
1-RED (COMBINED),4419,1
1-RED (COMBINED),4423,1
1-RED (COMBINED),4424,1
1-RED (COMBINED),4427,1
1-RED (COMBINED),4430,1
1-RED (COMBINED),4433,1
1-RED (COMBINED),4434,1
1-RED (COMBINED),4435,1
1-RED (COMBINED),4438,2
1-RED (COMBINED),4439,1
1-RED (COMBINED),4440,1
1-RED (COMBINED),4445,1
1-RED (COMBINED),4448,1
1-RED (COMBINED),4453,1
1-RED (COMBINED),4457,1
1-RED (COMBINED),4458,1
1-RED (COMBINED),4462,1
1-RED (COMBINED),4464,1
1-RED (COMBINED),4467,1
1-RED (COMBINED),4468,1
1-RED (COMBINED),4469,1
1-RED (COMBINED),4470,1
1-RED (COMBINED),4472,1
1-RED (COMBINED),4478,1
1-RED (COMBINED),4479,1
1-RED (COMBINED),4482,1
1-RED (COMBINED),4485,1
1-RED (COMBINED),4488,2
1-RED (COMBINED),4490,1
1-RED (COMBINED),4491,1
1-RED (COMBINED),4492,1
1-RED (COMBINED),4493,1
1-RED (COMBINED),4499,1
1-RED (COMBINED),4504,1
1-RED (COMBINED),4505,1
1-RED (COMBINED),4507,1
1-RED (COMBINED),4509,1
1-RED (COMBINED),4510,1
1-RED (COMBINED),4511,1
1-RED (COMBINED),4512,2
1-RED (COMBINED),4523,2
1-RED (COMBINED),4524,1
1-RED (COMBINED),4526,2
1-RED (COMBINED),4528,1
1-RED (COMBINED),4530,1
1-RED (COMBINED),4531,1
1-RED (COMBINED),4536,1
1-RED (COMBINED),4538,1
1-RED (COMBINED),4539,1
1-RED (COMBINED),4544,1
1-RED (COMBINED),4546,1
1-RED (COMBINED),4549,1
1-RED (COMBINED),4551,2
1-RED (COMBINED),4553,1
1-RED (COMBINED),4555,1
1-RED (COMBINED),4556,1
1-RED (COMBINED),4558,1
1-RED (COMBINED),4566,1
1-RED (COMBINED),4570,1
1-RED (COMBINED),4583,1
1-RED (COMBINED),4587,1
1-RED (COMBINED),4591,1
1-RED (COMBINED),4594,1
1-RED (COMBINED),4596,1
1-RED (COMBINED),4597,1
1-RED (COMBINED),4602,1
1-RED (COMBINED),4608,1
1-RED (COMBINED),4610,1
1-RED (COMBINED),4614,1
1-RED (COMBINED),4615,1
1-RED (COMBINED),4616,1
1-RED (COMBINED),4620,1
1-RED (COMBINED),4621,1
1-RED (COMBINED),4622,1
1-RED (COMBINED),4623,1
1-RED (COMBINED),4627,1
1-RED (COMBINED),4628,2
1-RED (COMBINED),4630,1
1-RED (COMBINED),4635,1
1-RED (COMBINED),4636,1
1-RED (COMBINED),4640,1
1-RED (COMBINED),4641,2
1-RED (COMBINED),4644,1
1-RED (COMBINED),4647,2
1-RED (COMBINED),4649,1
1-RED (COMBINED),4651,3
1-RED (COMBINED),4655,1
1-RED (COMBINED),4668,1
1-RED (COMBINED),4671,1
1-RED (COMBINED),4674,2
1-RED (COMBINED),4675,1
1-RED (COMBINED),4684,1
1-RED (COMBINED),4688,1
1-RED (COMBINED),4689,1
1-RED (COMBINED),4693,1
1-RED (COMBINED),4694,1
1-RED (COMBINED),4695,1
1-RED (COMBINED),4696,1
1-RED (COMBINED),4702,2
1-RED (COMBINED),4704,1
1-RED (COMBINED),4705,2
1-RED (COMBINED),4706,1
1-RED (COMBINED),4709,1
1-RED (COMBINED),4713,1
1-RED (COMBINED),4716,1
1-RED (COMBINED),4717,1
1-RED (COMBINED),4720,1
1-RED (COMBINED),4724,2
1-RED (COMBINED),4728,1
1-RED (COMBINED),4736,1
1-RED (COMBINED),4737,1
1-RED (COMBINED),4738,2
1-RED (COMBINED),4755,1
1-RED (COMBINED),4759,1
1-RED (COMBINED),4762,1
1-RED (COMBINED),4764,1
1-RED (COMBINED),4768,2
1-RED (COMBINED),4771,1
1-RED (COMBINED),4783,1
1-RED (COMBINED),4784,1
1-RED (COMBINED),4791,1
1-RED (COMBINED),4794,1
1-RED (COMBINED),4800,1
1-RED (COMBINED),4802,2
1-RED (COMBINED),4804,1
1-RED (COMBINED),4814,1
1-RED (COMBINED),4821,1
1-RED (COMBINED),4822,1
1-RED (COMBINED),4825,1
1-RED (COMBINED),4831,1
1-RED (COMBINED),4835,1
1-RED (COMBINED),4837,1
1-RED (COMBINED),4839,1
1-RED (COMBINED),4840,1
1-RED (COMBINED),4845,2
1-RED (COMBINED),4858,1
1-RED (COMBINED),4867,1
1-RED (COMBINED),4869,1
1-RED (COMBINED),4870,1
1-RED (COMBINED),4877,1
1-RED (COMBINED),4878,1
1-RED (COMBINED),4879,1
1-RED (COMBINED),4880,1
1-RED (COMBINED),4881,2
1-RED (COMBINED),4882,1
1-RED (COMBINED),4889,1
1-RED (COMBINED),4891,1
1-RED (COMBINED),4899,1
1-RED (COMBINED),4903,1
1-RED (COMBINED),4905,1
1-RED (COMBINED),4906,1
1-RED (COMBINED),4909,1
1-RED (COMBINED),4919,1
1-RED (COMBINED),4920,1
1-RED (COMBINED),4925,1
1-RED (COMBINED),4927,1
1-RED (COMBINED),4932,1
1-RED (COMBINED),4935,2
1-RED (COMBINED),4937,1
1-RED (COMBINED),4939,1
1-RED (COMBINED),4941,1
1-RED (COMBINED),4949,1
1-RED (COMBINED),4953,1
1-RED (COMBINED),4954,1
1-RED (COMBINED),4957,1
1-RED (COMBINED),4968,1
1-RED (COMBINED),4970,1
1-RED (COMBINED),4972,3
1-RED (COMBINED),4978,1
1-RED (COMBINED),4980,2
1-RED (COMBINED),4989,1
1-RED (COMBINED),4990,1
1-RED (COMBINED),4991,1
1-RED (COMBINED),4993,1
1-RED (COMBINED),4994,1
1-RED (COMBINED),4998,1
1-RED (COMBINED),5003,1
1-RED (COMBINED),5007,1
1-RED (COMBINED),5008,1
1-RED (COMBINED),5011,1
1-RED (COMBINED),5017,1
1-RED (COMBINED),5019,2
1-RED (COMBINED),5025,1
1-RED (COMBINED),5031,1
1-RED (COMBINED),5038,1
1-RED (COMBINED),5041,1
1-RED (COMBINED),5044,1
1-RED (COMBINED),5046,1
1-RED (COMBINED),5049,1
1-RED (COMBINED),5051,1
1-RED (COMBINED),5060,2
1-RED (COMBINED),5063,1
1-RED (COMBINED),5072,2
1-RED (COMBINED),5074,1
1-RED (COMBINED),5088,1
1-RED (COMBINED),5089,1
1-RED (COMBINED),5093,2
1-RED (COMBINED),5099,1
1-RED (COMBINED),5101,1
1-RED (COMBINED),5104,1
1-RED (COMBINED),5107,1
1-RED (COMBINED),5110,1
1-RED (COMBINED),5111,2
1-RED (COMBINED),5113,1
1-RED (COMBINED),5118,2
1-RED (COMBINED),5119,1
1-RED (COMBINED),5123,1
1-RED (COMBINED),5125,1
1-RED (COMBINED),5129,1
1-RED (COMBINED),5130,1
1-RED (COMBINED),5132,1
1-RED (COMBINED),5137,1
1-RED (COMBINED),5139,2
1-RED (COMBINED),5142,1
1-RED (COMBINED),5144,1
1-RED (COMBINED),5147,2
1-RED (COMBINED),5151,1
1-RED (COMBINED),5154,1
1-RED (COMBINED),5160,1
1-RED (COMBINED),5162,1
1-RED (COMBINED),5173,1
1-RED (COMBINED),5184,1
1-RED (COMBINED),5193,1
1-RED (COMBINED),5195,2
1-RED (COMBINED),5200,1
1-RED (COMBINED),5201,1
1-RED (COMBINED),5203,1
1-RED (COMBINED),5214,1
1-RED (COMBINED),5215,1
1-RED (COMBINED),5220,1
1-RED (COMBINED),5221,1
1-RED (COMBINED),5223,3
1-RED (COMBINED),5230,1
1-RED (COMBINED),5234,2
1-RED (COMBINED),5235,1
1-RED (COMBINED),5237,1
1-RED (COMBINED),5247,1
1-RED (COMBINED),5248,1
1-RED (COMBINED),5252,2
1-RED (COMBINED),5257,1
1-RED (COMBINED),5258,1
1-RED (COMBINED),5260,1
1-RED (COMBINED),5268,1
1-RED (COMBINED),5272,1
1-RED (COMBINED),5277,1
1-RED (COMBINED),5280,1
1-RED (COMBINED),5285,1
1-RED (COMBINED),5288,1
1-RED (COMBINED),5290,1
1-RED (COMBINED),5294,1
1-RED (COMBINED),5304,1
1-RED (COMBINED),5308,1
1-RED (COMBINED),5316,1
1-RED (COMBINED),5317,1
1-RED (COMBINED),5326,1
1-RED (COMBINED),5328,1
1-RED (COMBINED),5339,1
1-RED (COMBINED),5341,1
1-RED (COMBINED),5342,2
1-RED (COMBINED),5344,1
1-RED (COMBINED),5346,1
1-RED (COMBINED),5352,1
1-RED (COMBINED),5363,2
1-RED (COMBINED),5372,1
1-RED (COMBINED),5375,1
1-RED (COMBINED),5380,2
1-RED (COMBINED),5382,1
1-RED (COMBINED),5399,1
1-RED (COMBINED),5404,1
1-RED (COMBINED),5408,1
1-RED (COMBINED),5410,2
1-RED (COMBINED),5411,1
1-RED (COMBINED),5421,1
1-RED (COMBINED),5437,1
1-RED (COMBINED),5446,1
1-RED (COMBINED),5448,1
1-RED (COMBINED),5449,1
1-RED (COMBINED),5450,1
1-RED (COMBINED),5458,1
1-RED (COMBINED),5464,1
1-RED (COMBINED),5466,1
1-RED (COMBINED),5469,1
1-RED (COMBINED),5470,1
1-RED (COMBINED),5478,2
1-RED (COMBINED),5483,1
1-RED (COMBINED),5488,2
1-RED (COMBINED),5491,1
1-RED (COMBINED),5501,2
1-RED (COMBINED),5502,1
1-RED (COMBINED),5514,1
1-RED (COMBINED),5515,1
1-RED (COMBINED),5516,1
1-RED (COMBINED),5528,1
1-RED (COMBINED),5532,1
1-RED (COMBINED),5535,1
1-RED (COMBINED),5536,1
1-RED (COMBINED),5537,1
1-RED (COMBINED),5538,1
1-RED (COMBINED),5541,1
1-RED (COMBINED),5546,1
1-RED (COMBINED),5552,1
1-RED (COMBINED),5554,1
1-RED (COMBINED),5555,1
1-RED (COMBINED),5566,1
1-RED (COMBINED),5577,1
1-RED (COMBINED),5585,1
1-RED (COMBINED),5586,1
1-RED (COMBINED),5599,1
1-RED (COMBINED),5605,1
1-RED (COMBINED),5607,1
1-RED (COMBINED),5609,1
1-RED (COMBINED),5613,1
1-RED (COMBINED),5630,1
1-RED (COMBINED),5635,1
1-RED (COMBINED),5637,1
1-RED (COMBINED),5639,1
1-RED (COMBINED),5650,1
1-RED (COMBINED),5653,1
1-RED (COMBINED),5655,2
1-RED (COMBINED),5658,1
1-RED (COMBINED),5659,1
1-RED (COMBINED),5680,1
1-RED (COMBINED),5681,1
1-RED (COMBINED),5689,1
1-RED (COMBINED),5711,1
1-RED (COMBINED),5712,1
1-RED (COMBINED),5725,1
1-RED (COMBINED),5728,1
1-RED (COMBINED),5732,1
1-RED (COMBINED),5737,1
1-RED (COMBINED),5740,1
1-RED (COMBINED),5745,1
1-RED (COMBINED),5746,1
1-RED (COMBINED),5755,1
1-RED (COMBINED),5758,1
1-RED (COMBINED),5759,2
1-RED (COMBINED),5762,1
1-RED (COMBINED),5772,1
1-RED (COMBINED),5774,1
1-RED (COMBINED),5783,1
1-RED (COMBINED),5785,1
1-RED (COMBINED),5813,1
1-RED (COMBINED),5825,1
1-RED (COMBINED),5846,1
1-RED (COMBINED),5853,1
1-RED (COMBINED),5854,2
1-RED (COMBINED),5875,1
1-RED (COMBINED),5877,1
1-RED (COMBINED),5890,2
1-RED (COMBINED),5909,2
1-RED (COMBINED),5931,1
1-RED (COMBINED),5934,1
1-RED (COMBINED),5938,1
1-RED (COMBINED),5942,1
1-RED (COMBINED),5944,1
1-RED (COMBINED),5951,1
1-RED (COMBINED),5957,1
1-RED (COMBINED),5965,1
1-RED (COMBINED),5976,1
1-RED (COMBINED),5989,1
1-RED (COMBINED),5991,1
1-RED (COMBINED),6007,1
1-RED (COMBINED),6018,1
1-RED (COMBINED),6024,1
1-RED (COMBINED),6042,1
1-RED (COMBINED),6055,1
1-RED (COMBINED),6058,1
1-RED (COMBINED),6063,1
1-RED (COMBINED),6064,1
1-RED (COMBINED),6066,1
1-RED (COMBINED),6068,1
1-RED (COMBINED),6081,1
1-RED (COMBINED),6085,1
1-RED (COMBINED),6097,1
1-RED (COMBINED),6121,1
1-RED (COMBINED),6123,1
1-RED (COMBINED),6125,1
1-RED (COMBINED),6136,1
1-RED (COMBINED),6139,1
1-RED (COMBINED),6140,1
1-RED (COMBINED),6148,1
1-RED (COMBINED),6165,1
1-RED (COMBINED),6175,1
1-RED (COMBINED),6177,1
1-RED (COMBINED),6184,1
1-RED (COMBINED),6200,1
1-RED (COMBINED),6203,1
1-RED (COMBINED),6204,1
1-RED (COMBINED),6207,1
1-RED (COMBINED),6210,1
1-RED (COMBINED),6230,1
1-RED (COMBINED),6233,1
1-RED (COMBINED),6242,1
1-RED (COMBINED),6280,1
1-RED (COMBINED),6296,1
1-RED (COMBINED),6302,1
1-RED (COMBINED),6322,1
1-RED (COMBINED),6356,1
1-RED (COMBINED),6361,1
1-RED (COMBINED),6362,1
1-RED (COMBINED),6381,1
1-RED (COMBINED),6385,1
1-RED (COMBINED),6389,1
1-RED (COMBINED),6419,1
1-RED (COMBINED),6427,1
1-RED (COMBINED),6428,1
1-RED (COMBINED),6466,1
1-RED (COMBINED),6488,1
1-RED (COMBINED),6490,1
1-RED (COMBINED),6496,1
1-RED (COMBINED),6501,1
1-RED (COMBINED),6506,1
1-RED (COMBINED),6535,1
1-RED (COMBINED),6552,1
1-RED (COMBINED),6605,1
1-RED (COMBINED),6611,1
1-RED (COMBINED),6629,1
1-RED (COMBINED),6635,1
1-RED (COMBINED),6644,1
1-RED (COMBINED),6679,1
1-RED (COMBINED),6683,1
1-RED (COMBINED),6684,1
1-RED (COMBINED),6710,1
1-RED (COMBINED),6718,1
1-RED (COMBINED),6755,2
1-RED (COMBINED),6758,1
1-RED (COMBINED),6790,1
1-RED (COMBINED),6798,1
1-RED (COMBINED),6820,1
1-RED (COMBINED),6830,1
1-RED (COMBINED),6836,1
1-RED (COMBINED),6839,1
1-RED (COMBINED),6842,1
1-RED (COMBINED),6864,1
1-RED (COMBINED),6868,1
1-RED (COMBINED),6892,1
1-RED (COMBINED),6897,1
1-RED (COMBINED),6898,1
1-RED (COMBINED),6900,1
1-RED (COMBINED),6902,1
1-RED (COMBINED),6927,1
1-RED (COMBINED),6936,1
1-RED (COMBINED),6951,1
1-RED (COMBINED),6961,1
1-RED (COMBINED),6971,1
1-RED (COMBINED),6974,1
1-RED (COMBINED),6994,1
1-RED (COMBINED),7007,1
1-RED (COMBINED),7028,1
1-RED (COMBINED),7068,1
1-RED (COMBINED),7075,1
1-RED (COMBINED),7081,2
1-RED (COMBINED),7089,1
1-RED (COMBINED),7108,1
1-RED (COMBINED),7124,1
1-RED (COMBINED),7145,1
1-RED (COMBINED),7152,1
1-RED (COMBINED),7191,1
1-RED (COMBINED),7193,1
1-RED (COMBINED),7204,1
1-RED (COMBINED),7227,1
1-RED (COMBINED),7289,1
1-RED (COMBINED),7292,1
1-RED (COMBINED),7294,1
1-RED (COMBINED),7295,1
1-RED (COMBINED),7299,1
1-RED (COMBINED),7309,1
1-RED (COMBINED),7343,1
1-RED (COMBINED),7352,1
1-RED (COMBINED),7373,1
1-RED (COMBINED),7392,1
1-RED (COMBINED),7403,1
1-RED (COMBINED),7423,1
1-RED (COMBINED),7424,1
1-RED (COMBINED),7443,1
1-RED (COMBINED),7464,1
1-RED (COMBINED),7467,1
1-RED (COMBINED),7484,1
1-RED (COMBINED),7510,1
1-RED (COMBINED),7523,1
1-RED (COMBINED),7525,1
1-RED (COMBINED),7531,1
1-RED (COMBINED),7562,1
1-RED (COMBINED),7614,1
1-RED (COMBINED),7619,1
1-RED (COMBINED),7651,1
1-RED (COMBINED),7653,1
1-RED (COMBINED),7685,1
1-RED (COMBINED),7719,1
1-RED (COMBINED),7735,1
1-RED (COMBINED),7738,1
1-RED (COMBINED),7757,1
1-RED (COMBINED),7801,1
1-RED (COMBINED),7811,1
1-RED (COMBINED),7814,1
1-RED (COMBINED),7823,1
1-RED (COMBINED),7853,1
1-RED (COMBINED),7874,1
1-RED (COMBINED),7893,1
1-RED (COMBINED),7914,1
1-RED (COMBINED),7961,1
1-RED (COMBINED),8045,1
1-RED (COMBINED),8047,1
1-RED (COMBINED),8065,1
1-RED (COMBINED),8132,1
1-RED (COMBINED),8146,1
1-RED (COMBINED),8186,1
1-RED (COMBINED),8202,1
1-RED (COMBINED),8240,1
1-RED (COMBINED),8253,1
1-RED (COMBINED),8258,1
1-RED (COMBINED),8295,1
1-RED (COMBINED),8302,1
1-RED (COMBINED),8342,1
1-RED (COMBINED),8361,1
1-RED (COMBINED),8374,1
1-RED (COMBINED),8392,1
1-RED (COMBINED),8413,1
1-RED (COMBINED),8416,1
1-RED (COMBINED),8432,1
1-RED (COMBINED),8436,1
1-RED (COMBINED),8454,1
1-RED (COMBINED),8471,1
1-RED (COMBINED),8525,1
1-RED (COMBINED),8530,1
1-RED (COMBINED),8582,1
1-RED (COMBINED),8601,1
1-RED (COMBINED),8633,1
1-RED (COMBINED),8679,1
1-RED (COMBINED),8694,1
1-RED (COMBINED),8745,1
1-RED (COMBINED),8781,1
1-RED (COMBINED),8783,1
1-RED (COMBINED),8791,1
1-RED (COMBINED),8806,1
1-RED (COMBINED),8963,1
1-RED (COMBINED),8996,1
1-RED (COMBINED),9019,1
1-RED (COMBINED),9061,1
1-RED (COMBINED),9096,1
1-RED (COMBINED),9146,1
1-RED (COMBINED),9185,1
1-RED (COMBINED),9194,1
1-RED (COMBINED),9220,1
1-RED (COMBINED),9221,1
1-RED (COMBINED),9232,1
1-RED (COMBINED),9263,1
1-RED (COMBINED),9344,1
1-RED (COMBINED),9355,1
1-RED (COMBINED),9390,1
1-RED (COMBINED),9433,1
1-RED (COMBINED),9526,1
1-RED (COMBINED),9539,1
1-RED (COMBINED),9553,1
1-RED (COMBINED),9554,1
1-RED (COMBINED),9600,1
1-RED (COMBINED),9604,1
1-RED (COMBINED),9638,1
1-RED (COMBINED),9737,1
1-RED (COMBINED),9738,1
1-RED (COMBINED),9832,1
1-RED (COMBINED),9837,1
1-RED (COMBINED),9856,1
1-RED (COMBINED),9863,1
1-RED (COMBINED),9902,1
1-RED (COMBINED),9953,1
1-RED (COMBINED),9981,2
1-RED (COMBINED),10005,1
1-RED (COMBINED),10016,1
1-RED (COMBINED),10029,1
1-RED (COMBINED),10051,1
1-RED (COMBINED),10077,1
1-RED (COMBINED),10107,1
1-RED (COMBINED),10139,1
1-RED (COMBINED),10184,1
1-RED (COMBINED),10195,1
1-RED (COMBINED),10196,1
1-RED (COMBINED),10237,1
1-RED (COMBINED),10321,1
1-RED (COMBINED),10335,1
1-RED (COMBINED),10414,1
1-RED (COMBINED),10686,1
1-RED (COMBINED),10694,1
1-RED (COMBINED),10703,1
1-RED (COMBINED),10711,1
1-RED (COMBINED),10720,1
1-RED (COMBINED),10755,1
1-RED (COMBINED),10766,1
1-RED (COMBINED),10769,1
1-RED (COMBINED),10935,1
1-RED (COMBINED),10947,1
1-RED (COMBINED),10949,1
1-RED (COMBINED),10958,1
1-RED (COMBINED),11115,1
1-RED (COMBINED),11159,1
1-RED (COMBINED),11194,1
1-RED (COMBINED),11196,1
1-RED (COMBINED),11289,1
1-RED (COMBINED),11298,1
1-RED (COMBINED),11352,1
1-RED (COMBINED),11421,1
1-RED (COMBINED),11524,1
1-RED (COMBINED),11539,1
1-RED (COMBINED),11739,1
1-RED (COMBINED),11776,1
1-RED (COMBINED),11793,1
1-RED (COMBINED),11877,1
1-RED (COMBINED),11894,1
1-RED (COMBINED),11950,1
1-RED (COMBINED),11962,1
1-RED (COMBINED),12082,1
1-RED (COMBINED),12256,1
1-RED (COMBINED),12271,2
1-RED (COMBINED),12326,1
1-RED (COMBINED),12355,1
1-RED (COMBINED),12440,1
1-RED (COMBINED),12550,1
1-RED (COMBINED),13021,1
1-RED (COMBINED),13145,1
1-RED (COMBINED),13181,1
1-RED (COMBINED),13308,1
1-RED (COMBINED),13341,1
1-RED (COMBINED),13390,1
1-RED (COMBINED),13694,1
1-RED (COMBINED),13744,1
1-RED (COMBINED),13759,1
1-RED (COMBINED),13820,1
1-RED (COMBINED),13943,1
1-RED (COMBINED),14088,1
1-RED (COMBINED),15949,1
1-RED (COMBINED),15964,1
1-RED (COMBINED),16192,1
1-RED (COMBINED),16592,1
1-RED (COMBINED),17065,1
1-RED (COMBINED),17818,1
1-RED (COMBINED),18121,1
1-RED (COMBINED),18472,1
1-RED (COMBINED),18958,1
1-RED (COMBINED),19286,1
1-RED (COMBINED),23046,1
3-ORANGE,0,708
3-ORANGE,7,7
3-ORANGE,8,2
3-ORANGE,9,8
3-ORANGE,10,6
3-ORANGE,11,9
3-ORANGE,12,6
3-ORANGE,13,6
3-ORANGE,14,11
3-ORANGE,15,6
3-ORANGE,16,9
3-ORANGE,17,9
3-ORANGE,18,10
3-ORANGE,19,3
3-ORANGE,20,5
3-ORANGE,21,8
3-ORANGE,22,2
3-ORANGE,23,7
3-ORANGE,24,7
3-ORANGE,25,7
3-ORANGE,26,11
3-ORANGE,27,7
3-ORANGE,28,4
3-ORANGE,29,7
3-ORANGE,30,10
3-ORANGE,31,8
3-ORANGE,32,6
3-ORANGE,33,6
3-ORANGE,34,10
3-ORANGE,35,4
3-ORANGE,36,5
3-ORANGE,37,8
3-ORANGE,38,7
3-ORANGE,39,4
3-ORANGE,40,5
3-ORANGE,41,8
3-ORANGE,42,11
3-ORANGE,43,6
3-ORANGE,44,7
3-ORANGE,45,7
3-ORANGE,46,6
3-ORANGE,47,5
3-ORANGE,48,5
3-ORANGE,49,6
3-ORANGE,50,4
3-ORANGE,51,8
3-ORANGE,52,12
3-ORANGE,53,8
3-ORANGE,54,4
3-ORANGE,55,8
3-ORANGE,56,13
3-ORANGE,57,9
3-ORANGE,58,10
3-ORANGE,59,10
3-ORANGE,60,12
3-ORANGE,61,4
3-ORANGE,62,7
3-ORANGE,63,13
3-ORANGE,64,7
3-ORANGE,65,6
3-ORANGE,66,7
3-ORANGE,67,8
3-ORANGE,68,6
3-ORANGE,69,8
3-ORANGE,70,15
3-ORANGE,71,8
3-ORANGE,72,5
3-ORANGE,73,9
3-ORANGE,74,6
3-ORANGE,75,3
3-ORANGE,76,10
3-ORANGE,78,10
3-ORANGE,79,5
3-ORANGE,80,9
3-ORANGE,81,7
3-ORANGE,82,9
3-ORANGE,83,4
3-ORANGE,84,6
3-ORANGE,85,4
3-ORANGE,86,5
3-ORANGE,87,6
3-ORANGE,88,8
3-ORANGE,89,10
3-ORANGE,90,12
3-ORANGE,91,4
3-ORANGE,92,4
3-ORANGE,93,6
3-ORANGE,94,3
3-ORANGE,95,9
3-ORANGE,96,12
3-ORANGE,97,3
3-ORANGE,98,5
3-ORANGE,99,2
3-ORANGE,100,8
3-ORANGE,101,6
3-ORANGE,102,12
3-ORANGE,103,7
3-ORANGE,104,7
3-ORANGE,105,6
3-ORANGE,106,5
3-ORANGE,107,9
3-ORANGE,108,3
3-ORANGE,109,5
3-ORANGE,110,4
3-ORANGE,111,5
3-ORANGE,112,6
3-ORANGE,113,4
3-ORANGE,114,4
3-ORANGE,115,5
3-ORANGE,116,4
3-ORANGE,117,3
3-ORANGE,118,1
3-ORANGE,119,3
3-ORANGE,120,4
3-ORANGE,121,9
3-ORANGE,122,3
3-ORANGE,123,7
3-ORANGE,124,5
3-ORANGE,125,4
3-ORANGE,126,4
3-ORANGE,127,2
3-ORANGE,128,5
3-ORANGE,129,2
3-ORANGE,130,6
3-ORANGE,131,9
3-ORANGE,132,4
3-ORANGE,133,6
3-ORANGE,134,5
3-ORANGE,135,6
3-ORANGE,136,1
3-ORANGE,137,2
3-ORANGE,138,2
3-ORANGE,139,2
3-ORANGE,140,2
3-ORANGE,141,3
3-ORANGE,142,3
3-ORANGE,143,6
3-ORANGE,144,4
3-ORANGE,145,3
3-ORANGE,146,2
3-ORANGE,147,1
3-ORANGE,148,3
3-ORANGE,149,4
3-ORANGE,150,4
3-ORANGE,151,5
3-ORANGE,152,6
3-ORANGE,153,4
3-ORANGE,154,2
3-ORANGE,155,5
3-ORANGE,156,2
3-ORANGE,157,1
3-ORANGE,158,4
3-ORANGE,159,1
3-ORANGE,160,4
3-ORANGE,161,6
3-ORANGE,162,4
3-ORANGE,163,4
3-ORANGE,164,6
3-ORANGE,165,4
3-ORANGE,166,2
3-ORANGE,167,3
3-ORANGE,168,2
3-ORANGE,169,5
3-ORANGE,170,1
3-ORANGE,171,2
3-ORANGE,172,2
3-ORANGE,173,4
3-ORANGE,174,2
3-ORANGE,175,5
3-ORANGE,176,3
3-ORANGE,177,6
3-ORANGE,178,3
3-ORANGE,179,3
3-ORANGE,180,6
3-ORANGE,181,3
3-ORANGE,182,2
3-ORANGE,183,2
3-ORANGE,184,1
3-ORANGE,185,5
3-ORANGE,186,1
3-ORANGE,188,6
3-ORANGE,189,4
3-ORANGE,190,5
3-ORANGE,191,3
3-ORANGE,192,5
3-ORANGE,193,4
3-ORANGE,194,4
3-ORANGE,195,4
3-ORANGE,196,6
3-ORANGE,197,8
3-ORANGE,198,5
3-ORANGE,199,6
3-ORANGE,200,1
3-ORANGE,201,3
3-ORANGE,202,5
3-ORANGE,203,4
3-ORANGE,204,2
3-ORANGE,205,4
3-ORANGE,206,3
3-ORANGE,207,5
3-ORANGE,208,4
3-ORANGE,209,3
3-ORANGE,210,5
3-ORANGE,211,3
3-ORANGE,212,5
3-ORANGE,213,4
3-ORANGE,214,5
3-ORANGE,215,3
3-ORANGE,216,6
3-ORANGE,217,7
3-ORANGE,218,6
3-ORANGE,219,4
3-ORANGE,220,8
3-ORANGE,221,4
3-ORANGE,222,4
3-ORANGE,223,3
3-ORANGE,224,2
3-ORANGE,225,8
3-ORANGE,226,5
3-ORANGE,227,4
3-ORANGE,228,7
3-ORANGE,229,6
3-ORANGE,230,11
3-ORANGE,231,9
3-ORANGE,232,11
3-ORANGE,233,5
3-ORANGE,234,4
3-ORANGE,235,7
3-ORANGE,236,5
3-ORANGE,237,4
3-ORANGE,238,7
3-ORANGE,239,4
3-ORANGE,240,7
3-ORANGE,241,5
3-ORANGE,242,4
3-ORANGE,243,3
3-ORANGE,244,6
3-ORANGE,245,2
3-ORANGE,246,6
3-ORANGE,247,6
3-ORANGE,248,2
3-ORANGE,249,11
3-ORANGE,250,5
3-ORANGE,251,10
3-ORANGE,252,8
3-ORANGE,253,11
3-ORANGE,254,9
3-ORANGE,255,7
3-ORANGE,256,7
3-ORANGE,257,8
3-ORANGE,258,9
3-ORANGE,259,8
3-ORANGE,260,9
3-ORANGE,261,6
3-ORANGE,262,4
3-ORANGE,263,6
3-ORANGE,264,5
3-ORANGE,265,8
3-ORANGE,266,8
3-ORANGE,267,7
3-ORANGE,268,12
3-ORANGE,269,13
3-ORANGE,270,9
3-ORANGE,271,8
3-ORANGE,272,10
3-ORANGE,273,10
3-ORANGE,274,7
3-ORANGE,275,8
3-ORANGE,276,11
3-ORANGE,277,6
3-ORANGE,278,4
3-ORANGE,279,13
3-ORANGE,280,5
3-ORANGE,281,7
3-ORANGE,282,11
3-ORANGE,283,8
3-ORANGE,284,8
3-ORANGE,285,5
3-ORANGE,286,11
3-ORANGE,287,8
3-ORANGE,288,15
3-ORANGE,289,11
3-ORANGE,290,7
3-ORANGE,291,8
3-ORANGE,292,11
3-ORANGE,293,13
3-ORANGE,294,9
3-ORANGE,295,7
3-ORANGE,296,9
3-ORANGE,297,11
3-ORANGE,298,5
3-ORANGE,299,11
3-ORANGE,300,13
3-ORANGE,301,13
3-ORANGE,302,11
3-ORANGE,303,14
3-ORANGE,304,14
3-ORANGE,305,17
3-ORANGE,306,7
3-ORANGE,307,8
3-ORANGE,308,11
3-ORANGE,309,13
3-ORANGE,310,12
3-ORANGE,311,11
3-ORANGE,312,9
3-ORANGE,313,12
3-ORANGE,314,9
3-ORANGE,315,7
3-ORANGE,316,15
3-ORANGE,317,13
3-ORANGE,318,11
3-ORANGE,319,18
3-ORANGE,320,17
3-ORANGE,321,7
3-ORANGE,322,8
3-ORANGE,323,17
3-ORANGE,324,24
3-ORANGE,325,14
3-ORANGE,326,17
3-ORANGE,327,18
3-ORANGE,328,14
3-ORANGE,329,8
3-ORANGE,330,13
3-ORANGE,331,15
3-ORANGE,332,12
3-ORANGE,333,11
3-ORANGE,334,17
3-ORANGE,335,16
3-ORANGE,336,14
3-ORANGE,337,17
3-ORANGE,338,19
3-ORANGE,339,13
3-ORANGE,340,14
3-ORANGE,341,17
3-ORANGE,342,21
3-ORANGE,343,17
3-ORANGE,344,21
3-ORANGE,345,19
3-ORANGE,346,13
3-ORANGE,347,9
3-ORANGE,348,13
3-ORANGE,349,11
3-ORANGE,350,19
3-ORANGE,351,12
3-ORANGE,352,18
3-ORANGE,353,19
3-ORANGE,354,18
3-ORANGE,355,13
3-ORANGE,356,18
3-ORANGE,357,19
3-ORANGE,358,22
3-ORANGE,359,17
3-ORANGE,360,15
3-ORANGE,361,16
3-ORANGE,362,20
3-ORANGE,363,24
3-ORANGE,364,13
3-ORANGE,365,26
3-ORANGE,366,16
3-ORANGE,367,16
3-ORANGE,368,25
3-ORANGE,369,24
3-ORANGE,370,17
3-ORANGE,371,20
3-ORANGE,372,18
3-ORANGE,373,22
3-ORANGE,374,17
3-ORANGE,375,26
3-ORANGE,376,20
3-ORANGE,377,23
3-ORANGE,378,20
3-ORANGE,379,24
3-ORANGE,380,20
3-ORANGE,381,27
3-ORANGE,382,15
3-ORANGE,383,21
3-ORANGE,384,24
3-ORANGE,385,18
3-ORANGE,386,21
3-ORANGE,387,28
3-ORANGE,388,22
3-ORANGE,389,29
3-ORANGE,390,29
3-ORANGE,391,21
3-ORANGE,392,27
3-ORANGE,393,24
3-ORANGE,394,26
3-ORANGE,395,33
3-ORANGE,396,21
3-ORANGE,397,41
3-ORANGE,398,27
3-ORANGE,399,23
3-ORANGE,400,26
3-ORANGE,401,31
3-ORANGE,402,25
3-ORANGE,403,34
3-ORANGE,404,24
3-ORANGE,405,25
3-ORANGE,406,31
3-ORANGE,407,30
3-ORANGE,408,30
3-ORANGE,409,22
3-ORANGE,410,27
3-ORANGE,411,34
3-ORANGE,412,28
3-ORANGE,413,33
3-ORANGE,414,23
3-ORANGE,415,28
3-ORANGE,416,24
3-ORANGE,417,39
3-ORANGE,418,19
3-ORANGE,419,33
3-ORANGE,420,26
3-ORANGE,421,29
3-ORANGE,422,33
3-ORANGE,423,38
3-ORANGE,424,35
3-ORANGE,425,35
3-ORANGE,426,32
3-ORANGE,427,29
3-ORANGE,428,39
3-ORANGE,429,19
3-ORANGE,430,32
3-ORANGE,431,39
3-ORANGE,432,30
3-ORANGE,433,22
3-ORANGE,434,30
3-ORANGE,435,30
3-ORANGE,436,43
3-ORANGE,437,43
3-ORANGE,438,26
3-ORANGE,439,33
3-ORANGE,440,28
3-ORANGE,441,28
3-ORANGE,442,22
3-ORANGE,443,37
3-ORANGE,444,35
3-ORANGE,445,31
3-ORANGE,446,41
3-ORANGE,447,34
3-ORANGE,448,33
3-ORANGE,449,27
3-ORANGE,450,26
3-ORANGE,451,28
3-ORANGE,452,25
3-ORANGE,453,35
3-ORANGE,454,32
3-ORANGE,455,48
3-ORANGE,456,26
3-ORANGE,457,36
3-ORANGE,458,34
3-ORANGE,459,37
3-ORANGE,460,30
3-ORANGE,461,46
3-ORANGE,462,40
3-ORANGE,463,43
3-ORANGE,464,41
3-ORANGE,465,43
3-ORANGE,466,40
3-ORANGE,467,28
3-ORANGE,468,38
3-ORANGE,469,37
3-ORANGE,470,54
3-ORANGE,471,44
3-ORANGE,472,34
3-ORANGE,473,31
3-ORANGE,474,34
3-ORANGE,475,36
3-ORANGE,476,32
3-ORANGE,477,49
3-ORANGE,478,39
3-ORANGE,479,25
3-ORANGE,480,38
3-ORANGE,481,43
3-ORANGE,482,47
3-ORANGE,483,43
3-ORANGE,484,31
3-ORANGE,485,42
3-ORANGE,486,29
3-ORANGE,487,54
3-ORANGE,488,43
3-ORANGE,489,42
3-ORANGE,490,37
3-ORANGE,491,29
3-ORANGE,492,52
3-ORANGE,493,31
3-ORANGE,494,50
3-ORANGE,495,44
3-ORANGE,496,37
3-ORANGE,497,46
3-ORANGE,498,43
3-ORANGE,499,46
3-ORANGE,500,44
3-ORANGE,501,37
3-ORANGE,502,43
3-ORANGE,503,41
3-ORANGE,504,43
3-ORANGE,505,46
3-ORANGE,506,43
3-ORANGE,507,48
3-ORANGE,508,54
3-ORANGE,509,46
3-ORANGE,510,42
3-ORANGE,511,50
3-ORANGE,512,51
3-ORANGE,513,49
3-ORANGE,514,51
3-ORANGE,515,50
3-ORANGE,516,43
3-ORANGE,517,38
3-ORANGE,518,42
3-ORANGE,519,50
3-ORANGE,520,46
3-ORANGE,521,52
3-ORANGE,522,47
3-ORANGE,523,47
3-ORANGE,524,42
3-ORANGE,525,30
3-ORANGE,526,54
3-ORANGE,527,66
3-ORANGE,528,65
3-ORANGE,529,45
3-ORANGE,530,49
3-ORANGE,531,62
3-ORANGE,532,52
3-ORANGE,533,58
3-ORANGE,534,49
3-ORANGE,535,38
3-ORANGE,536,46
3-ORANGE,537,34
3-ORANGE,538,48
3-ORANGE,539,53
3-ORANGE,540,55
3-ORANGE,541,59
3-ORANGE,542,58
3-ORANGE,543,54
3-ORANGE,544,51
3-ORANGE,545,58
3-ORANGE,546,47
3-ORANGE,547,54
3-ORANGE,548,47
3-ORANGE,549,48
3-ORANGE,550,56
3-ORANGE,551,59
3-ORANGE,552,52
3-ORANGE,553,53
3-ORANGE,554,50
3-ORANGE,555,66
3-ORANGE,556,43
3-ORANGE,557,67
3-ORANGE,558,54
3-ORANGE,559,69
3-ORANGE,560,63
3-ORANGE,561,59
3-ORANGE,562,55
3-ORANGE,563,58
3-ORANGE,564,44
3-ORANGE,565,48
3-ORANGE,566,71
3-ORANGE,567,48
3-ORANGE,568,58
3-ORANGE,569,46
3-ORANGE,570,40
3-ORANGE,571,69
3-ORANGE,572,60
3-ORANGE,573,66
3-ORANGE,574,74
3-ORANGE,575,46
3-ORANGE,576,71
3-ORANGE,577,64
3-ORANGE,578,72
3-ORANGE,579,55
3-ORANGE,580,67
3-ORANGE,581,65
3-ORANGE,582,65
3-ORANGE,583,59
3-ORANGE,584,64
3-ORANGE,585,58
3-ORANGE,586,63
3-ORANGE,587,61
3-ORANGE,588,62
3-ORANGE,589,71
3-ORANGE,590,49
3-ORANGE,591,53
3-ORANGE,592,62
3-ORANGE,593,63
3-ORANGE,594,58
3-ORANGE,595,51
3-ORANGE,596,62
3-ORANGE,597,71
3-ORANGE,598,54
3-ORANGE,599,73
3-ORANGE,600,68
3-ORANGE,601,55
3-ORANGE,602,55
3-ORANGE,603,66
3-ORANGE,604,81
3-ORANGE,605,71
3-ORANGE,606,44
3-ORANGE,607,57
3-ORANGE,608,62
3-ORANGE,609,67
3-ORANGE,610,69
3-ORANGE,611,60
3-ORANGE,612,75
3-ORANGE,613,57
3-ORANGE,614,58
3-ORANGE,615,63
3-ORANGE,616,61
3-ORANGE,617,73
3-ORANGE,618,63
3-ORANGE,619,59
3-ORANGE,620,66
3-ORANGE,621,84
3-ORANGE,622,72
3-ORANGE,623,76
3-ORANGE,624,58
3-ORANGE,625,64
3-ORANGE,626,65
3-ORANGE,627,65
3-ORANGE,628,84
3-ORANGE,629,68
3-ORANGE,630,52
3-ORANGE,631,69
3-ORANGE,632,73
3-ORANGE,633,68
3-ORANGE,634,68
3-ORANGE,635,59
3-ORANGE,636,70
3-ORANGE,637,95
3-ORANGE,638,80
3-ORANGE,639,69
3-ORANGE,640,68
3-ORANGE,641,63
3-ORANGE,642,82
3-ORANGE,643,60
3-ORANGE,644,66
3-ORANGE,645,81
3-ORANGE,646,63
3-ORANGE,647,60
3-ORANGE,648,59
3-ORANGE,649,76
3-ORANGE,650,75
3-ORANGE,651,90
3-ORANGE,652,67
3-ORANGE,653,73
3-ORANGE,654,67
3-ORANGE,655,70
3-ORANGE,656,66
3-ORANGE,657,79
3-ORANGE,658,59
3-ORANGE,659,72
3-ORANGE,660,70
3-ORANGE,661,56
3-ORANGE,662,60
3-ORANGE,663,72
3-ORANGE,664,79
3-ORANGE,665,59
3-ORANGE,666,83
3-ORANGE,667,74
3-ORANGE,668,80
3-ORANGE,669,77
3-ORANGE,670,55
3-ORANGE,671,88
3-ORANGE,672,81
3-ORANGE,673,79
3-ORANGE,674,61
3-ORANGE,675,73
3-ORANGE,676,62
3-ORANGE,677,82
3-ORANGE,678,72
3-ORANGE,679,86
3-ORANGE,680,68
3-ORANGE,681,82
3-ORANGE,682,81
3-ORANGE,683,68
3-ORANGE,684,83
3-ORANGE,685,80
3-ORANGE,686,82
3-ORANGE,687,75
3-ORANGE,688,94
3-ORANGE,689,65
3-ORANGE,690,84
3-ORANGE,691,76
3-ORANGE,692,90
3-ORANGE,693,80
3-ORANGE,694,91
3-ORANGE,695,60
3-ORANGE,696,72
3-ORANGE,697,73
3-ORANGE,698,90
3-ORANGE,699,78
3-ORANGE,700,82
3-ORANGE,701,76
3-ORANGE,702,80
3-ORANGE,703,74
3-ORANGE,704,85
3-ORANGE,705,83
3-ORANGE,706,80
3-ORANGE,707,78
3-ORANGE,708,112
3-ORANGE,709,74
3-ORANGE,710,84
3-ORANGE,711,67
3-ORANGE,712,77
3-ORANGE,713,98
3-ORANGE,714,70
3-ORANGE,715,81
3-ORANGE,716,99
3-ORANGE,717,69
3-ORANGE,718,79
3-ORANGE,719,66
3-ORANGE,720,81
3-ORANGE,721,113
3-ORANGE,722,88
3-ORANGE,723,89
3-ORANGE,724,76
3-ORANGE,725,98
3-ORANGE,726,79
3-ORANGE,727,97
3-ORANGE,728,85
3-ORANGE,729,100
3-ORANGE,730,73
3-ORANGE,731,84
3-ORANGE,732,85
3-ORANGE,733,99
3-ORANGE,734,80
3-ORANGE,735,92
3-ORANGE,736,86
3-ORANGE,737,88
3-ORANGE,738,69
3-ORANGE,739,91
3-ORANGE,740,73
3-ORANGE,741,85
3-ORANGE,742,93
3-ORANGE,743,95
3-ORANGE,744,86
3-ORANGE,745,87
3-ORANGE,746,64
3-ORANGE,747,110
3-ORANGE,748,94
3-ORANGE,749,91
3-ORANGE,750,81
3-ORANGE,751,83
3-ORANGE,752,93
3-ORANGE,753,106
3-ORANGE,754,99
3-ORANGE,755,91
3-ORANGE,756,94
3-ORANGE,757,74
3-ORANGE,758,88
3-ORANGE,759,98
3-ORANGE,760,84
3-ORANGE,761,93
3-ORANGE,762,105
3-ORANGE,763,93
3-ORANGE,764,98
3-ORANGE,765,91
3-ORANGE,766,104
3-ORANGE,767,75
3-ORANGE,768,64
3-ORANGE,769,89
3-ORANGE,770,94
3-ORANGE,771,84
3-ORANGE,772,86
3-ORANGE,773,96
3-ORANGE,774,99
3-ORANGE,775,81
3-ORANGE,776,88
3-ORANGE,777,91
3-ORANGE,778,92
3-ORANGE,779,83
3-ORANGE,780,110
3-ORANGE,781,83
3-ORANGE,782,86
3-ORANGE,783,92
3-ORANGE,784,98
3-ORANGE,785,89
3-ORANGE,786,76
3-ORANGE,787,104
3-ORANGE,788,84
3-ORANGE,789,85
3-ORANGE,790,84
3-ORANGE,791,97
3-ORANGE,792,109
3-ORANGE,793,87
3-ORANGE,794,96
3-ORANGE,795,98
3-ORANGE,796,88
3-ORANGE,797,105
3-ORANGE,798,93
3-ORANGE,799,85
3-ORANGE,800,97
3-ORANGE,801,106
3-ORANGE,802,84
3-ORANGE,803,96
3-ORANGE,804,85
3-ORANGE,805,118
3-ORANGE,806,96
3-ORANGE,807,101
3-ORANGE,808,106
3-ORANGE,809,87
3-ORANGE,810,92
3-ORANGE,811,103
3-ORANGE,812,101
3-ORANGE,813,101
3-ORANGE,814,98
3-ORANGE,815,98
3-ORANGE,816,97
3-ORANGE,817,87
3-ORANGE,818,102
3-ORANGE,819,97
3-ORANGE,820,94
3-ORANGE,821,96
3-ORANGE,822,82
3-ORANGE,823,92
3-ORANGE,824,95
3-ORANGE,825,105
3-ORANGE,826,94
3-ORANGE,827,100
3-ORANGE,828,85
3-ORANGE,829,81
3-ORANGE,830,92
3-ORANGE,831,95
3-ORANGE,832,105
3-ORANGE,833,104
3-ORANGE,834,97
3-ORANGE,835,92
3-ORANGE,836,110
3-ORANGE,837,80
3-ORANGE,838,105
3-ORANGE,839,89
3-ORANGE,840,98
3-ORANGE,841,88
3-ORANGE,842,94
3-ORANGE,843,91
3-ORANGE,844,97
3-ORANGE,845,100
3-ORANGE,846,103
3-ORANGE,847,98
3-ORANGE,848,84
3-ORANGE,849,94
3-ORANGE,850,73
3-ORANGE,851,101
3-ORANGE,852,94
3-ORANGE,853,98
3-ORANGE,854,87
3-ORANGE,855,102
3-ORANGE,856,96
3-ORANGE,857,82
3-ORANGE,858,107
3-ORANGE,859,88
3-ORANGE,860,119
3-ORANGE,861,103
3-ORANGE,862,100
3-ORANGE,863,93
3-ORANGE,864,79
3-ORANGE,865,115
3-ORANGE,866,99
3-ORANGE,867,92
3-ORANGE,868,100
3-ORANGE,869,92
3-ORANGE,870,99
3-ORANGE,871,94
3-ORANGE,872,83
3-ORANGE,873,96
3-ORANGE,874,91
3-ORANGE,875,93
3-ORANGE,876,107
3-ORANGE,877,99
3-ORANGE,878,109
3-ORANGE,879,104
3-ORANGE,880,110
3-ORANGE,881,84
3-ORANGE,882,83
3-ORANGE,883,90
3-ORANGE,884,94
3-ORANGE,885,87
3-ORANGE,886,97
3-ORANGE,887,95
3-ORANGE,888,87
3-ORANGE,889,80
3-ORANGE,890,113
3-ORANGE,891,112
3-ORANGE,892,104
3-ORANGE,893,97
3-ORANGE,894,90
3-ORANGE,895,85
3-ORANGE,896,109
3-ORANGE,897,94
3-ORANGE,898,93
3-ORANGE,899,87
3-ORANGE,900,112
3-ORANGE,901,88
3-ORANGE,902,106
3-ORANGE,903,113
3-ORANGE,904,77
3-ORANGE,905,87
3-ORANGE,906,104
3-ORANGE,907,94
3-ORANGE,908,92
3-ORANGE,909,90
3-ORANGE,910,99
3-ORANGE,911,102
3-ORANGE,912,108
3-ORANGE,913,89
3-ORANGE,914,103
3-ORANGE,915,92
3-ORANGE,916,122
3-ORANGE,917,90
3-ORANGE,918,116
3-ORANGE,919,122
3-ORANGE,920,105
3-ORANGE,921,86
3-ORANGE,922,88
3-ORANGE,923,107
3-ORANGE,924,94
3-ORANGE,925,89
3-ORANGE,926,100
3-ORANGE,927,100
3-ORANGE,928,85
3-ORANGE,929,101
3-ORANGE,930,96
3-ORANGE,931,95
3-ORANGE,932,92
3-ORANGE,933,104
3-ORANGE,934,88
3-ORANGE,935,96
3-ORANGE,936,108
3-ORANGE,937,94
3-ORANGE,938,103
3-ORANGE,939,85
3-ORANGE,940,95
3-ORANGE,941,117
3-ORANGE,942,120
3-ORANGE,943,98
3-ORANGE,944,85
3-ORANGE,945,93
3-ORANGE,946,103
3-ORANGE,947,90
3-ORANGE,948,94
3-ORANGE,949,95
3-ORANGE,950,98
3-ORANGE,951,108
3-ORANGE,952,89
3-ORANGE,953,114
3-ORANGE,954,94
3-ORANGE,955,93
3-ORANGE,956,96
3-ORANGE,957,89
3-ORANGE,958,99
3-ORANGE,959,94
3-ORANGE,960,94
3-ORANGE,961,84
3-ORANGE,962,84
3-ORANGE,963,91
3-ORANGE,964,90
3-ORANGE,965,79
3-ORANGE,966,127
3-ORANGE,967,101
3-ORANGE,968,90
3-ORANGE,969,88
3-ORANGE,970,89
3-ORANGE,971,93
3-ORANGE,972,83
3-ORANGE,973,114
3-ORANGE,974,90
3-ORANGE,975,113
3-ORANGE,976,94
3-ORANGE,977,92
3-ORANGE,978,100
3-ORANGE,979,86
3-ORANGE,980,96
3-ORANGE,981,103
3-ORANGE,982,104
3-ORANGE,983,110
3-ORANGE,984,91
3-ORANGE,985,96
3-ORANGE,986,87
3-ORANGE,987,74
3-ORANGE,988,92
3-ORANGE,989,90
3-ORANGE,990,89
3-ORANGE,991,92
3-ORANGE,992,103
3-ORANGE,993,88
3-ORANGE,994,108
3-ORANGE,995,96
3-ORANGE,996,89
3-ORANGE,997,78
3-ORANGE,998,88
3-ORANGE,999,83
3-ORANGE,1000,87
3-ORANGE,1001,97
3-ORANGE,1002,107
3-ORANGE,1003,108
3-ORANGE,1004,75
3-ORANGE,1005,110
3-ORANGE,1006,103
3-ORANGE,1007,83
3-ORANGE,1008,97
3-ORANGE,1009,79
3-ORANGE,1010,93
3-ORANGE,1011,97
3-ORANGE,1012,92
3-ORANGE,1013,107
3-ORANGE,1014,97
3-ORANGE,1015,82
3-ORANGE,1016,87
3-ORANGE,1017,87
3-ORANGE,1018,85
3-ORANGE,1019,102
3-ORANGE,1020,92
3-ORANGE,1021,90
3-ORANGE,1022,110
3-ORANGE,1023,81
3-ORANGE,1024,95
3-ORANGE,1025,100
3-ORANGE,1026,78
3-ORANGE,1027,88
3-ORANGE,1028,85
3-ORANGE,1029,105
3-ORANGE,1030,89
3-ORANGE,1031,96
3-ORANGE,1032,107
3-ORANGE,1033,97
3-ORANGE,1034,110
3-ORANGE,1035,92
3-ORANGE,1036,83
3-ORANGE,1037,104
3-ORANGE,1038,95
3-ORANGE,1039,90
3-ORANGE,1040,90
3-ORANGE,1041,89
3-ORANGE,1042,98
3-ORANGE,1043,91
3-ORANGE,1044,85
3-ORANGE,1045,84
3-ORANGE,1046,97
3-ORANGE,1047,92
3-ORANGE,1048,88
3-ORANGE,1049,101
3-ORANGE,1050,101
3-ORANGE,1051,100
3-ORANGE,1052,103
3-ORANGE,1053,90
3-ORANGE,1054,104
3-ORANGE,1055,95
3-ORANGE,1056,101
3-ORANGE,1057,113
3-ORANGE,1058,98
3-ORANGE,1059,90
3-ORANGE,1060,91
3-ORANGE,1061,101
3-ORANGE,1062,111
3-ORANGE,1063,101
3-ORANGE,1064,80
3-ORANGE,1065,95
3-ORANGE,1066,91
3-ORANGE,1067,93
3-ORANGE,1068,94
3-ORANGE,1069,102
3-ORANGE,1070,103
3-ORANGE,1071,91
3-ORANGE,1072,92
3-ORANGE,1073,107
3-ORANGE,1074,90
3-ORANGE,1075,99
3-ORANGE,1076,102
3-ORANGE,1077,85
3-ORANGE,1078,86
3-ORANGE,1079,94
3-ORANGE,1080,89
3-ORANGE,1081,117
3-ORANGE,1082,79
3-ORANGE,1083,99
3-ORANGE,1084,92
3-ORANGE,1085,99
3-ORANGE,1086,90
3-ORANGE,1087,99
3-ORANGE,1088,95
3-ORANGE,1089,88
3-ORANGE,1090,105
3-ORANGE,1091,101
3-ORANGE,1092,93
3-ORANGE,1093,90
3-ORANGE,1094,83
3-ORANGE,1095,85
3-ORANGE,1096,102
3-ORANGE,1097,95
3-ORANGE,1098,95
3-ORANGE,1099,92
3-ORANGE,1100,86
3-ORANGE,1101,115
3-ORANGE,1102,89
3-ORANGE,1103,82
3-ORANGE,1104,100
3-ORANGE,1105,109
3-ORANGE,1106,79
3-ORANGE,1107,86
3-ORANGE,1108,94
3-ORANGE,1109,87
3-ORANGE,1110,88
3-ORANGE,1111,112
3-ORANGE,1112,92
3-ORANGE,1113,81
3-ORANGE,1114,87
3-ORANGE,1115,98
3-ORANGE,1116,95
3-ORANGE,1117,87
3-ORANGE,1118,77
3-ORANGE,1119,103
3-ORANGE,1120,91
3-ORANGE,1121,85
3-ORANGE,1122,84
3-ORANGE,1123,106
3-ORANGE,1124,82
3-ORANGE,1125,82
3-ORANGE,1126,84
3-ORANGE,1127,93
3-ORANGE,1128,90
3-ORANGE,1129,106
3-ORANGE,1130,90
3-ORANGE,1131,97
3-ORANGE,1132,76
3-ORANGE,1133,79
3-ORANGE,1134,83
3-ORANGE,1135,86
3-ORANGE,1136,93
3-ORANGE,1137,99
3-ORANGE,1138,84
3-ORANGE,1139,85
3-ORANGE,1140,94
3-ORANGE,1141,97
3-ORANGE,1142,99
3-ORANGE,1143,111
3-ORANGE,1144,99
3-ORANGE,1145,75
3-ORANGE,1146,96
3-ORANGE,1147,78
3-ORANGE,1148,86
3-ORANGE,1149,87
3-ORANGE,1150,89
3-ORANGE,1151,76
3-ORANGE,1152,104
3-ORANGE,1153,82
3-ORANGE,1154,71
3-ORANGE,1155,83
3-ORANGE,1156,91
3-ORANGE,1157,85
3-ORANGE,1158,80
3-ORANGE,1159,93
3-ORANGE,1160,86
3-ORANGE,1161,93
3-ORANGE,1162,93
3-ORANGE,1163,74
3-ORANGE,1164,77
3-ORANGE,1165,103
3-ORANGE,1166,74
3-ORANGE,1167,100
3-ORANGE,1168,94
3-ORANGE,1169,92
3-ORANGE,1170,93
3-ORANGE,1171,82
3-ORANGE,1172,88
3-ORANGE,1173,88
3-ORANGE,1174,104
3-ORANGE,1175,91
3-ORANGE,1176,93
3-ORANGE,1177,96
3-ORANGE,1178,94
3-ORANGE,1179,74
3-ORANGE,1180,96
3-ORANGE,1181,87
3-ORANGE,1182,80
3-ORANGE,1183,103
3-ORANGE,1184,107
3-ORANGE,1185,88
3-ORANGE,1186,67
3-ORANGE,1187,88
3-ORANGE,1188,77
3-ORANGE,1189,95
3-ORANGE,1190,87
3-ORANGE,1191,95
3-ORANGE,1192,87
3-ORANGE,1193,90
3-ORANGE,1194,75
3-ORANGE,1195,77
3-ORANGE,1196,89
3-ORANGE,1197,86
3-ORANGE,1198,73
3-ORANGE,1199,84
3-ORANGE,1200,56
3-ORANGE,1201,90
3-ORANGE,1202,76
3-ORANGE,1203,70
3-ORANGE,1204,103
3-ORANGE,1205,92
3-ORANGE,1206,80
3-ORANGE,1207,76
3-ORANGE,1208,79
3-ORANGE,1209,85
3-ORANGE,1210,86
3-ORANGE,1211,105
3-ORANGE,1212,81
3-ORANGE,1213,100
3-ORANGE,1214,83
3-ORANGE,1215,81
3-ORANGE,1216,82
3-ORANGE,1217,78
3-ORANGE,1218,85
3-ORANGE,1219,76
3-ORANGE,1220,88
3-ORANGE,1221,84
3-ORANGE,1222,95
3-ORANGE,1223,79
3-ORANGE,1224,77
3-ORANGE,1225,80
3-ORANGE,1226,78
3-ORANGE,1227,72
3-ORANGE,1228,84
3-ORANGE,1229,95
3-ORANGE,1230,79
3-ORANGE,1231,62
3-ORANGE,1232,89
3-ORANGE,1233,95
3-ORANGE,1234,84
3-ORANGE,1235,97
3-ORANGE,1236,69
3-ORANGE,1237,88
3-ORANGE,1238,98
3-ORANGE,1239,73
3-ORANGE,1240,79
3-ORANGE,1241,93
3-ORANGE,1242,79
3-ORANGE,1243,89
3-ORANGE,1244,87
3-ORANGE,1245,92
3-ORANGE,1246,85
3-ORANGE,1247,85
3-ORANGE,1248,77
3-ORANGE,1249,82
3-ORANGE,1250,69
3-ORANGE,1251,91
3-ORANGE,1252,81
3-ORANGE,1253,77
3-ORANGE,1254,87
3-ORANGE,1255,91
3-ORANGE,1256,89
3-ORANGE,1257,78
3-ORANGE,1258,66
3-ORANGE,1259,80
3-ORANGE,1260,60
3-ORANGE,1261,87
3-ORANGE,1262,81
3-ORANGE,1263,70
3-ORANGE,1264,66
3-ORANGE,1265,69
3-ORANGE,1266,74
3-ORANGE,1267,93
3-ORANGE,1268,73
3-ORANGE,1269,58
3-ORANGE,1270,81
3-ORANGE,1271,79
3-ORANGE,1272,77
3-ORANGE,1273,69
3-ORANGE,1274,77
3-ORANGE,1275,73
3-ORANGE,1276,73
3-ORANGE,1277,71
3-ORANGE,1278,74
3-ORANGE,1279,70
3-ORANGE,1280,76
3-ORANGE,1281,71
3-ORANGE,1282,86
3-ORANGE,1283,67
3-ORANGE,1284,92
3-ORANGE,1285,79
3-ORANGE,1286,78
3-ORANGE,1287,75
3-ORANGE,1288,90
3-ORANGE,1289,87
3-ORANGE,1290,86
3-ORANGE,1291,81
3-ORANGE,1292,72
3-ORANGE,1293,71
3-ORANGE,1294,77
3-ORANGE,1295,72
3-ORANGE,1296,76
3-ORANGE,1297,73
3-ORANGE,1298,88
3-ORANGE,1299,70
3-ORANGE,1300,84
3-ORANGE,1301,63
3-ORANGE,1302,78
3-ORANGE,1303,72
3-ORANGE,1304,80
3-ORANGE,1305,70
3-ORANGE,1306,80
3-ORANGE,1307,79
3-ORANGE,1308,75
3-ORANGE,1309,83
3-ORANGE,1310,85
3-ORANGE,1311,69
3-ORANGE,1312,71
3-ORANGE,1313,73
3-ORANGE,1314,75
3-ORANGE,1315,77
3-ORANGE,1316,63
3-ORANGE,1317,68
3-ORANGE,1318,65
3-ORANGE,1319,67
3-ORANGE,1320,76
3-ORANGE,1321,73
3-ORANGE,1322,64
3-ORANGE,1323,68
3-ORANGE,1324,75
3-ORANGE,1325,81
3-ORANGE,1326,78
3-ORANGE,1327,82
3-ORANGE,1328,62
3-ORANGE,1329,84
3-ORANGE,1330,88
3-ORANGE,1331,63
3-ORANGE,1332,80
3-ORANGE,1333,67
3-ORANGE,1334,72
3-ORANGE,1335,78
3-ORANGE,1336,78
3-ORANGE,1337,68
3-ORANGE,1338,80
3-ORANGE,1339,93
3-ORANGE,1340,66
3-ORANGE,1341,77
3-ORANGE,1342,81
3-ORANGE,1343,66
3-ORANGE,1344,65
3-ORANGE,1345,71
3-ORANGE,1346,75
3-ORANGE,1347,73
3-ORANGE,1348,69
3-ORANGE,1349,68
3-ORANGE,1350,66
3-ORANGE,1351,78
3-ORANGE,1352,84
3-ORANGE,1353,90
3-ORANGE,1354,64
3-ORANGE,1355,80
3-ORANGE,1356,68
3-ORANGE,1357,61
3-ORANGE,1358,69
3-ORANGE,1359,83
3-ORANGE,1360,76
3-ORANGE,1361,75
3-ORANGE,1362,60
3-ORANGE,1363,68
3-ORANGE,1364,57
3-ORANGE,1365,65
3-ORANGE,1366,93
3-ORANGE,1367,85
3-ORANGE,1368,69
3-ORANGE,1369,60
3-ORANGE,1370,69
3-ORANGE,1371,82
3-ORANGE,1372,81
3-ORANGE,1373,73
3-ORANGE,1374,56
3-ORANGE,1375,71
3-ORANGE,1376,71
3-ORANGE,1377,69
3-ORANGE,1378,83
3-ORANGE,1379,57
3-ORANGE,1380,68
3-ORANGE,1381,72
3-ORANGE,1382,69
3-ORANGE,1383,58
3-ORANGE,1384,63
3-ORANGE,1385,70
3-ORANGE,1386,49
3-ORANGE,1387,73
3-ORANGE,1388,71
3-ORANGE,1389,67
3-ORANGE,1390,72
3-ORANGE,1391,78
3-ORANGE,1392,66
3-ORANGE,1393,66
3-ORANGE,1394,72
3-ORANGE,1395,74
3-ORANGE,1396,55
3-ORANGE,1397,65
3-ORANGE,1398,74
3-ORANGE,1399,56
3-ORANGE,1400,79
3-ORANGE,1401,69
3-ORANGE,1402,68
3-ORANGE,1403,67
3-ORANGE,1404,64
3-ORANGE,1405,67
3-ORANGE,1406,90
3-ORANGE,1407,64
3-ORANGE,1408,70
3-ORANGE,1409,74
3-ORANGE,1410,66
3-ORANGE,1411,72
3-ORANGE,1412,69
3-ORANGE,1413,58
3-ORANGE,1414,75
3-ORANGE,1415,66
3-ORANGE,1416,62
3-ORANGE,1417,73
3-ORANGE,1418,55
3-ORANGE,1419,68
3-ORANGE,1420,69
3-ORANGE,1421,67
3-ORANGE,1422,58
3-ORANGE,1423,69
3-ORANGE,1424,70
3-ORANGE,1425,66
3-ORANGE,1426,68
3-ORANGE,1427,60
3-ORANGE,1428,58
3-ORANGE,1429,79
3-ORANGE,1430,64
3-ORANGE,1431,71
3-ORANGE,1432,71
3-ORANGE,1433,77
3-ORANGE,1434,60
3-ORANGE,1435,70
3-ORANGE,1436,63
3-ORANGE,1437,68
3-ORANGE,1438,61
3-ORANGE,1439,50
3-ORANGE,1440,70
3-ORANGE,1441,77
3-ORANGE,1442,72
3-ORANGE,1443,71
3-ORANGE,1444,58
3-ORANGE,1445,76
3-ORANGE,1446,64
3-ORANGE,1447,70
3-ORANGE,1448,61
3-ORANGE,1449,58
3-ORANGE,1450,63
3-ORANGE,1451,69
3-ORANGE,1452,59
3-ORANGE,1453,62
3-ORANGE,1454,55
3-ORANGE,1455,59
3-ORANGE,1456,68
3-ORANGE,1457,71
3-ORANGE,1458,54
3-ORANGE,1459,64
3-ORANGE,1460,71
3-ORANGE,1461,61
3-ORANGE,1462,70
3-ORANGE,1463,62
3-ORANGE,1464,65
3-ORANGE,1465,73
3-ORANGE,1466,63
3-ORANGE,1467,72
3-ORANGE,1468,56
3-ORANGE,1469,63
3-ORANGE,1470,61
3-ORANGE,1471,63
3-ORANGE,1472,50
3-ORANGE,1473,63
3-ORANGE,1474,61
3-ORANGE,1475,74
3-ORANGE,1476,68
3-ORANGE,1477,66
3-ORANGE,1478,53
3-ORANGE,1479,50
3-ORANGE,1480,56
3-ORANGE,1481,52
3-ORANGE,1482,56
3-ORANGE,1483,64
3-ORANGE,1484,69
3-ORANGE,1485,62
3-ORANGE,1486,69
3-ORANGE,1487,64
3-ORANGE,1488,69
3-ORANGE,1489,68
3-ORANGE,1490,47
3-ORANGE,1491,62
3-ORANGE,1492,72
3-ORANGE,1493,60
3-ORANGE,1494,54
3-ORANGE,1495,64
3-ORANGE,1496,65
3-ORANGE,1497,58
3-ORANGE,1498,67
3-ORANGE,1499,50
3-ORANGE,1500,57
3-ORANGE,1501,55
3-ORANGE,1502,63
3-ORANGE,1503,60
3-ORANGE,1504,60
3-ORANGE,1505,64
3-ORANGE,1506,60
3-ORANGE,1507,66
3-ORANGE,1508,47
3-ORANGE,1509,62
3-ORANGE,1510,61
3-ORANGE,1511,56
3-ORANGE,1512,44
3-ORANGE,1513,52
3-ORANGE,1514,54
3-ORANGE,1515,57
3-ORANGE,1516,68
3-ORANGE,1517,54
3-ORANGE,1518,64
3-ORANGE,1519,44
3-ORANGE,1520,63
3-ORANGE,1521,62
3-ORANGE,1522,63
3-ORANGE,1523,62
3-ORANGE,1524,71
3-ORANGE,1525,61
3-ORANGE,1526,49
3-ORANGE,1527,66
3-ORANGE,1528,56
3-ORANGE,1529,50
3-ORANGE,1530,66
3-ORANGE,1531,49
3-ORANGE,1532,71
3-ORANGE,1533,57
3-ORANGE,1534,54
3-ORANGE,1535,51
3-ORANGE,1536,76
3-ORANGE,1537,60
3-ORANGE,1538,49
3-ORANGE,1539,57
3-ORANGE,1540,53
3-ORANGE,1541,56
3-ORANGE,1542,55
3-ORANGE,1543,83
3-ORANGE,1544,65
3-ORANGE,1545,45
3-ORANGE,1546,68
3-ORANGE,1547,59
3-ORANGE,1548,75
3-ORANGE,1549,63
3-ORANGE,1550,47
3-ORANGE,1551,51
3-ORANGE,1552,65
3-ORANGE,1553,54
3-ORANGE,1554,73
3-ORANGE,1555,62
3-ORANGE,1556,52
3-ORANGE,1557,42
3-ORANGE,1558,49
3-ORANGE,1559,54
3-ORANGE,1560,51
3-ORANGE,1561,66
3-ORANGE,1562,48
3-ORANGE,1563,59
3-ORANGE,1564,82
3-ORANGE,1565,58
3-ORANGE,1566,53
3-ORANGE,1567,52
3-ORANGE,1568,57
3-ORANGE,1569,58
3-ORANGE,1570,57
3-ORANGE,1571,54
3-ORANGE,1572,63
3-ORANGE,1573,47
3-ORANGE,1574,53
3-ORANGE,1575,53
3-ORANGE,1576,57
3-ORANGE,1577,39
3-ORANGE,1578,49
3-ORANGE,1579,59
3-ORANGE,1580,62
3-ORANGE,1581,57
3-ORANGE,1582,57
3-ORANGE,1583,62
3-ORANGE,1584,38
3-ORANGE,1585,49
3-ORANGE,1586,39
3-ORANGE,1587,50
3-ORANGE,1588,62
3-ORANGE,1589,57
3-ORANGE,1590,59
3-ORANGE,1591,48
3-ORANGE,1592,58
3-ORANGE,1593,52
3-ORANGE,1594,50
3-ORANGE,1595,66
3-ORANGE,1596,58
3-ORANGE,1597,50
3-ORANGE,1598,49
3-ORANGE,1599,55
3-ORANGE,1600,72
3-ORANGE,1601,39
3-ORANGE,1602,52
3-ORANGE,1603,55
3-ORANGE,1604,57
3-ORANGE,1605,47
3-ORANGE,1606,54
3-ORANGE,1607,60
3-ORANGE,1608,49
3-ORANGE,1609,44
3-ORANGE,1610,38
3-ORANGE,1611,51
3-ORANGE,1612,64
3-ORANGE,1613,41
3-ORANGE,1614,46
3-ORANGE,1615,44
3-ORANGE,1616,59
3-ORANGE,1617,53
3-ORANGE,1618,61
3-ORANGE,1619,37
3-ORANGE,1620,45
3-ORANGE,1621,54
3-ORANGE,1622,57
3-ORANGE,1623,52
3-ORANGE,1624,45
3-ORANGE,1625,53
3-ORANGE,1626,49
3-ORANGE,1627,60
3-ORANGE,1628,37
3-ORANGE,1629,65
3-ORANGE,1630,44
3-ORANGE,1631,61
3-ORANGE,1632,57
3-ORANGE,1633,50
3-ORANGE,1634,47
3-ORANGE,1635,42
3-ORANGE,1636,73
3-ORANGE,1637,42
3-ORANGE,1638,52
3-ORANGE,1639,40
3-ORANGE,1640,44
3-ORANGE,1641,33
3-ORANGE,1642,52
3-ORANGE,1643,46
3-ORANGE,1644,47
3-ORANGE,1645,50
3-ORANGE,1646,56
3-ORANGE,1647,51
3-ORANGE,1648,35
3-ORANGE,1649,53
3-ORANGE,1650,46
3-ORANGE,1651,37
3-ORANGE,1652,54
3-ORANGE,1653,55
3-ORANGE,1654,29
3-ORANGE,1655,62
3-ORANGE,1656,49
3-ORANGE,1657,43
3-ORANGE,1658,41
3-ORANGE,1659,37
3-ORANGE,1660,42
3-ORANGE,1661,45
3-ORANGE,1662,40
3-ORANGE,1663,44
3-ORANGE,1664,39
3-ORANGE,1665,42
3-ORANGE,1666,55
3-ORANGE,1667,37
3-ORANGE,1668,45
3-ORANGE,1669,53
3-ORANGE,1670,46
3-ORANGE,1671,46
3-ORANGE,1672,46
3-ORANGE,1673,59
3-ORANGE,1674,41
3-ORANGE,1675,55
3-ORANGE,1676,39
3-ORANGE,1677,47
3-ORANGE,1678,52
3-ORANGE,1679,46
3-ORANGE,1680,53
3-ORANGE,1681,54
3-ORANGE,1682,46
3-ORANGE,1683,35
3-ORANGE,1684,56
3-ORANGE,1685,54
3-ORANGE,1686,45
3-ORANGE,1687,48
3-ORANGE,1688,47
3-ORANGE,1689,49
3-ORANGE,1690,51
3-ORANGE,1691,42
3-ORANGE,1692,55
3-ORANGE,1693,51
3-ORANGE,1694,38
3-ORANGE,1695,42
3-ORANGE,1696,43
3-ORANGE,1697,44
3-ORANGE,1698,53
3-ORANGE,1699,35
3-ORANGE,1700,49
3-ORANGE,1701,52
3-ORANGE,1702,41
3-ORANGE,1703,45
3-ORANGE,1704,55
3-ORANGE,1705,46
3-ORANGE,1706,40
3-ORANGE,1707,47
3-ORANGE,1708,37
3-ORANGE,1709,57
3-ORANGE,1710,55
3-ORANGE,1711,46
3-ORANGE,1712,44
3-ORANGE,1713,53
3-ORANGE,1714,51
3-ORANGE,1715,45
3-ORANGE,1716,41
3-ORANGE,1717,41
3-ORANGE,1718,40
3-ORANGE,1719,52
3-ORANGE,1720,45
3-ORANGE,1721,38
3-ORANGE,1722,50
3-ORANGE,1723,49
3-ORANGE,1724,53
3-ORANGE,1725,48
3-ORANGE,1726,43
3-ORANGE,1727,44
3-ORANGE,1728,52
3-ORANGE,1729,39
3-ORANGE,1730,50
3-ORANGE,1731,42
3-ORANGE,1732,45
3-ORANGE,1733,46
3-ORANGE,1734,50
3-ORANGE,1735,36
3-ORANGE,1736,30
3-ORANGE,1737,52
3-ORANGE,1738,50
3-ORANGE,1739,38
3-ORANGE,1740,43
3-ORANGE,1741,43
3-ORANGE,1742,31
3-ORANGE,1743,43
3-ORANGE,1744,40
3-ORANGE,1745,37
3-ORANGE,1746,32
3-ORANGE,1747,32
3-ORANGE,1748,35
3-ORANGE,1749,42
3-ORANGE,1750,51
3-ORANGE,1751,46
3-ORANGE,1752,33
3-ORANGE,1753,34
3-ORANGE,1754,35
3-ORANGE,1755,40
3-ORANGE,1756,44
3-ORANGE,1757,47
3-ORANGE,1758,48
3-ORANGE,1759,52
3-ORANGE,1760,37
3-ORANGE,1761,48
3-ORANGE,1762,36
3-ORANGE,1763,41
3-ORANGE,1764,34
3-ORANGE,1765,38
3-ORANGE,1766,36
3-ORANGE,1767,43
3-ORANGE,1768,47
3-ORANGE,1769,35
3-ORANGE,1770,58
3-ORANGE,1771,46
3-ORANGE,1772,32
3-ORANGE,1773,44
3-ORANGE,1774,35
3-ORANGE,1775,47
3-ORANGE,1776,44
3-ORANGE,1777,36
3-ORANGE,1778,39
3-ORANGE,1779,33
3-ORANGE,1780,53
3-ORANGE,1781,32
3-ORANGE,1782,45
3-ORANGE,1783,43
3-ORANGE,1784,35
3-ORANGE,1785,46
3-ORANGE,1786,45
3-ORANGE,1787,39
3-ORANGE,1788,33
3-ORANGE,1789,37
3-ORANGE,1790,40
3-ORANGE,1791,37
3-ORANGE,1792,39
3-ORANGE,1793,37
3-ORANGE,1794,35
3-ORANGE,1795,30
3-ORANGE,1796,34
3-ORANGE,1797,47
3-ORANGE,1798,49
3-ORANGE,1799,38
3-ORANGE,1800,43
3-ORANGE,1801,38
3-ORANGE,1802,31
3-ORANGE,1803,42
3-ORANGE,1804,30
3-ORANGE,1805,53
3-ORANGE,1806,33
3-ORANGE,1807,36
3-ORANGE,1808,32
3-ORANGE,1809,45
3-ORANGE,1810,43
3-ORANGE,1811,34
3-ORANGE,1812,36
3-ORANGE,1813,38
3-ORANGE,1814,37
3-ORANGE,1815,35
3-ORANGE,1816,41
3-ORANGE,1817,39
3-ORANGE,1818,44
3-ORANGE,1819,49
3-ORANGE,1820,33
3-ORANGE,1821,35
3-ORANGE,1822,35
3-ORANGE,1823,41
3-ORANGE,1824,33
3-ORANGE,1825,52
3-ORANGE,1826,50
3-ORANGE,1827,46
3-ORANGE,1828,31
3-ORANGE,1829,42
3-ORANGE,1830,34
3-ORANGE,1831,48
3-ORANGE,1832,43
3-ORANGE,1833,32
3-ORANGE,1834,34
3-ORANGE,1835,47
3-ORANGE,1836,37
3-ORANGE,1837,50
3-ORANGE,1838,43
3-ORANGE,1839,43
3-ORANGE,1840,37
3-ORANGE,1841,33
3-ORANGE,1842,31
3-ORANGE,1843,32
3-ORANGE,1844,30
3-ORANGE,1845,29
3-ORANGE,1846,28
3-ORANGE,1847,41
3-ORANGE,1848,35
3-ORANGE,1849,51
3-ORANGE,1850,30
3-ORANGE,1851,30
3-ORANGE,1852,34
3-ORANGE,1853,31
3-ORANGE,1854,35
3-ORANGE,1855,38
3-ORANGE,1856,34
3-ORANGE,1857,38
3-ORANGE,1858,40
3-ORANGE,1859,37
3-ORANGE,1860,37
3-ORANGE,1861,44
3-ORANGE,1862,40
3-ORANGE,1863,36
3-ORANGE,1864,33
3-ORANGE,1865,47
3-ORANGE,1866,30
3-ORANGE,1867,52
3-ORANGE,1868,32
3-ORANGE,1869,27
3-ORANGE,1870,31
3-ORANGE,1871,33
3-ORANGE,1872,26
3-ORANGE,1873,34
3-ORANGE,1874,42
3-ORANGE,1875,38
3-ORANGE,1876,44
3-ORANGE,1877,46
3-ORANGE,1878,40
3-ORANGE,1879,33
3-ORANGE,1880,38
3-ORANGE,1881,32
3-ORANGE,1882,32
3-ORANGE,1883,30
3-ORANGE,1884,43
3-ORANGE,1885,30
3-ORANGE,1886,47
3-ORANGE,1887,34
3-ORANGE,1888,36
3-ORANGE,1889,39
3-ORANGE,1890,36
3-ORANGE,1891,29
3-ORANGE,1892,44
3-ORANGE,1893,34
3-ORANGE,1894,35
3-ORANGE,1895,38
3-ORANGE,1896,46
3-ORANGE,1897,35
3-ORANGE,1898,41
3-ORANGE,1899,41
3-ORANGE,1900,43
3-ORANGE,1901,32
3-ORANGE,1902,28
3-ORANGE,1903,29
3-ORANGE,1904,33
3-ORANGE,1905,51
3-ORANGE,1906,34
3-ORANGE,1907,40
3-ORANGE,1908,34
3-ORANGE,1909,33
3-ORANGE,1910,25
3-ORANGE,1911,36
3-ORANGE,1912,34
3-ORANGE,1913,34
3-ORANGE,1914,28
3-ORANGE,1915,37
3-ORANGE,1916,38
3-ORANGE,1917,41
3-ORANGE,1918,36
3-ORANGE,1919,43
3-ORANGE,1920,34
3-ORANGE,1921,39
3-ORANGE,1922,28
3-ORANGE,1923,38
3-ORANGE,1924,37
3-ORANGE,1925,35
3-ORANGE,1926,41
3-ORANGE,1927,23
3-ORANGE,1928,39
3-ORANGE,1929,32
3-ORANGE,1930,37
3-ORANGE,1931,31
3-ORANGE,1932,37
3-ORANGE,1933,43
3-ORANGE,1934,40
3-ORANGE,1935,34
3-ORANGE,1936,29
3-ORANGE,1937,40
3-ORANGE,1938,31
3-ORANGE,1939,35
3-ORANGE,1940,41
3-ORANGE,1941,29
3-ORANGE,1942,38
3-ORANGE,1943,26
3-ORANGE,1944,34
3-ORANGE,1945,24
3-ORANGE,1946,32
3-ORANGE,1947,38
3-ORANGE,1948,30
3-ORANGE,1949,32
3-ORANGE,1950,30
3-ORANGE,1951,31
3-ORANGE,1952,28
3-ORANGE,1953,38
3-ORANGE,1954,39
3-ORANGE,1955,28
3-ORANGE,1956,26
3-ORANGE,1957,24
3-ORANGE,1958,33
3-ORANGE,1959,26
3-ORANGE,1960,42
3-ORANGE,1961,26
3-ORANGE,1962,30
3-ORANGE,1963,45
3-ORANGE,1964,31
3-ORANGE,1965,33
3-ORANGE,1966,24
3-ORANGE,1967,31
3-ORANGE,1968,26
3-ORANGE,1969,30
3-ORANGE,1970,35
3-ORANGE,1971,21
3-ORANGE,1972,38
3-ORANGE,1973,34
3-ORANGE,1974,29
3-ORANGE,1975,34
3-ORANGE,1976,35
3-ORANGE,1977,37
3-ORANGE,1978,21
3-ORANGE,1979,36
3-ORANGE,1980,26
3-ORANGE,1981,30
3-ORANGE,1982,26
3-ORANGE,1983,23
3-ORANGE,1984,35
3-ORANGE,1985,29
3-ORANGE,1986,31
3-ORANGE,1987,33
3-ORANGE,1988,38
3-ORANGE,1989,31
3-ORANGE,1990,32
3-ORANGE,1991,36
3-ORANGE,1992,39
3-ORANGE,1993,37
3-ORANGE,1994,30
3-ORANGE,1995,33
3-ORANGE,1996,29
3-ORANGE,1997,40
3-ORANGE,1998,34
3-ORANGE,1999,29
3-ORANGE,2000,38
3-ORANGE,2001,36
3-ORANGE,2002,25
3-ORANGE,2003,35
3-ORANGE,2004,28
3-ORANGE,2005,34
3-ORANGE,2006,30
3-ORANGE,2007,42
3-ORANGE,2008,30
3-ORANGE,2009,32
3-ORANGE,2010,29
3-ORANGE,2011,29
3-ORANGE,2012,33
3-ORANGE,2013,27
3-ORANGE,2014,34
3-ORANGE,2015,32
3-ORANGE,2016,28
3-ORANGE,2017,38
3-ORANGE,2018,35
3-ORANGE,2019,28
3-ORANGE,2020,37
3-ORANGE,2021,18
3-ORANGE,2022,28
3-ORANGE,2023,33
3-ORANGE,2024,25
3-ORANGE,2025,33
3-ORANGE,2026,24
3-ORANGE,2027,33
3-ORANGE,2028,30
3-ORANGE,2029,36
3-ORANGE,2030,27
3-ORANGE,2031,30
3-ORANGE,2032,31
3-ORANGE,2033,29
3-ORANGE,2034,23
3-ORANGE,2035,21
3-ORANGE,2036,27
3-ORANGE,2037,29
3-ORANGE,2038,29
3-ORANGE,2039,29
3-ORANGE,2040,29
3-ORANGE,2041,23
3-ORANGE,2042,21
3-ORANGE,2043,31
3-ORANGE,2044,23
3-ORANGE,2045,33
3-ORANGE,2046,26
3-ORANGE,2047,29
3-ORANGE,2048,26
3-ORANGE,2049,33
3-ORANGE,2050,38
3-ORANGE,2051,27
3-ORANGE,2052,30
3-ORANGE,2053,48
3-ORANGE,2054,30
3-ORANGE,2055,44
3-ORANGE,2056,23
3-ORANGE,2057,26
3-ORANGE,2058,27
3-ORANGE,2059,28
3-ORANGE,2060,29
3-ORANGE,2061,23
3-ORANGE,2062,24
3-ORANGE,2063,22
3-ORANGE,2064,31
3-ORANGE,2065,19
3-ORANGE,2066,32
3-ORANGE,2067,36
3-ORANGE,2068,29
3-ORANGE,2069,21
3-ORANGE,2070,28
3-ORANGE,2071,33
3-ORANGE,2072,21
3-ORANGE,2073,29
3-ORANGE,2074,35
3-ORANGE,2075,32
3-ORANGE,2076,27
3-ORANGE,2077,23
3-ORANGE,2078,41
3-ORANGE,2079,27
3-ORANGE,2080,29
3-ORANGE,2081,34
3-ORANGE,2082,23
3-ORANGE,2083,32
3-ORANGE,2084,20
3-ORANGE,2085,25
3-ORANGE,2086,25
3-ORANGE,2087,35
3-ORANGE,2088,29
3-ORANGE,2089,32
3-ORANGE,2090,25
3-ORANGE,2091,31
3-ORANGE,2092,35
3-ORANGE,2093,28
3-ORANGE,2094,22
3-ORANGE,2095,26
3-ORANGE,2096,32
3-ORANGE,2097,26
3-ORANGE,2098,22
3-ORANGE,2099,30
3-ORANGE,2100,29
3-ORANGE,2101,29
3-ORANGE,2102,27
3-ORANGE,2103,25
3-ORANGE,2104,31
3-ORANGE,2105,24
3-ORANGE,2106,28
3-ORANGE,2107,34
3-ORANGE,2108,26
3-ORANGE,2109,22
3-ORANGE,2110,36
3-ORANGE,2111,23
3-ORANGE,2112,22
3-ORANGE,2113,26
3-ORANGE,2114,26
3-ORANGE,2115,35
3-ORANGE,2116,25
3-ORANGE,2117,31
3-ORANGE,2118,33
3-ORANGE,2119,35
3-ORANGE,2120,28
3-ORANGE,2121,17
3-ORANGE,2122,24
3-ORANGE,2123,24
3-ORANGE,2124,25
3-ORANGE,2125,24
3-ORANGE,2126,20
3-ORANGE,2127,36
3-ORANGE,2128,28
3-ORANGE,2129,31
3-ORANGE,2130,36
3-ORANGE,2131,29
3-ORANGE,2132,26
3-ORANGE,2133,28
3-ORANGE,2134,26
3-ORANGE,2135,30
3-ORANGE,2136,25
3-ORANGE,2137,22
3-ORANGE,2138,21
3-ORANGE,2139,38
3-ORANGE,2140,31
3-ORANGE,2141,22
3-ORANGE,2142,24
3-ORANGE,2143,25
3-ORANGE,2144,27
3-ORANGE,2145,19
3-ORANGE,2146,30
3-ORANGE,2147,34
3-ORANGE,2148,30
3-ORANGE,2149,20
3-ORANGE,2150,22
3-ORANGE,2151,19
3-ORANGE,2152,22
3-ORANGE,2153,21
3-ORANGE,2154,28
3-ORANGE,2155,21
3-ORANGE,2156,28
3-ORANGE,2157,17
3-ORANGE,2158,16
3-ORANGE,2159,23
3-ORANGE,2160,29
3-ORANGE,2161,28
3-ORANGE,2162,28
3-ORANGE,2163,22
3-ORANGE,2164,21
3-ORANGE,2165,20
3-ORANGE,2166,20
3-ORANGE,2167,30
3-ORANGE,2168,23
3-ORANGE,2169,25
3-ORANGE,2170,27
3-ORANGE,2171,29
3-ORANGE,2172,26
3-ORANGE,2173,26
3-ORANGE,2174,21
3-ORANGE,2175,22
3-ORANGE,2176,18
3-ORANGE,2177,20
3-ORANGE,2178,37
3-ORANGE,2179,20
3-ORANGE,2180,19
3-ORANGE,2181,24
3-ORANGE,2182,29
3-ORANGE,2183,25
3-ORANGE,2184,23
3-ORANGE,2185,33
3-ORANGE,2186,32
3-ORANGE,2187,17
3-ORANGE,2188,20
3-ORANGE,2189,26
3-ORANGE,2190,22
3-ORANGE,2191,28
3-ORANGE,2192,28
3-ORANGE,2193,28
3-ORANGE,2194,28
3-ORANGE,2195,26
3-ORANGE,2196,30
3-ORANGE,2197,24
3-ORANGE,2198,25
3-ORANGE,2199,27
3-ORANGE,2200,19
3-ORANGE,2201,24
3-ORANGE,2202,22
3-ORANGE,2203,22
3-ORANGE,2204,21
3-ORANGE,2205,23
3-ORANGE,2206,20
3-ORANGE,2207,27
3-ORANGE,2208,36
3-ORANGE,2209,21
3-ORANGE,2210,27
3-ORANGE,2211,24
3-ORANGE,2212,20
3-ORANGE,2213,25
3-ORANGE,2214,17
3-ORANGE,2215,27
3-ORANGE,2216,10
3-ORANGE,2217,13
3-ORANGE,2218,28
3-ORANGE,2219,25
3-ORANGE,2220,22
3-ORANGE,2221,21
3-ORANGE,2222,25
3-ORANGE,2223,26
3-ORANGE,2224,25
3-ORANGE,2225,23
3-ORANGE,2226,32
3-ORANGE,2227,33
3-ORANGE,2228,17
3-ORANGE,2229,20
3-ORANGE,2230,24
3-ORANGE,2231,22
3-ORANGE,2232,19
3-ORANGE,2233,23
3-ORANGE,2234,22
3-ORANGE,2235,17
3-ORANGE,2236,24
3-ORANGE,2237,18
3-ORANGE,2238,17
3-ORANGE,2239,22
3-ORANGE,2240,24
3-ORANGE,2241,26
3-ORANGE,2242,27
3-ORANGE,2243,19
3-ORANGE,2244,23
3-ORANGE,2245,33
3-ORANGE,2246,29
3-ORANGE,2247,21
3-ORANGE,2248,12
3-ORANGE,2249,22
3-ORANGE,2250,24
3-ORANGE,2251,19
3-ORANGE,2252,22
3-ORANGE,2253,24
3-ORANGE,2254,16
3-ORANGE,2255,27
3-ORANGE,2256,29
3-ORANGE,2257,25
3-ORANGE,2258,28
3-ORANGE,2259,22
3-ORANGE,2260,27
3-ORANGE,2261,26
3-ORANGE,2262,22
3-ORANGE,2263,16
3-ORANGE,2264,28
3-ORANGE,2265,30
3-ORANGE,2266,21
3-ORANGE,2267,22
3-ORANGE,2268,17
3-ORANGE,2269,15
3-ORANGE,2270,23
3-ORANGE,2271,26
3-ORANGE,2272,28
3-ORANGE,2273,22
3-ORANGE,2274,17
3-ORANGE,2275,29
3-ORANGE,2276,28
3-ORANGE,2277,19
3-ORANGE,2278,35
3-ORANGE,2279,30
3-ORANGE,2280,25
3-ORANGE,2281,23
3-ORANGE,2282,19
3-ORANGE,2283,22
3-ORANGE,2284,19
3-ORANGE,2285,17
3-ORANGE,2286,16
3-ORANGE,2287,22
3-ORANGE,2288,28
3-ORANGE,2289,17
3-ORANGE,2290,23
3-ORANGE,2291,18
3-ORANGE,2292,33
3-ORANGE,2293,19
3-ORANGE,2294,23
3-ORANGE,2295,24
3-ORANGE,2296,31
3-ORANGE,2297,17
3-ORANGE,2298,14
3-ORANGE,2299,25
3-ORANGE,2300,23
3-ORANGE,2301,13
3-ORANGE,2302,28
3-ORANGE,2303,27
3-ORANGE,2304,22
3-ORANGE,2305,24
3-ORANGE,2306,22
3-ORANGE,2307,23
3-ORANGE,2308,21
3-ORANGE,2309,20
3-ORANGE,2310,20
3-ORANGE,2311,18
3-ORANGE,2312,26
3-ORANGE,2313,34
3-ORANGE,2314,27
3-ORANGE,2315,19
3-ORANGE,2316,11
3-ORANGE,2317,21
3-ORANGE,2318,25
3-ORANGE,2319,22
3-ORANGE,2320,17
3-ORANGE,2321,24
3-ORANGE,2322,18
3-ORANGE,2323,16
3-ORANGE,2324,23
3-ORANGE,2325,16
3-ORANGE,2326,20
3-ORANGE,2327,20
3-ORANGE,2328,35
3-ORANGE,2329,27
3-ORANGE,2330,14
3-ORANGE,2331,20
3-ORANGE,2332,13
3-ORANGE,2333,16
3-ORANGE,2334,27
3-ORANGE,2335,22
3-ORANGE,2336,13
3-ORANGE,2337,31
3-ORANGE,2338,29
3-ORANGE,2339,17
3-ORANGE,2340,19
3-ORANGE,2341,29
3-ORANGE,2342,17
3-ORANGE,2343,25
3-ORANGE,2344,17
3-ORANGE,2345,22
3-ORANGE,2346,18
3-ORANGE,2347,26
3-ORANGE,2348,21
3-ORANGE,2349,13
3-ORANGE,2350,27
3-ORANGE,2351,28
3-ORANGE,2352,27
3-ORANGE,2353,18
3-ORANGE,2354,21
3-ORANGE,2355,12
3-ORANGE,2356,22
3-ORANGE,2357,19
3-ORANGE,2358,15
3-ORANGE,2359,15
3-ORANGE,2360,22
3-ORANGE,2361,16
3-ORANGE,2362,20
3-ORANGE,2363,18
3-ORANGE,2364,18
3-ORANGE,2365,22
3-ORANGE,2366,13
3-ORANGE,2367,17
3-ORANGE,2368,18
3-ORANGE,2369,11
3-ORANGE,2370,15
3-ORANGE,2371,22
3-ORANGE,2372,21
3-ORANGE,2373,23
3-ORANGE,2374,21
3-ORANGE,2375,14
3-ORANGE,2376,23
3-ORANGE,2377,21
3-ORANGE,2378,20
3-ORANGE,2379,20
3-ORANGE,2380,15
3-ORANGE,2381,18
3-ORANGE,2382,18
3-ORANGE,2383,17
3-ORANGE,2384,17
3-ORANGE,2385,30
3-ORANGE,2386,21
3-ORANGE,2387,16
3-ORANGE,2388,22
3-ORANGE,2389,23
3-ORANGE,2390,20
3-ORANGE,2391,25
3-ORANGE,2392,20
3-ORANGE,2393,16
3-ORANGE,2394,26
3-ORANGE,2395,14
3-ORANGE,2396,23
3-ORANGE,2397,22
3-ORANGE,2398,20
3-ORANGE,2399,27
3-ORANGE,2400,23
3-ORANGE,2401,21
3-ORANGE,2402,20
3-ORANGE,2403,21
3-ORANGE,2404,36
3-ORANGE,2405,29
3-ORANGE,2406,15
3-ORANGE,2407,20
3-ORANGE,2408,18
3-ORANGE,2409,12
3-ORANGE,2410,23
3-ORANGE,2411,23
3-ORANGE,2412,13
3-ORANGE,2413,9
3-ORANGE,2414,11
3-ORANGE,2415,15
3-ORANGE,2416,25
3-ORANGE,2417,18
3-ORANGE,2418,14
3-ORANGE,2419,21
3-ORANGE,2420,22
3-ORANGE,2421,20
3-ORANGE,2422,18
3-ORANGE,2423,23
3-ORANGE,2424,17
3-ORANGE,2425,17
3-ORANGE,2426,13
3-ORANGE,2427,21
3-ORANGE,2428,18
3-ORANGE,2429,20
3-ORANGE,2430,16
3-ORANGE,2431,25
3-ORANGE,2432,17
3-ORANGE,2433,13
3-ORANGE,2434,20
3-ORANGE,2435,18
3-ORANGE,2436,18
3-ORANGE,2437,13
3-ORANGE,2438,15
3-ORANGE,2439,26
3-ORANGE,2440,21
3-ORANGE,2441,20
3-ORANGE,2442,14
3-ORANGE,2443,20
3-ORANGE,2444,10
3-ORANGE,2445,18
3-ORANGE,2446,16
3-ORANGE,2447,16
3-ORANGE,2448,9
3-ORANGE,2449,19
3-ORANGE,2450,18
3-ORANGE,2451,20
3-ORANGE,2452,17
3-ORANGE,2453,24
3-ORANGE,2454,16
3-ORANGE,2455,18
3-ORANGE,2456,14
3-ORANGE,2457,20
3-ORANGE,2458,28
3-ORANGE,2459,15
3-ORANGE,2460,17
3-ORANGE,2461,18
3-ORANGE,2462,17
3-ORANGE,2463,19
3-ORANGE,2464,18
3-ORANGE,2465,18
3-ORANGE,2466,15
3-ORANGE,2467,16
3-ORANGE,2468,15
3-ORANGE,2469,21
3-ORANGE,2470,21
3-ORANGE,2471,23
3-ORANGE,2472,13
3-ORANGE,2473,16
3-ORANGE,2474,19
3-ORANGE,2475,21
3-ORANGE,2476,14
3-ORANGE,2477,17
3-ORANGE,2478,16
3-ORANGE,2479,15
3-ORANGE,2480,19
3-ORANGE,2481,9
3-ORANGE,2482,16
3-ORANGE,2483,10
3-ORANGE,2484,18
3-ORANGE,2485,16
3-ORANGE,2486,15
3-ORANGE,2487,10
3-ORANGE,2488,20
3-ORANGE,2489,20
3-ORANGE,2490,21
3-ORANGE,2491,16
3-ORANGE,2492,29
3-ORANGE,2493,24
3-ORANGE,2494,12
3-ORANGE,2495,8
3-ORANGE,2496,16
3-ORANGE,2497,16
3-ORANGE,2498,19
3-ORANGE,2499,16
3-ORANGE,2500,13
3-ORANGE,2501,21
3-ORANGE,2502,19
3-ORANGE,2503,15
3-ORANGE,2504,13
3-ORANGE,2505,9
3-ORANGE,2506,18
3-ORANGE,2507,14
3-ORANGE,2508,13
3-ORANGE,2509,17
3-ORANGE,2510,17
3-ORANGE,2511,14
3-ORANGE,2512,9
3-ORANGE,2513,19
3-ORANGE,2514,15
3-ORANGE,2515,11
3-ORANGE,2516,15
3-ORANGE,2517,18
3-ORANGE,2518,14
3-ORANGE,2519,13
3-ORANGE,2520,16
3-ORANGE,2521,12
3-ORANGE,2522,15
3-ORANGE,2523,15
3-ORANGE,2524,15
3-ORANGE,2525,16
3-ORANGE,2526,17
3-ORANGE,2527,11
3-ORANGE,2528,18
3-ORANGE,2529,12
3-ORANGE,2530,17
3-ORANGE,2531,13
3-ORANGE,2532,20
3-ORANGE,2533,17
3-ORANGE,2534,14
3-ORANGE,2535,19
3-ORANGE,2536,12
3-ORANGE,2537,12
3-ORANGE,2538,15
3-ORANGE,2539,21
3-ORANGE,2540,14
3-ORANGE,2541,10
3-ORANGE,2542,15
3-ORANGE,2543,18
3-ORANGE,2544,20
3-ORANGE,2545,16
3-ORANGE,2546,21
3-ORANGE,2547,13
3-ORANGE,2548,22
3-ORANGE,2549,21
3-ORANGE,2550,14
3-ORANGE,2551,14
3-ORANGE,2552,19
3-ORANGE,2553,19
3-ORANGE,2554,17
3-ORANGE,2555,8
3-ORANGE,2556,13
3-ORANGE,2557,20
3-ORANGE,2558,12
3-ORANGE,2559,14
3-ORANGE,2560,8
3-ORANGE,2561,15
3-ORANGE,2562,22
3-ORANGE,2563,13
3-ORANGE,2564,17
3-ORANGE,2565,24
3-ORANGE,2566,10
3-ORANGE,2567,19
3-ORANGE,2568,17
3-ORANGE,2569,10
3-ORANGE,2570,18
3-ORANGE,2571,11
3-ORANGE,2572,16
3-ORANGE,2573,19
3-ORANGE,2574,17
3-ORANGE,2575,9
3-ORANGE,2576,9
3-ORANGE,2577,10
3-ORANGE,2578,18
3-ORANGE,2579,18
3-ORANGE,2580,18
3-ORANGE,2581,17
3-ORANGE,2582,15
3-ORANGE,2583,13
3-ORANGE,2584,14
3-ORANGE,2585,20
3-ORANGE,2586,15
3-ORANGE,2587,12
3-ORANGE,2588,15
3-ORANGE,2589,12
3-ORANGE,2590,12
3-ORANGE,2591,13
3-ORANGE,2592,16
3-ORANGE,2593,12
3-ORANGE,2594,16
3-ORANGE,2595,17
3-ORANGE,2596,19
3-ORANGE,2597,15
3-ORANGE,2598,11
3-ORANGE,2599,13
3-ORANGE,2600,21
3-ORANGE,2601,20
3-ORANGE,2602,12
3-ORANGE,2603,17
3-ORANGE,2604,20
3-ORANGE,2605,13
3-ORANGE,2606,17
3-ORANGE,2607,17
3-ORANGE,2608,17
3-ORANGE,2609,19
3-ORANGE,2610,14
3-ORANGE,2611,18
3-ORANGE,2612,21
3-ORANGE,2613,22
3-ORANGE,2614,15
3-ORANGE,2615,15
3-ORANGE,2616,14
3-ORANGE,2617,17
3-ORANGE,2618,17
3-ORANGE,2619,15
3-ORANGE,2620,13
3-ORANGE,2621,18
3-ORANGE,2622,10
3-ORANGE,2623,16
3-ORANGE,2624,8
3-ORANGE,2625,13
3-ORANGE,2626,16
3-ORANGE,2627,17
3-ORANGE,2628,22
3-ORANGE,2629,7
3-ORANGE,2630,18
3-ORANGE,2631,15
3-ORANGE,2632,10
3-ORANGE,2633,21
3-ORANGE,2634,9
3-ORANGE,2635,12
3-ORANGE,2636,14
3-ORANGE,2637,15
3-ORANGE,2638,20
3-ORANGE,2639,18
3-ORANGE,2640,18
3-ORANGE,2641,14
3-ORANGE,2642,8
3-ORANGE,2643,15
3-ORANGE,2644,10
3-ORANGE,2645,14
3-ORANGE,2646,15
3-ORANGE,2647,11
3-ORANGE,2648,16
3-ORANGE,2649,16
3-ORANGE,2650,17
3-ORANGE,2651,16
3-ORANGE,2652,18
3-ORANGE,2653,19
3-ORANGE,2654,12
3-ORANGE,2655,13
3-ORANGE,2656,19
3-ORANGE,2657,14
3-ORANGE,2658,17
3-ORANGE,2659,24
3-ORANGE,2660,12
3-ORANGE,2661,16
3-ORANGE,2662,13
3-ORANGE,2663,13
3-ORANGE,2664,18
3-ORANGE,2665,15
3-ORANGE,2666,10
3-ORANGE,2667,13
3-ORANGE,2668,9
3-ORANGE,2669,10
3-ORANGE,2670,15
3-ORANGE,2671,9
3-ORANGE,2672,16
3-ORANGE,2673,13
3-ORANGE,2674,15
3-ORANGE,2675,17
3-ORANGE,2676,19
3-ORANGE,2677,16
3-ORANGE,2678,11
3-ORANGE,2679,7
3-ORANGE,2680,12
3-ORANGE,2681,16
3-ORANGE,2682,7
3-ORANGE,2683,12
3-ORANGE,2684,11
3-ORANGE,2685,9
3-ORANGE,2686,12
3-ORANGE,2687,14
3-ORANGE,2688,12
3-ORANGE,2689,12
3-ORANGE,2690,8
3-ORANGE,2691,13
3-ORANGE,2692,14
3-ORANGE,2693,15
3-ORANGE,2694,10
3-ORANGE,2695,18
3-ORANGE,2696,20
3-ORANGE,2697,11
3-ORANGE,2698,13
3-ORANGE,2699,10
3-ORANGE,2700,10
3-ORANGE,2701,10
3-ORANGE,2702,10
3-ORANGE,2703,12
3-ORANGE,2704,8
3-ORANGE,2705,14
3-ORANGE,2706,13
3-ORANGE,2707,16
3-ORANGE,2708,11
3-ORANGE,2709,16
3-ORANGE,2710,16
3-ORANGE,2711,21
3-ORANGE,2712,20
3-ORANGE,2713,12
3-ORANGE,2714,8
3-ORANGE,2715,13
3-ORANGE,2716,15
3-ORANGE,2717,11
3-ORANGE,2718,11
3-ORANGE,2719,21
3-ORANGE,2720,7
3-ORANGE,2721,17
3-ORANGE,2722,10
3-ORANGE,2723,16
3-ORANGE,2724,13
3-ORANGE,2725,17
3-ORANGE,2726,14
3-ORANGE,2727,13
3-ORANGE,2728,16
3-ORANGE,2729,11
3-ORANGE,2730,13
3-ORANGE,2731,13
3-ORANGE,2732,15
3-ORANGE,2733,19
3-ORANGE,2734,11
3-ORANGE,2735,10
3-ORANGE,2736,12
3-ORANGE,2737,15
3-ORANGE,2738,9
3-ORANGE,2739,13
3-ORANGE,2740,13
3-ORANGE,2741,15
3-ORANGE,2742,15
3-ORANGE,2743,13
3-ORANGE,2744,12
3-ORANGE,2745,21
3-ORANGE,2746,22
3-ORANGE,2747,13
3-ORANGE,2748,14
3-ORANGE,2749,8
3-ORANGE,2750,24
3-ORANGE,2751,15
3-ORANGE,2752,8
3-ORANGE,2753,10
3-ORANGE,2754,12
3-ORANGE,2755,9
3-ORANGE,2756,10
3-ORANGE,2757,11
3-ORANGE,2758,14
3-ORANGE,2759,13
3-ORANGE,2760,14
3-ORANGE,2761,14
3-ORANGE,2762,13
3-ORANGE,2763,14
3-ORANGE,2764,6
3-ORANGE,2765,19
3-ORANGE,2766,16
3-ORANGE,2767,14
3-ORANGE,2768,11
3-ORANGE,2769,11
3-ORANGE,2770,13
3-ORANGE,2771,9
3-ORANGE,2772,11
3-ORANGE,2773,10
3-ORANGE,2774,12
3-ORANGE,2775,16
3-ORANGE,2776,12
3-ORANGE,2777,21
3-ORANGE,2778,15
3-ORANGE,2779,14
3-ORANGE,2780,12
3-ORANGE,2781,11
3-ORANGE,2782,9
3-ORANGE,2783,13
3-ORANGE,2784,14
3-ORANGE,2785,14
3-ORANGE,2786,11
3-ORANGE,2787,12
3-ORANGE,2788,12
3-ORANGE,2789,15
3-ORANGE,2790,13
3-ORANGE,2791,9
3-ORANGE,2792,8
3-ORANGE,2793,11
3-ORANGE,2794,15
3-ORANGE,2795,16
3-ORANGE,2796,11
3-ORANGE,2797,22
3-ORANGE,2798,15
3-ORANGE,2799,14
3-ORANGE,2800,10
3-ORANGE,2801,8
3-ORANGE,2802,15
3-ORANGE,2803,12
3-ORANGE,2804,13
3-ORANGE,2805,12
3-ORANGE,2806,9
3-ORANGE,2807,8
3-ORANGE,2808,14
3-ORANGE,2809,16
3-ORANGE,2810,10
3-ORANGE,2811,10
3-ORANGE,2812,5
3-ORANGE,2813,9
3-ORANGE,2814,12
3-ORANGE,2815,10
3-ORANGE,2816,12
3-ORANGE,2817,13
3-ORANGE,2818,8
3-ORANGE,2819,10
3-ORANGE,2820,11
3-ORANGE,2821,16
3-ORANGE,2822,9
3-ORANGE,2823,14
3-ORANGE,2824,10
3-ORANGE,2825,10
3-ORANGE,2826,16
3-ORANGE,2827,10
3-ORANGE,2828,17
3-ORANGE,2829,12
3-ORANGE,2830,17
3-ORANGE,2831,11
3-ORANGE,2832,12
3-ORANGE,2833,14
3-ORANGE,2834,10
3-ORANGE,2835,12
3-ORANGE,2836,17
3-ORANGE,2837,12
3-ORANGE,2838,13
3-ORANGE,2839,10
3-ORANGE,2840,9
3-ORANGE,2841,10
3-ORANGE,2842,10
3-ORANGE,2843,18
3-ORANGE,2844,14
3-ORANGE,2845,10
3-ORANGE,2846,14
3-ORANGE,2847,15
3-ORANGE,2848,14
3-ORANGE,2849,14
3-ORANGE,2850,7
3-ORANGE,2851,13
3-ORANGE,2852,11
3-ORANGE,2853,13
3-ORANGE,2854,10
3-ORANGE,2855,17
3-ORANGE,2856,12
3-ORANGE,2857,10
3-ORANGE,2858,9
3-ORANGE,2859,13
3-ORANGE,2860,8
3-ORANGE,2861,10
3-ORANGE,2862,12
3-ORANGE,2863,16
3-ORANGE,2864,9
3-ORANGE,2865,9
3-ORANGE,2866,11
3-ORANGE,2867,9
3-ORANGE,2868,6
3-ORANGE,2869,7
3-ORANGE,2870,8
3-ORANGE,2871,12
3-ORANGE,2872,19
3-ORANGE,2873,7
3-ORANGE,2874,5
3-ORANGE,2875,11
3-ORANGE,2876,8
3-ORANGE,2877,8
3-ORANGE,2878,14
3-ORANGE,2879,8
3-ORANGE,2880,10
3-ORANGE,2881,16
3-ORANGE,2882,14
3-ORANGE,2883,11
3-ORANGE,2884,9
3-ORANGE,2885,10
3-ORANGE,2886,11
3-ORANGE,2887,7
3-ORANGE,2888,18
3-ORANGE,2889,12
3-ORANGE,2890,9
3-ORANGE,2891,13
3-ORANGE,2892,8
3-ORANGE,2893,11
3-ORANGE,2894,12
3-ORANGE,2895,13
3-ORANGE,2896,12
3-ORANGE,2897,14
3-ORANGE,2898,16
3-ORANGE,2899,14
3-ORANGE,2900,11
3-ORANGE,2901,7
3-ORANGE,2902,11
3-ORANGE,2903,11
3-ORANGE,2904,9
3-ORANGE,2905,10
3-ORANGE,2906,10
3-ORANGE,2907,12
3-ORANGE,2908,11
3-ORANGE,2909,13
3-ORANGE,2910,9
3-ORANGE,2911,11
3-ORANGE,2912,13
3-ORANGE,2913,12
3-ORANGE,2914,10
3-ORANGE,2915,8
3-ORANGE,2916,11
3-ORANGE,2917,12
3-ORANGE,2918,9
3-ORANGE,2919,12
3-ORANGE,2920,9
3-ORANGE,2921,15
3-ORANGE,2922,15
3-ORANGE,2923,12
3-ORANGE,2924,6
3-ORANGE,2925,14
3-ORANGE,2926,11
3-ORANGE,2927,13
3-ORANGE,2928,13
3-ORANGE,2929,9
3-ORANGE,2930,9
3-ORANGE,2931,12
3-ORANGE,2932,13
3-ORANGE,2933,12
3-ORANGE,2934,17
3-ORANGE,2935,10
3-ORANGE,2936,10
3-ORANGE,2937,10
3-ORANGE,2938,13
3-ORANGE,2939,4
3-ORANGE,2940,15
3-ORANGE,2941,7
3-ORANGE,2942,10
3-ORANGE,2943,13
3-ORANGE,2944,9
3-ORANGE,2945,14
3-ORANGE,2946,12
3-ORANGE,2947,8
3-ORANGE,2948,13
3-ORANGE,2949,12
3-ORANGE,2950,18
3-ORANGE,2951,8
3-ORANGE,2952,9
3-ORANGE,2953,11
3-ORANGE,2954,10
3-ORANGE,2955,7
3-ORANGE,2956,11
3-ORANGE,2957,10
3-ORANGE,2958,10
3-ORANGE,2959,5
3-ORANGE,2960,8
3-ORANGE,2961,9
3-ORANGE,2962,12
3-ORANGE,2963,10
3-ORANGE,2964,14
3-ORANGE,2965,13
3-ORANGE,2966,12
3-ORANGE,2967,8
3-ORANGE,2968,14
3-ORANGE,2969,5
3-ORANGE,2970,7
3-ORANGE,2971,12
3-ORANGE,2972,11
3-ORANGE,2973,15
3-ORANGE,2974,7
3-ORANGE,2975,7
3-ORANGE,2976,15
3-ORANGE,2977,6
3-ORANGE,2978,13
3-ORANGE,2979,8
3-ORANGE,2980,11
3-ORANGE,2981,13
3-ORANGE,2982,6
3-ORANGE,2983,14
3-ORANGE,2984,11
3-ORANGE,2985,11
3-ORANGE,2986,10
3-ORANGE,2987,6
3-ORANGE,2988,8
3-ORANGE,2989,8
3-ORANGE,2990,6
3-ORANGE,2991,9
3-ORANGE,2992,14
3-ORANGE,2993,12
3-ORANGE,2994,7
3-ORANGE,2995,15
3-ORANGE,2996,7
3-ORANGE,2997,13
3-ORANGE,2998,16
3-ORANGE,2999,9
3-ORANGE,3000,7
3-ORANGE,3001,12
3-ORANGE,3002,11
3-ORANGE,3003,10
3-ORANGE,3004,17
3-ORANGE,3005,13
3-ORANGE,3006,7
3-ORANGE,3007,9
3-ORANGE,3008,10
3-ORANGE,3009,10
3-ORANGE,3010,11
3-ORANGE,3011,8
3-ORANGE,3012,5
3-ORANGE,3013,10
3-ORANGE,3014,12
3-ORANGE,3015,9
3-ORANGE,3016,17
3-ORANGE,3017,12
3-ORANGE,3018,14
3-ORANGE,3019,6
3-ORANGE,3020,8
3-ORANGE,3021,12
3-ORANGE,3022,7
3-ORANGE,3023,12
3-ORANGE,3024,8
3-ORANGE,3025,9
3-ORANGE,3026,13
3-ORANGE,3027,9
3-ORANGE,3028,9
3-ORANGE,3029,7
3-ORANGE,3030,13
3-ORANGE,3031,9
3-ORANGE,3032,10
3-ORANGE,3033,8
3-ORANGE,3034,10
3-ORANGE,3035,10
3-ORANGE,3036,9
3-ORANGE,3037,13
3-ORANGE,3038,13
3-ORANGE,3039,10
3-ORANGE,3040,8
3-ORANGE,3041,11
3-ORANGE,3042,10
3-ORANGE,3043,6
3-ORANGE,3044,11
3-ORANGE,3045,5
3-ORANGE,3046,11
3-ORANGE,3047,9
3-ORANGE,3048,4
3-ORANGE,3049,12
3-ORANGE,3050,10
3-ORANGE,3051,13
3-ORANGE,3052,4
3-ORANGE,3053,8
3-ORANGE,3054,13
3-ORANGE,3055,7
3-ORANGE,3056,4
3-ORANGE,3057,8
3-ORANGE,3058,10
3-ORANGE,3059,5
3-ORANGE,3060,13
3-ORANGE,3061,9
3-ORANGE,3062,9
3-ORANGE,3063,5
3-ORANGE,3064,6
3-ORANGE,3065,13
3-ORANGE,3066,7
3-ORANGE,3067,3
3-ORANGE,3068,4
3-ORANGE,3069,19
3-ORANGE,3070,6
3-ORANGE,3071,7
3-ORANGE,3072,6
3-ORANGE,3073,11
3-ORANGE,3074,11
3-ORANGE,3075,7
3-ORANGE,3076,5
3-ORANGE,3077,5
3-ORANGE,3078,6
3-ORANGE,3079,2
3-ORANGE,3080,11
3-ORANGE,3081,8
3-ORANGE,3082,12
3-ORANGE,3083,6
3-ORANGE,3084,6
3-ORANGE,3085,8
3-ORANGE,3086,6
3-ORANGE,3087,6
3-ORANGE,3088,13
3-ORANGE,3089,8
3-ORANGE,3090,9
3-ORANGE,3091,4
3-ORANGE,3092,5
3-ORANGE,3093,11
3-ORANGE,3094,14
3-ORANGE,3095,8
3-ORANGE,3096,6
3-ORANGE,3097,7
3-ORANGE,3098,6
3-ORANGE,3099,12
3-ORANGE,3100,9
3-ORANGE,3101,8
3-ORANGE,3102,11
3-ORANGE,3103,9
3-ORANGE,3104,10
3-ORANGE,3105,10
3-ORANGE,3106,15
3-ORANGE,3107,12
3-ORANGE,3108,13
3-ORANGE,3109,9
3-ORANGE,3110,6
3-ORANGE,3111,5
3-ORANGE,3112,14
3-ORANGE,3113,10
3-ORANGE,3114,11
3-ORANGE,3115,8
3-ORANGE,3116,10
3-ORANGE,3117,9
3-ORANGE,3118,6
3-ORANGE,3119,5
3-ORANGE,3120,12
3-ORANGE,3121,13
3-ORANGE,3122,11
3-ORANGE,3123,12
3-ORANGE,3124,14
3-ORANGE,3125,9
3-ORANGE,3126,7
3-ORANGE,3127,6
3-ORANGE,3128,7
3-ORANGE,3129,3
3-ORANGE,3130,12
3-ORANGE,3131,8
3-ORANGE,3132,8
3-ORANGE,3133,7
3-ORANGE,3134,8
3-ORANGE,3135,8
3-ORANGE,3136,12
3-ORANGE,3137,8
3-ORANGE,3138,11
3-ORANGE,3139,12
3-ORANGE,3140,10
3-ORANGE,3141,11
3-ORANGE,3142,11
3-ORANGE,3143,3
3-ORANGE,3144,7
3-ORANGE,3145,10
3-ORANGE,3146,7
3-ORANGE,3147,11
3-ORANGE,3148,3
3-ORANGE,3149,2
3-ORANGE,3150,7
3-ORANGE,3151,5
3-ORANGE,3152,6
3-ORANGE,3153,7
3-ORANGE,3154,12
3-ORANGE,3155,7
3-ORANGE,3156,9
3-ORANGE,3157,6
3-ORANGE,3158,13
3-ORANGE,3159,12
3-ORANGE,3160,6
3-ORANGE,3161,4
3-ORANGE,3162,11
3-ORANGE,3163,11
3-ORANGE,3164,7
3-ORANGE,3165,10
3-ORANGE,3166,7
3-ORANGE,3167,5
3-ORANGE,3168,10
3-ORANGE,3169,8
3-ORANGE,3170,5
3-ORANGE,3171,8
3-ORANGE,3172,8
3-ORANGE,3173,8
3-ORANGE,3174,5
3-ORANGE,3175,7
3-ORANGE,3176,9
3-ORANGE,3177,12
3-ORANGE,3178,5
3-ORANGE,3179,12
3-ORANGE,3180,6
3-ORANGE,3181,7
3-ORANGE,3182,8
3-ORANGE,3183,3
3-ORANGE,3184,4
3-ORANGE,3185,9
3-ORANGE,3186,10
3-ORANGE,3187,6
3-ORANGE,3188,8
3-ORANGE,3189,10
3-ORANGE,3190,9
3-ORANGE,3191,13
3-ORANGE,3192,3
3-ORANGE,3193,9
3-ORANGE,3194,4
3-ORANGE,3195,10
3-ORANGE,3196,13
3-ORANGE,3197,10
3-ORANGE,3198,9
3-ORANGE,3199,8
3-ORANGE,3200,7
3-ORANGE,3201,4
3-ORANGE,3202,8
3-ORANGE,3203,4
3-ORANGE,3204,8
3-ORANGE,3205,8
3-ORANGE,3206,4
3-ORANGE,3207,5
3-ORANGE,3208,12
3-ORANGE,3209,7
3-ORANGE,3210,9
3-ORANGE,3211,6
3-ORANGE,3212,8
3-ORANGE,3213,11
3-ORANGE,3214,16
3-ORANGE,3215,8
3-ORANGE,3216,13
3-ORANGE,3217,2
3-ORANGE,3218,6
3-ORANGE,3219,2
3-ORANGE,3220,10
3-ORANGE,3221,7
3-ORANGE,3222,11
3-ORANGE,3223,3
3-ORANGE,3224,8
3-ORANGE,3225,4
3-ORANGE,3226,7
3-ORANGE,3227,5
3-ORANGE,3228,8
3-ORANGE,3229,7
3-ORANGE,3230,8
3-ORANGE,3231,4
3-ORANGE,3232,6
3-ORANGE,3233,6
3-ORANGE,3234,8
3-ORANGE,3235,6
3-ORANGE,3236,6
3-ORANGE,3237,6
3-ORANGE,3238,6
3-ORANGE,3239,8
3-ORANGE,3240,7
3-ORANGE,3241,7
3-ORANGE,3242,4
3-ORANGE,3243,8
3-ORANGE,3244,5
3-ORANGE,3245,4
3-ORANGE,3246,6
3-ORANGE,3247,9
3-ORANGE,3248,8
3-ORANGE,3249,5
3-ORANGE,3250,8
3-ORANGE,3251,10
3-ORANGE,3252,7
3-ORANGE,3253,15
3-ORANGE,3254,7
3-ORANGE,3255,6
3-ORANGE,3256,4
3-ORANGE,3257,7
3-ORANGE,3258,8
3-ORANGE,3259,7
3-ORANGE,3260,7
3-ORANGE,3261,5
3-ORANGE,3262,12
3-ORANGE,3263,8
3-ORANGE,3264,10
3-ORANGE,3265,9
3-ORANGE,3266,9
3-ORANGE,3267,8
3-ORANGE,3268,5
3-ORANGE,3269,13
3-ORANGE,3270,7
3-ORANGE,3271,8
3-ORANGE,3272,9
3-ORANGE,3273,10
3-ORANGE,3274,2
3-ORANGE,3275,4
3-ORANGE,3276,5
3-ORANGE,3277,6
3-ORANGE,3278,3
3-ORANGE,3279,6
3-ORANGE,3280,2
3-ORANGE,3281,7
3-ORANGE,3282,11
3-ORANGE,3283,7
3-ORANGE,3284,10
3-ORANGE,3285,9
3-ORANGE,3286,8
3-ORANGE,3287,7
3-ORANGE,3288,6
3-ORANGE,3289,5
3-ORANGE,3290,6
3-ORANGE,3291,3
3-ORANGE,3292,4
3-ORANGE,3293,5
3-ORANGE,3294,7
3-ORANGE,3295,9
3-ORANGE,3296,11
3-ORANGE,3297,8
3-ORANGE,3298,7
3-ORANGE,3299,6
3-ORANGE,3300,4
3-ORANGE,3301,6
3-ORANGE,3302,9
3-ORANGE,3303,10
3-ORANGE,3304,7
3-ORANGE,3305,4
3-ORANGE,3306,13
3-ORANGE,3307,4
3-ORANGE,3308,7
3-ORANGE,3309,5
3-ORANGE,3310,14
3-ORANGE,3311,9
3-ORANGE,3312,8
3-ORANGE,3313,8
3-ORANGE,3314,2
3-ORANGE,3315,6
3-ORANGE,3316,2
3-ORANGE,3317,9
3-ORANGE,3318,6
3-ORANGE,3319,6
3-ORANGE,3320,8
3-ORANGE,3321,10
3-ORANGE,3322,6
3-ORANGE,3323,9
3-ORANGE,3324,7
3-ORANGE,3325,8
3-ORANGE,3326,7
3-ORANGE,3327,7
3-ORANGE,3328,10
3-ORANGE,3329,6
3-ORANGE,3330,8
3-ORANGE,3331,9
3-ORANGE,3332,5
3-ORANGE,3333,6
3-ORANGE,3334,3
3-ORANGE,3335,11
3-ORANGE,3336,7
3-ORANGE,3337,7
3-ORANGE,3338,5
3-ORANGE,3339,11
3-ORANGE,3340,8
3-ORANGE,3341,9
3-ORANGE,3342,5
3-ORANGE,3343,2
3-ORANGE,3344,8
3-ORANGE,3345,5
3-ORANGE,3346,10
3-ORANGE,3347,9
3-ORANGE,3348,10
3-ORANGE,3349,6
3-ORANGE,3350,5
3-ORANGE,3351,7
3-ORANGE,3352,7
3-ORANGE,3353,7
3-ORANGE,3354,10
3-ORANGE,3355,7
3-ORANGE,3356,6
3-ORANGE,3357,7
3-ORANGE,3358,7
3-ORANGE,3359,10
3-ORANGE,3360,6
3-ORANGE,3361,5
3-ORANGE,3362,9
3-ORANGE,3363,3
3-ORANGE,3364,9
3-ORANGE,3365,9
3-ORANGE,3366,8
3-ORANGE,3367,2
3-ORANGE,3368,5
3-ORANGE,3369,9
3-ORANGE,3370,6
3-ORANGE,3371,5
3-ORANGE,3372,9
3-ORANGE,3373,6
3-ORANGE,3374,18
3-ORANGE,3375,6
3-ORANGE,3376,12
3-ORANGE,3377,2
3-ORANGE,3378,6
3-ORANGE,3379,9
3-ORANGE,3380,2
3-ORANGE,3381,2
3-ORANGE,3382,13
3-ORANGE,3383,5
3-ORANGE,3384,3
3-ORANGE,3385,6
3-ORANGE,3386,7
3-ORANGE,3387,7
3-ORANGE,3388,7
3-ORANGE,3389,8
3-ORANGE,3390,2
3-ORANGE,3391,6
3-ORANGE,3392,8
3-ORANGE,3393,7
3-ORANGE,3394,8
3-ORANGE,3395,12
3-ORANGE,3396,4
3-ORANGE,3397,5
3-ORANGE,3398,4
3-ORANGE,3399,5
3-ORANGE,3400,5
3-ORANGE,3401,6
3-ORANGE,3402,4
3-ORANGE,3403,5
3-ORANGE,3404,4
3-ORANGE,3405,11
3-ORANGE,3406,7
3-ORANGE,3407,8
3-ORANGE,3408,5
3-ORANGE,3409,9
3-ORANGE,3410,9
3-ORANGE,3411,12
3-ORANGE,3412,5
3-ORANGE,3414,4
3-ORANGE,3415,8
3-ORANGE,3416,9
3-ORANGE,3417,8
3-ORANGE,3418,2
3-ORANGE,3419,6
3-ORANGE,3420,6
3-ORANGE,3421,9
3-ORANGE,3422,3
3-ORANGE,3423,3
3-ORANGE,3424,2
3-ORANGE,3425,11
3-ORANGE,3426,12
3-ORANGE,3427,7
3-ORANGE,3428,8
3-ORANGE,3429,4
3-ORANGE,3430,3
3-ORANGE,3431,6
3-ORANGE,3432,7
3-ORANGE,3433,5
3-ORANGE,3434,6
3-ORANGE,3435,2
3-ORANGE,3436,6
3-ORANGE,3437,3
3-ORANGE,3438,7
3-ORANGE,3439,10
3-ORANGE,3440,8
3-ORANGE,3441,2
3-ORANGE,3442,5
3-ORANGE,3443,7
3-ORANGE,3444,9
3-ORANGE,3445,5
3-ORANGE,3446,8
3-ORANGE,3447,3
3-ORANGE,3448,5
3-ORANGE,3449,7
3-ORANGE,3450,6
3-ORANGE,3451,7
3-ORANGE,3452,6
3-ORANGE,3453,12
3-ORANGE,3454,4
3-ORANGE,3455,9
3-ORANGE,3456,5
3-ORANGE,3457,8
3-ORANGE,3458,4
3-ORANGE,3459,7
3-ORANGE,3460,6
3-ORANGE,3461,9
3-ORANGE,3462,11
3-ORANGE,3463,5
3-ORANGE,3464,3
3-ORANGE,3465,3
3-ORANGE,3466,2
3-ORANGE,3467,3
3-ORANGE,3468,6
3-ORANGE,3469,6
3-ORANGE,3470,3
3-ORANGE,3471,5
3-ORANGE,3472,3
3-ORANGE,3473,6
3-ORANGE,3474,10
3-ORANGE,3475,6
3-ORANGE,3476,10
3-ORANGE,3477,6
3-ORANGE,3478,9
3-ORANGE,3479,7
3-ORANGE,3480,1
3-ORANGE,3481,2
3-ORANGE,3482,6
3-ORANGE,3483,5
3-ORANGE,3484,9
3-ORANGE,3485,10
3-ORANGE,3486,4
3-ORANGE,3487,5
3-ORANGE,3488,10
3-ORANGE,3489,7
3-ORANGE,3490,6
3-ORANGE,3491,2
3-ORANGE,3492,6
3-ORANGE,3493,5
3-ORANGE,3494,2
3-ORANGE,3495,6
3-ORANGE,3496,3
3-ORANGE,3497,3
3-ORANGE,3498,4
3-ORANGE,3499,5
3-ORANGE,3500,6
3-ORANGE,3501,3
3-ORANGE,3502,8
3-ORANGE,3503,6
3-ORANGE,3504,6
3-ORANGE,3505,6
3-ORANGE,3506,5
3-ORANGE,3507,10
3-ORANGE,3508,9
3-ORANGE,3509,2
3-ORANGE,3510,8
3-ORANGE,3511,7
3-ORANGE,3512,7
3-ORANGE,3513,6
3-ORANGE,3514,7
3-ORANGE,3515,5
3-ORANGE,3516,5
3-ORANGE,3517,6
3-ORANGE,3518,6
3-ORANGE,3519,5
3-ORANGE,3520,6
3-ORANGE,3521,3
3-ORANGE,3522,7
3-ORANGE,3523,5
3-ORANGE,3524,6
3-ORANGE,3525,7
3-ORANGE,3526,9
3-ORANGE,3527,5
3-ORANGE,3528,1
3-ORANGE,3529,3
3-ORANGE,3530,7
3-ORANGE,3531,4
3-ORANGE,3532,3
3-ORANGE,3533,2
3-ORANGE,3534,4
3-ORANGE,3535,7
3-ORANGE,3536,4
3-ORANGE,3537,3
3-ORANGE,3538,11
3-ORANGE,3539,4
3-ORANGE,3540,4
3-ORANGE,3541,11
3-ORANGE,3542,4
3-ORANGE,3543,3
3-ORANGE,3544,8
3-ORANGE,3545,6
3-ORANGE,3546,10
3-ORANGE,3547,4
3-ORANGE,3548,7
3-ORANGE,3549,8
3-ORANGE,3550,4
3-ORANGE,3551,3
3-ORANGE,3552,3
3-ORANGE,3553,3
3-ORANGE,3554,6
3-ORANGE,3555,6
3-ORANGE,3556,3
3-ORANGE,3557,4
3-ORANGE,3558,5
3-ORANGE,3559,4
3-ORANGE,3560,6
3-ORANGE,3561,4
3-ORANGE,3562,4
3-ORANGE,3563,8
3-ORANGE,3564,6
3-ORANGE,3565,9
3-ORANGE,3566,5
3-ORANGE,3567,4
3-ORANGE,3568,2
3-ORANGE,3569,4
3-ORANGE,3570,4
3-ORANGE,3571,5
3-ORANGE,3572,5
3-ORANGE,3573,4
3-ORANGE,3574,6
3-ORANGE,3575,9
3-ORANGE,3576,7
3-ORANGE,3577,3
3-ORANGE,3578,4
3-ORANGE,3579,3
3-ORANGE,3580,5
3-ORANGE,3581,3
3-ORANGE,3582,7
3-ORANGE,3583,3
3-ORANGE,3584,5
3-ORANGE,3585,5
3-ORANGE,3586,2
3-ORANGE,3587,4
3-ORANGE,3588,8
3-ORANGE,3589,5
3-ORANGE,3590,6
3-ORANGE,3591,6
3-ORANGE,3592,5
3-ORANGE,3593,5
3-ORANGE,3594,7
3-ORANGE,3595,2
3-ORANGE,3596,6
3-ORANGE,3597,5
3-ORANGE,3598,5
3-ORANGE,3599,4
3-ORANGE,3600,2
3-ORANGE,3601,1
3-ORANGE,3602,9
3-ORANGE,3603,2
3-ORANGE,3604,3
3-ORANGE,3605,12
3-ORANGE,3606,4
3-ORANGE,3607,4
3-ORANGE,3608,8
3-ORANGE,3609,2
3-ORANGE,3610,3
3-ORANGE,3611,10
3-ORANGE,3612,2
3-ORANGE,3613,5
3-ORANGE,3614,3
3-ORANGE,3615,2
3-ORANGE,3616,5
3-ORANGE,3617,4
3-ORANGE,3618,6
3-ORANGE,3619,2
3-ORANGE,3620,6
3-ORANGE,3621,5
3-ORANGE,3622,5
3-ORANGE,3623,4
3-ORANGE,3624,6
3-ORANGE,3625,3
3-ORANGE,3626,5
3-ORANGE,3627,2
3-ORANGE,3628,2
3-ORANGE,3629,8
3-ORANGE,3630,4
3-ORANGE,3631,7
3-ORANGE,3632,7
3-ORANGE,3633,3
3-ORANGE,3634,2
3-ORANGE,3635,5
3-ORANGE,3636,5
3-ORANGE,3637,5
3-ORANGE,3638,5
3-ORANGE,3639,5
3-ORANGE,3640,5
3-ORANGE,3641,4
3-ORANGE,3642,2
3-ORANGE,3643,7
3-ORANGE,3644,8
3-ORANGE,3645,8
3-ORANGE,3646,7
3-ORANGE,3647,4
3-ORANGE,3648,11
3-ORANGE,3649,6
3-ORANGE,3650,2
3-ORANGE,3651,7
3-ORANGE,3652,8
3-ORANGE,3653,6
3-ORANGE,3654,10
3-ORANGE,3655,6
3-ORANGE,3656,6
3-ORANGE,3657,5
3-ORANGE,3658,3
3-ORANGE,3659,1
3-ORANGE,3660,2
3-ORANGE,3661,4
3-ORANGE,3662,3
3-ORANGE,3663,6
3-ORANGE,3664,8
3-ORANGE,3665,6
3-ORANGE,3666,2
3-ORANGE,3667,7
3-ORANGE,3668,7
3-ORANGE,3669,4
3-ORANGE,3670,4
3-ORANGE,3671,7
3-ORANGE,3672,3
3-ORANGE,3673,6
3-ORANGE,3674,3
3-ORANGE,3675,3
3-ORANGE,3676,12
3-ORANGE,3677,3
3-ORANGE,3678,7
3-ORANGE,3679,3
3-ORANGE,3680,7
3-ORANGE,3681,5
3-ORANGE,3682,4
3-ORANGE,3683,4
3-ORANGE,3684,5
3-ORANGE,3685,6
3-ORANGE,3686,4
3-ORANGE,3687,8
3-ORANGE,3688,6
3-ORANGE,3689,6
3-ORANGE,3690,7
3-ORANGE,3691,3
3-ORANGE,3692,2
3-ORANGE,3693,7
3-ORANGE,3694,4
3-ORANGE,3695,6
3-ORANGE,3696,3
3-ORANGE,3697,11
3-ORANGE,3698,5
3-ORANGE,3699,4
3-ORANGE,3700,1
3-ORANGE,3701,5
3-ORANGE,3702,6
3-ORANGE,3703,2
3-ORANGE,3704,9
3-ORANGE,3705,2
3-ORANGE,3706,2
3-ORANGE,3707,5
3-ORANGE,3708,10
3-ORANGE,3709,6
3-ORANGE,3710,6
3-ORANGE,3711,5
3-ORANGE,3712,6
3-ORANGE,3713,4
3-ORANGE,3714,4
3-ORANGE,3715,3
3-ORANGE,3716,2
3-ORANGE,3717,7
3-ORANGE,3718,1
3-ORANGE,3719,4
3-ORANGE,3720,7
3-ORANGE,3721,4
3-ORANGE,3722,3
3-ORANGE,3723,4
3-ORANGE,3724,7
3-ORANGE,3725,7
3-ORANGE,3726,6
3-ORANGE,3727,4
3-ORANGE,3728,5
3-ORANGE,3729,4
3-ORANGE,3730,6
3-ORANGE,3731,1
3-ORANGE,3732,5
3-ORANGE,3733,6
3-ORANGE,3734,5
3-ORANGE,3735,5
3-ORANGE,3736,5
3-ORANGE,3737,16
3-ORANGE,3738,1
3-ORANGE,3739,4
3-ORANGE,3740,2
3-ORANGE,3741,3
3-ORANGE,3742,5
3-ORANGE,3743,3
3-ORANGE,3744,5
3-ORANGE,3745,4
3-ORANGE,3746,6
3-ORANGE,3747,4
3-ORANGE,3748,5
3-ORANGE,3749,8
3-ORANGE,3750,4
3-ORANGE,3751,4
3-ORANGE,3752,7
3-ORANGE,3753,6
3-ORANGE,3754,6
3-ORANGE,3755,3
3-ORANGE,3756,7
3-ORANGE,3757,5
3-ORANGE,3758,3
3-ORANGE,3759,3
3-ORANGE,3760,11
3-ORANGE,3761,4
3-ORANGE,3762,5
3-ORANGE,3763,6
3-ORANGE,3764,8
3-ORANGE,3765,3
3-ORANGE,3766,4
3-ORANGE,3767,2
3-ORANGE,3768,4
3-ORANGE,3769,5
3-ORANGE,3770,2
3-ORANGE,3771,2
3-ORANGE,3772,5
3-ORANGE,3773,3
3-ORANGE,3774,3
3-ORANGE,3775,4
3-ORANGE,3776,4
3-ORANGE,3778,4
3-ORANGE,3779,4
3-ORANGE,3780,9
3-ORANGE,3781,4
3-ORANGE,3782,8
3-ORANGE,3783,6
3-ORANGE,3784,6
3-ORANGE,3785,3
3-ORANGE,3786,6
3-ORANGE,3787,8
3-ORANGE,3788,7
3-ORANGE,3789,5
3-ORANGE,3790,2
3-ORANGE,3791,3
3-ORANGE,3792,2
3-ORANGE,3794,5
3-ORANGE,3795,9
3-ORANGE,3796,4
3-ORANGE,3797,4
3-ORANGE,3798,6
3-ORANGE,3799,6
3-ORANGE,3800,7
3-ORANGE,3801,2
3-ORANGE,3802,6
3-ORANGE,3803,2
3-ORANGE,3804,3
3-ORANGE,3805,3
3-ORANGE,3806,6
3-ORANGE,3807,8
3-ORANGE,3808,4
3-ORANGE,3809,3
3-ORANGE,3810,4
3-ORANGE,3811,7
3-ORANGE,3812,3
3-ORANGE,3813,5
3-ORANGE,3814,2
3-ORANGE,3815,7
3-ORANGE,3816,1
3-ORANGE,3817,5
3-ORANGE,3818,3
3-ORANGE,3819,7
3-ORANGE,3820,1
3-ORANGE,3821,3
3-ORANGE,3822,5
3-ORANGE,3823,8
3-ORANGE,3824,3
3-ORANGE,3825,4
3-ORANGE,3826,6
3-ORANGE,3827,7
3-ORANGE,3828,3
3-ORANGE,3829,3
3-ORANGE,3830,2
3-ORANGE,3831,3
3-ORANGE,3832,3
3-ORANGE,3833,2
3-ORANGE,3834,4
3-ORANGE,3835,4
3-ORANGE,3836,4
3-ORANGE,3837,4
3-ORANGE,3838,7
3-ORANGE,3839,1
3-ORANGE,3840,4
3-ORANGE,3841,6
3-ORANGE,3842,6
3-ORANGE,3843,3
3-ORANGE,3844,6
3-ORANGE,3845,5
3-ORANGE,3846,3
3-ORANGE,3847,9
3-ORANGE,3848,2
3-ORANGE,3849,5
3-ORANGE,3850,4
3-ORANGE,3851,3
3-ORANGE,3852,4
3-ORANGE,3853,6
3-ORANGE,3854,8
3-ORANGE,3855,2
3-ORANGE,3856,1
3-ORANGE,3857,4
3-ORANGE,3858,1
3-ORANGE,3859,5
3-ORANGE,3860,6
3-ORANGE,3861,6
3-ORANGE,3862,7
3-ORANGE,3863,4
3-ORANGE,3864,2
3-ORANGE,3865,8
3-ORANGE,3866,4
3-ORANGE,3867,4
3-ORANGE,3868,6
3-ORANGE,3869,2
3-ORANGE,3870,9
3-ORANGE,3871,6
3-ORANGE,3872,2
3-ORANGE,3873,7
3-ORANGE,3874,1
3-ORANGE,3875,4
3-ORANGE,3876,5
3-ORANGE,3877,4
3-ORANGE,3878,4
3-ORANGE,3879,7
3-ORANGE,3880,2
3-ORANGE,3881,1
3-ORANGE,3882,2
3-ORANGE,3883,7
3-ORANGE,3884,3
3-ORANGE,3885,2
3-ORANGE,3886,3
3-ORANGE,3887,6
3-ORANGE,3888,4
3-ORANGE,3889,6
3-ORANGE,3890,6
3-ORANGE,3891,1
3-ORANGE,3892,4
3-ORANGE,3893,3
3-ORANGE,3894,1
3-ORANGE,3895,5
3-ORANGE,3896,2
3-ORANGE,3897,5
3-ORANGE,3898,2
3-ORANGE,3899,1
3-ORANGE,3900,6
3-ORANGE,3901,7
3-ORANGE,3902,8
3-ORANGE,3903,3
3-ORANGE,3904,7
3-ORANGE,3905,8
3-ORANGE,3906,3
3-ORANGE,3907,2
3-ORANGE,3908,5
3-ORANGE,3909,9
3-ORANGE,3910,1
3-ORANGE,3911,4
3-ORANGE,3912,5
3-ORANGE,3913,3
3-ORANGE,3914,3
3-ORANGE,3915,4
3-ORANGE,3916,6
3-ORANGE,3917,6
3-ORANGE,3918,8
3-ORANGE,3919,9
3-ORANGE,3920,1
3-ORANGE,3921,6
3-ORANGE,3922,1
3-ORANGE,3923,4
3-ORANGE,3924,7
3-ORANGE,3925,5
3-ORANGE,3926,6
3-ORANGE,3927,6
3-ORANGE,3928,1
3-ORANGE,3929,4
3-ORANGE,3930,3
3-ORANGE,3931,5
3-ORANGE,3932,2
3-ORANGE,3933,4
3-ORANGE,3934,6
3-ORANGE,3935,2
3-ORANGE,3936,6
3-ORANGE,3937,3
3-ORANGE,3938,5
3-ORANGE,3939,8
3-ORANGE,3940,2
3-ORANGE,3941,5
3-ORANGE,3942,8
3-ORANGE,3943,6
3-ORANGE,3944,5
3-ORANGE,3945,6
3-ORANGE,3946,3
3-ORANGE,3947,3
3-ORANGE,3948,2
3-ORANGE,3949,2
3-ORANGE,3950,4
3-ORANGE,3951,6
3-ORANGE,3952,3
3-ORANGE,3953,4
3-ORANGE,3954,3
3-ORANGE,3955,4
3-ORANGE,3956,6
3-ORANGE,3958,3
3-ORANGE,3959,4
3-ORANGE,3960,5
3-ORANGE,3961,5
3-ORANGE,3962,8
3-ORANGE,3963,8
3-ORANGE,3964,7
3-ORANGE,3965,2
3-ORANGE,3966,4
3-ORANGE,3967,4
3-ORANGE,3968,3
3-ORANGE,3969,2
3-ORANGE,3970,6
3-ORANGE,3971,3
3-ORANGE,3972,5
3-ORANGE,3973,8
3-ORANGE,3974,4
3-ORANGE,3975,1
3-ORANGE,3976,3
3-ORANGE,3977,4
3-ORANGE,3978,3
3-ORANGE,3979,7
3-ORANGE,3980,6
3-ORANGE,3982,3
3-ORANGE,3983,4
3-ORANGE,3984,5
3-ORANGE,3985,2
3-ORANGE,3986,5
3-ORANGE,3988,2
3-ORANGE,3989,2
3-ORANGE,3990,5
3-ORANGE,3991,2
3-ORANGE,3992,3
3-ORANGE,3993,4
3-ORANGE,3994,4
3-ORANGE,3995,2
3-ORANGE,3996,1
3-ORANGE,3997,4
3-ORANGE,3998,1
3-ORANGE,3999,2
3-ORANGE,4000,3
3-ORANGE,4001,7
3-ORANGE,4002,2
3-ORANGE,4003,4
3-ORANGE,4004,3
3-ORANGE,4006,9
3-ORANGE,4007,3
3-ORANGE,4008,2
3-ORANGE,4009,3
3-ORANGE,4010,5
3-ORANGE,4011,1
3-ORANGE,4012,2
3-ORANGE,4013,2
3-ORANGE,4014,1
3-ORANGE,4015,2
3-ORANGE,4016,4
3-ORANGE,4017,2
3-ORANGE,4018,5
3-ORANGE,4019,3
3-ORANGE,4020,4
3-ORANGE,4021,2
3-ORANGE,4022,3
3-ORANGE,4023,1
3-ORANGE,4024,2
3-ORANGE,4025,4
3-ORANGE,4026,6
3-ORANGE,4027,1
3-ORANGE,4028,4
3-ORANGE,4029,2
3-ORANGE,4030,4
3-ORANGE,4031,7
3-ORANGE,4032,7
3-ORANGE,4033,2
3-ORANGE,4034,6
3-ORANGE,4035,7
3-ORANGE,4036,4
3-ORANGE,4037,2
3-ORANGE,4038,5
3-ORANGE,4039,4
3-ORANGE,4041,2
3-ORANGE,4042,4
3-ORANGE,4043,4
3-ORANGE,4044,3
3-ORANGE,4045,3
3-ORANGE,4046,4
3-ORANGE,4047,3
3-ORANGE,4048,6
3-ORANGE,4049,4
3-ORANGE,4050,3
3-ORANGE,4051,3
3-ORANGE,4052,6
3-ORANGE,4053,4
3-ORANGE,4054,3
3-ORANGE,4055,3
3-ORANGE,4056,3
3-ORANGE,4057,6
3-ORANGE,4058,4
3-ORANGE,4059,2
3-ORANGE,4060,2
3-ORANGE,4061,4
3-ORANGE,4062,4
3-ORANGE,4063,2
3-ORANGE,4064,2
3-ORANGE,4065,4
3-ORANGE,4066,5
3-ORANGE,4067,3
3-ORANGE,4068,5
3-ORANGE,4069,2
3-ORANGE,4070,5
3-ORANGE,4071,4
3-ORANGE,4072,1
3-ORANGE,4073,3
3-ORANGE,4074,3
3-ORANGE,4075,2
3-ORANGE,4076,4
3-ORANGE,4077,1
3-ORANGE,4078,1
3-ORANGE,4079,3
3-ORANGE,4080,4
3-ORANGE,4081,3
3-ORANGE,4082,3
3-ORANGE,4083,4
3-ORANGE,4084,2
3-ORANGE,4086,3
3-ORANGE,4087,6
3-ORANGE,4088,3
3-ORANGE,4089,5
3-ORANGE,4090,7
3-ORANGE,4091,4
3-ORANGE,4092,4
3-ORANGE,4093,2
3-ORANGE,4094,3
3-ORANGE,4095,3
3-ORANGE,4097,4
3-ORANGE,4098,3
3-ORANGE,4099,1
3-ORANGE,4100,5
3-ORANGE,4101,5
3-ORANGE,4102,7
3-ORANGE,4103,2
3-ORANGE,4105,3
3-ORANGE,4106,7
3-ORANGE,4107,2
3-ORANGE,4108,4
3-ORANGE,4109,1
3-ORANGE,4110,4
3-ORANGE,4111,5
3-ORANGE,4112,2
3-ORANGE,4113,3
3-ORANGE,4114,2
3-ORANGE,4115,3
3-ORANGE,4116,3
3-ORANGE,4117,2
3-ORANGE,4118,5
3-ORANGE,4119,3
3-ORANGE,4120,2
3-ORANGE,4121,5
3-ORANGE,4122,3
3-ORANGE,4123,3
3-ORANGE,4124,2
3-ORANGE,4125,2
3-ORANGE,4126,3
3-ORANGE,4127,6
3-ORANGE,4128,1
3-ORANGE,4129,3
3-ORANGE,4130,2
3-ORANGE,4131,2
3-ORANGE,4132,3
3-ORANGE,4133,1
3-ORANGE,4134,2
3-ORANGE,4135,3
3-ORANGE,4136,2
3-ORANGE,4137,6
3-ORANGE,4138,2
3-ORANGE,4139,3
3-ORANGE,4140,2
3-ORANGE,4141,2
3-ORANGE,4142,3
3-ORANGE,4143,1
3-ORANGE,4144,4
3-ORANGE,4145,2
3-ORANGE,4146,4
3-ORANGE,4147,3
3-ORANGE,4148,4
3-ORANGE,4149,3
3-ORANGE,4150,2
3-ORANGE,4151,6
3-ORANGE,4152,3
3-ORANGE,4153,6
3-ORANGE,4154,1
3-ORANGE,4155,2
3-ORANGE,4156,2
3-ORANGE,4157,3
3-ORANGE,4158,1
3-ORANGE,4159,4
3-ORANGE,4160,4
3-ORANGE,4161,2
3-ORANGE,4162,8
3-ORANGE,4163,4
3-ORANGE,4164,4
3-ORANGE,4165,2
3-ORANGE,4166,2
3-ORANGE,4167,3
3-ORANGE,4168,3
3-ORANGE,4169,3
3-ORANGE,4170,1
3-ORANGE,4171,1
3-ORANGE,4172,4
3-ORANGE,4173,3
3-ORANGE,4174,2
3-ORANGE,4175,1
3-ORANGE,4176,3
3-ORANGE,4177,5
3-ORANGE,4178,2
3-ORANGE,4179,2
3-ORANGE,4180,1
3-ORANGE,4181,2
3-ORANGE,4182,4
3-ORANGE,4183,1
3-ORANGE,4184,4
3-ORANGE,4185,3
3-ORANGE,4186,3
3-ORANGE,4187,3
3-ORANGE,4188,2
3-ORANGE,4189,7
3-ORANGE,4190,3
3-ORANGE,4191,3
3-ORANGE,4192,3
3-ORANGE,4194,5
3-ORANGE,4195,3
3-ORANGE,4196,6
3-ORANGE,4197,4
3-ORANGE,4198,3
3-ORANGE,4199,4
3-ORANGE,4200,5
3-ORANGE,4201,5
3-ORANGE,4202,3
3-ORANGE,4203,4
3-ORANGE,4204,3
3-ORANGE,4205,2
3-ORANGE,4206,2
3-ORANGE,4207,3
3-ORANGE,4208,5
3-ORANGE,4209,1
3-ORANGE,4210,3
3-ORANGE,4211,1
3-ORANGE,4212,3
3-ORANGE,4213,2
3-ORANGE,4214,5
3-ORANGE,4215,3
3-ORANGE,4216,7
3-ORANGE,4217,3
3-ORANGE,4218,2
3-ORANGE,4219,3
3-ORANGE,4220,6
3-ORANGE,4221,2
3-ORANGE,4223,1
3-ORANGE,4225,3
3-ORANGE,4226,3
3-ORANGE,4228,1
3-ORANGE,4229,3
3-ORANGE,4230,4
3-ORANGE,4231,6
3-ORANGE,4232,4
3-ORANGE,4233,5
3-ORANGE,4234,4
3-ORANGE,4235,6
3-ORANGE,4236,6
3-ORANGE,4237,4
3-ORANGE,4239,3
3-ORANGE,4240,4
3-ORANGE,4241,4
3-ORANGE,4242,1
3-ORANGE,4243,1
3-ORANGE,4245,5
3-ORANGE,4246,3
3-ORANGE,4247,2
3-ORANGE,4248,4
3-ORANGE,4249,3
3-ORANGE,4250,5
3-ORANGE,4251,3
3-ORANGE,4252,1
3-ORANGE,4254,3
3-ORANGE,4255,3
3-ORANGE,4256,2
3-ORANGE,4257,3
3-ORANGE,4258,2
3-ORANGE,4259,7
3-ORANGE,4260,5
3-ORANGE,4261,2
3-ORANGE,4262,1
3-ORANGE,4263,3
3-ORANGE,4264,1
3-ORANGE,4265,3
3-ORANGE,4266,10
3-ORANGE,4267,3
3-ORANGE,4268,2
3-ORANGE,4269,6
3-ORANGE,4270,7
3-ORANGE,4271,3
3-ORANGE,4272,3
3-ORANGE,4273,6
3-ORANGE,4275,4
3-ORANGE,4276,7
3-ORANGE,4277,4
3-ORANGE,4278,3
3-ORANGE,4279,2
3-ORANGE,4280,2
3-ORANGE,4281,2
3-ORANGE,4282,2
3-ORANGE,4283,4
3-ORANGE,4284,4
3-ORANGE,4285,2
3-ORANGE,4286,2
3-ORANGE,4287,3
3-ORANGE,4288,6
3-ORANGE,4289,5
3-ORANGE,4290,1
3-ORANGE,4291,1
3-ORANGE,4292,2
3-ORANGE,4293,3
3-ORANGE,4294,4
3-ORANGE,4295,5
3-ORANGE,4296,1
3-ORANGE,4297,5
3-ORANGE,4298,5
3-ORANGE,4299,5
3-ORANGE,4300,4
3-ORANGE,4301,6
3-ORANGE,4302,4
3-ORANGE,4303,3
3-ORANGE,4304,4
3-ORANGE,4305,1
3-ORANGE,4306,4
3-ORANGE,4307,5
3-ORANGE,4308,5
3-ORANGE,4309,4
3-ORANGE,4310,4
3-ORANGE,4311,3
3-ORANGE,4312,5
3-ORANGE,4313,5
3-ORANGE,4314,2
3-ORANGE,4315,3
3-ORANGE,4316,6
3-ORANGE,4317,2
3-ORANGE,4318,1
3-ORANGE,4319,1
3-ORANGE,4320,1
3-ORANGE,4321,2
3-ORANGE,4322,1
3-ORANGE,4323,1
3-ORANGE,4324,5
3-ORANGE,4325,2
3-ORANGE,4326,5
3-ORANGE,4327,2
3-ORANGE,4328,2
3-ORANGE,4329,5
3-ORANGE,4330,4
3-ORANGE,4331,5
3-ORANGE,4332,5
3-ORANGE,4333,5
3-ORANGE,4334,5
3-ORANGE,4335,3
3-ORANGE,4336,2
3-ORANGE,4337,2
3-ORANGE,4338,5
3-ORANGE,4339,3
3-ORANGE,4340,5
3-ORANGE,4341,4
3-ORANGE,4342,3
3-ORANGE,4343,4
3-ORANGE,4344,2
3-ORANGE,4345,3
3-ORANGE,4346,4
3-ORANGE,4347,3
3-ORANGE,4348,4
3-ORANGE,4349,4
3-ORANGE,4350,5
3-ORANGE,4351,3
3-ORANGE,4352,2
3-ORANGE,4353,2
3-ORANGE,4354,4
3-ORANGE,4355,1
3-ORANGE,4356,1
3-ORANGE,4357,4
3-ORANGE,4359,1
3-ORANGE,4360,2
3-ORANGE,4361,2
3-ORANGE,4362,5
3-ORANGE,4363,3
3-ORANGE,4364,4
3-ORANGE,4365,3
3-ORANGE,4366,2
3-ORANGE,4367,2
3-ORANGE,4368,4
3-ORANGE,4369,5
3-ORANGE,4370,3
3-ORANGE,4371,2
3-ORANGE,4372,1
3-ORANGE,4373,3
3-ORANGE,4374,3
3-ORANGE,4375,5
3-ORANGE,4376,5
3-ORANGE,4377,2
3-ORANGE,4378,2
3-ORANGE,4379,2
3-ORANGE,4380,1
3-ORANGE,4381,3
3-ORANGE,4383,1
3-ORANGE,4384,3
3-ORANGE,4387,1
3-ORANGE,4388,4
3-ORANGE,4389,2
3-ORANGE,4390,6
3-ORANGE,4391,3
3-ORANGE,4392,1
3-ORANGE,4393,4
3-ORANGE,4394,2
3-ORANGE,4395,5
3-ORANGE,4396,4
3-ORANGE,4397,6
3-ORANGE,4398,1
3-ORANGE,4399,3
3-ORANGE,4400,2
3-ORANGE,4401,5
3-ORANGE,4402,3
3-ORANGE,4403,3
3-ORANGE,4404,4
3-ORANGE,4405,1
3-ORANGE,4406,4
3-ORANGE,4407,1
3-ORANGE,4408,2
3-ORANGE,4409,2
3-ORANGE,4410,2
3-ORANGE,4411,6
3-ORANGE,4412,2
3-ORANGE,4413,6
3-ORANGE,4414,4
3-ORANGE,4416,4
3-ORANGE,4417,4
3-ORANGE,4418,2
3-ORANGE,4419,2
3-ORANGE,4420,3
3-ORANGE,4421,1
3-ORANGE,4422,2
3-ORANGE,4423,1
3-ORANGE,4425,4
3-ORANGE,4426,1
3-ORANGE,4427,1
3-ORANGE,4428,2
3-ORANGE,4430,2
3-ORANGE,4431,6
3-ORANGE,4432,2
3-ORANGE,4433,6
3-ORANGE,4436,5
3-ORANGE,4437,1
3-ORANGE,4438,4
3-ORANGE,4439,2
3-ORANGE,4440,2
3-ORANGE,4441,5
3-ORANGE,4442,5
3-ORANGE,4443,1
3-ORANGE,4444,1
3-ORANGE,4445,2
3-ORANGE,4446,4
3-ORANGE,4448,5
3-ORANGE,4449,4
3-ORANGE,4450,2
3-ORANGE,4451,2
3-ORANGE,4453,2
3-ORANGE,4454,5
3-ORANGE,4455,3
3-ORANGE,4456,1
3-ORANGE,4457,2
3-ORANGE,4458,4
3-ORANGE,4459,1
3-ORANGE,4460,3
3-ORANGE,4461,3
3-ORANGE,4462,1
3-ORANGE,4463,1
3-ORANGE,4464,3
3-ORANGE,4465,2
3-ORANGE,4466,1
3-ORANGE,4467,2
3-ORANGE,4468,5
3-ORANGE,4469,5
3-ORANGE,4471,1
3-ORANGE,4472,3
3-ORANGE,4473,4
3-ORANGE,4474,2
3-ORANGE,4475,2
3-ORANGE,4476,5
3-ORANGE,4477,1
3-ORANGE,4478,2
3-ORANGE,4479,2
3-ORANGE,4482,1
3-ORANGE,4483,3
3-ORANGE,4484,2
3-ORANGE,4485,1
3-ORANGE,4486,3
3-ORANGE,4488,3
3-ORANGE,4489,3
3-ORANGE,4490,2
3-ORANGE,4491,4
3-ORANGE,4493,2
3-ORANGE,4494,2
3-ORANGE,4495,2
3-ORANGE,4496,4
3-ORANGE,4497,4
3-ORANGE,4499,6
3-ORANGE,4500,3
3-ORANGE,4501,5
3-ORANGE,4502,4
3-ORANGE,4503,1
3-ORANGE,4504,3
3-ORANGE,4505,3
3-ORANGE,4506,2
3-ORANGE,4507,2
3-ORANGE,4508,4
3-ORANGE,4509,3
3-ORANGE,4510,2
3-ORANGE,4511,2
3-ORANGE,4512,2
3-ORANGE,4513,2
3-ORANGE,4514,3
3-ORANGE,4515,5
3-ORANGE,4516,2
3-ORANGE,4518,4
3-ORANGE,4519,2
3-ORANGE,4520,2
3-ORANGE,4521,4
3-ORANGE,4522,3
3-ORANGE,4523,2
3-ORANGE,4524,2
3-ORANGE,4525,2
3-ORANGE,4526,1
3-ORANGE,4527,4
3-ORANGE,4528,1
3-ORANGE,4529,2
3-ORANGE,4530,2
3-ORANGE,4532,2
3-ORANGE,4533,4
3-ORANGE,4534,1
3-ORANGE,4535,1
3-ORANGE,4536,1
3-ORANGE,4537,4
3-ORANGE,4539,4
3-ORANGE,4540,3
3-ORANGE,4541,2
3-ORANGE,4542,2
3-ORANGE,4543,1
3-ORANGE,4544,2
3-ORANGE,4545,3
3-ORANGE,4546,1
3-ORANGE,4547,4
3-ORANGE,4548,1
3-ORANGE,4549,2
3-ORANGE,4550,2
3-ORANGE,4551,2
3-ORANGE,4552,1
3-ORANGE,4553,3
3-ORANGE,4554,4
3-ORANGE,4555,2
3-ORANGE,4556,3
3-ORANGE,4557,3
3-ORANGE,4558,1
3-ORANGE,4560,3
3-ORANGE,4561,2
3-ORANGE,4562,3
3-ORANGE,4563,1
3-ORANGE,4564,3
3-ORANGE,4565,4
3-ORANGE,4566,1
3-ORANGE,4567,3
3-ORANGE,4568,4
3-ORANGE,4569,3
3-ORANGE,4570,1
3-ORANGE,4571,4
3-ORANGE,4572,3
3-ORANGE,4573,5
3-ORANGE,4574,1
3-ORANGE,4575,3
3-ORANGE,4576,1
3-ORANGE,4577,2
3-ORANGE,4578,2
3-ORANGE,4579,1
3-ORANGE,4580,4
3-ORANGE,4581,2
3-ORANGE,4582,2
3-ORANGE,4583,1
3-ORANGE,4584,3
3-ORANGE,4585,2
3-ORANGE,4586,2
3-ORANGE,4587,2
3-ORANGE,4588,3
3-ORANGE,4589,4
3-ORANGE,4590,2
3-ORANGE,4591,2
3-ORANGE,4592,3
3-ORANGE,4593,1
3-ORANGE,4595,6
3-ORANGE,4596,2
3-ORANGE,4597,3
3-ORANGE,4598,2
3-ORANGE,4599,5
3-ORANGE,4600,2
3-ORANGE,4601,2
3-ORANGE,4602,2
3-ORANGE,4604,4
3-ORANGE,4607,1
3-ORANGE,4608,3
3-ORANGE,4609,1
3-ORANGE,4610,3
3-ORANGE,4611,2
3-ORANGE,4613,3
3-ORANGE,4614,3
3-ORANGE,4615,1
3-ORANGE,4616,2
3-ORANGE,4617,1
3-ORANGE,4618,6
3-ORANGE,4620,2
3-ORANGE,4621,3
3-ORANGE,4622,3
3-ORANGE,4623,2
3-ORANGE,4624,2
3-ORANGE,4625,3
3-ORANGE,4626,2
3-ORANGE,4627,3
3-ORANGE,4628,1
3-ORANGE,4630,3
3-ORANGE,4631,3
3-ORANGE,4632,2
3-ORANGE,4634,1
3-ORANGE,4635,1
3-ORANGE,4636,2
3-ORANGE,4637,2
3-ORANGE,4638,3
3-ORANGE,4639,3
3-ORANGE,4640,1
3-ORANGE,4641,5
3-ORANGE,4642,3
3-ORANGE,4643,4
3-ORANGE,4645,5
3-ORANGE,4646,3
3-ORANGE,4647,3
3-ORANGE,4648,5
3-ORANGE,4649,2
3-ORANGE,4650,1
3-ORANGE,4651,2
3-ORANGE,4652,6
3-ORANGE,4653,2
3-ORANGE,4654,3
3-ORANGE,4655,3
3-ORANGE,4656,1
3-ORANGE,4657,1
3-ORANGE,4658,2
3-ORANGE,4659,4
3-ORANGE,4660,3
3-ORANGE,4662,4
3-ORANGE,4663,3
3-ORANGE,4664,3
3-ORANGE,4665,4
3-ORANGE,4666,1
3-ORANGE,4667,2
3-ORANGE,4668,4
3-ORANGE,4669,1
3-ORANGE,4670,1
3-ORANGE,4671,1
3-ORANGE,4672,2
3-ORANGE,4673,2
3-ORANGE,4674,2
3-ORANGE,4676,3
3-ORANGE,4677,3
3-ORANGE,4678,2
3-ORANGE,4679,4
3-ORANGE,4680,1
3-ORANGE,4681,2
3-ORANGE,4682,3
3-ORANGE,4683,2
3-ORANGE,4684,1
3-ORANGE,4685,3
3-ORANGE,4686,4
3-ORANGE,4688,4
3-ORANGE,4689,3
3-ORANGE,4690,3
3-ORANGE,4691,1
3-ORANGE,4692,1
3-ORANGE,4693,3
3-ORANGE,4694,7
3-ORANGE,4695,1
3-ORANGE,4696,4
3-ORANGE,4697,4
3-ORANGE,4698,1
3-ORANGE,4699,1
3-ORANGE,4700,1
3-ORANGE,4701,2
3-ORANGE,4702,3
3-ORANGE,4703,4
3-ORANGE,4704,2
3-ORANGE,4705,2
3-ORANGE,4706,1
3-ORANGE,4707,4
3-ORANGE,4709,3
3-ORANGE,4710,3
3-ORANGE,4711,3
3-ORANGE,4712,4
3-ORANGE,4713,3
3-ORANGE,4714,3
3-ORANGE,4715,3
3-ORANGE,4716,5
3-ORANGE,4717,1
3-ORANGE,4718,5
3-ORANGE,4719,1
3-ORANGE,4720,1
3-ORANGE,4721,2
3-ORANGE,4722,2
3-ORANGE,4724,1
3-ORANGE,4725,3
3-ORANGE,4726,3
3-ORANGE,4727,4
3-ORANGE,4728,2
3-ORANGE,4729,1
3-ORANGE,4730,3
3-ORANGE,4731,1
3-ORANGE,4732,1
3-ORANGE,4733,2
3-ORANGE,4735,4
3-ORANGE,4736,3
3-ORANGE,4737,3
3-ORANGE,4738,3
3-ORANGE,4739,1
3-ORANGE,4740,1
3-ORANGE,4741,1
3-ORANGE,4743,6
3-ORANGE,4744,1
3-ORANGE,4745,3
3-ORANGE,4746,4
3-ORANGE,4747,3
3-ORANGE,4748,1
3-ORANGE,4749,5
3-ORANGE,4750,1
3-ORANGE,4751,1
3-ORANGE,4752,4
3-ORANGE,4753,1
3-ORANGE,4754,2
3-ORANGE,4755,2
3-ORANGE,4756,4
3-ORANGE,4757,3
3-ORANGE,4758,1
3-ORANGE,4759,3
3-ORANGE,4761,3
3-ORANGE,4763,2
3-ORANGE,4764,2
3-ORANGE,4765,2
3-ORANGE,4766,3
3-ORANGE,4767,3
3-ORANGE,4768,1
3-ORANGE,4769,1
3-ORANGE,4770,4
3-ORANGE,4771,1
3-ORANGE,4772,1
3-ORANGE,4773,3
3-ORANGE,4774,1
3-ORANGE,4775,1
3-ORANGE,4776,3
3-ORANGE,4777,3
3-ORANGE,4778,1
3-ORANGE,4779,2
3-ORANGE,4780,1
3-ORANGE,4781,2
3-ORANGE,4782,1
3-ORANGE,4783,4
3-ORANGE,4784,5
3-ORANGE,4785,1
3-ORANGE,4786,4
3-ORANGE,4787,1
3-ORANGE,4788,1
3-ORANGE,4789,2
3-ORANGE,4790,7
3-ORANGE,4791,1
3-ORANGE,4792,1
3-ORANGE,4793,1
3-ORANGE,4794,2
3-ORANGE,4795,2
3-ORANGE,4796,2
3-ORANGE,4797,1
3-ORANGE,4798,7
3-ORANGE,4799,3
3-ORANGE,4800,1
3-ORANGE,4801,1
3-ORANGE,4802,2
3-ORANGE,4804,3
3-ORANGE,4805,1
3-ORANGE,4806,3
3-ORANGE,4807,3
3-ORANGE,4808,1
3-ORANGE,4809,3
3-ORANGE,4810,2
3-ORANGE,4811,1
3-ORANGE,4812,3
3-ORANGE,4813,1
3-ORANGE,4815,2
3-ORANGE,4816,2
3-ORANGE,4817,2
3-ORANGE,4819,2
3-ORANGE,4820,3
3-ORANGE,4821,3
3-ORANGE,4822,2
3-ORANGE,4824,2
3-ORANGE,4825,1
3-ORANGE,4826,1
3-ORANGE,4827,3
3-ORANGE,4828,1
3-ORANGE,4829,1
3-ORANGE,4830,1
3-ORANGE,4831,1
3-ORANGE,4832,1
3-ORANGE,4833,1
3-ORANGE,4834,2
3-ORANGE,4835,3
3-ORANGE,4836,1
3-ORANGE,4837,2
3-ORANGE,4838,2
3-ORANGE,4839,4
3-ORANGE,4840,1
3-ORANGE,4841,1
3-ORANGE,4842,5
3-ORANGE,4843,4
3-ORANGE,4844,2
3-ORANGE,4845,6
3-ORANGE,4847,1
3-ORANGE,4848,4
3-ORANGE,4849,2
3-ORANGE,4850,2
3-ORANGE,4851,3
3-ORANGE,4852,3
3-ORANGE,4853,3
3-ORANGE,4854,1
3-ORANGE,4855,2
3-ORANGE,4856,3
3-ORANGE,4857,2
3-ORANGE,4858,1
3-ORANGE,4860,2
3-ORANGE,4862,2
3-ORANGE,4863,1
3-ORANGE,4864,1
3-ORANGE,4865,1
3-ORANGE,4866,2
3-ORANGE,4867,3
3-ORANGE,4868,1
3-ORANGE,4869,3
3-ORANGE,4871,4
3-ORANGE,4873,1
3-ORANGE,4874,1
3-ORANGE,4875,2
3-ORANGE,4876,3
3-ORANGE,4877,1
3-ORANGE,4879,2
3-ORANGE,4880,1
3-ORANGE,4881,3
3-ORANGE,4882,4
3-ORANGE,4883,3
3-ORANGE,4884,1
3-ORANGE,4885,4
3-ORANGE,4886,3
3-ORANGE,4887,2
3-ORANGE,4888,1
3-ORANGE,4889,2
3-ORANGE,4890,2
3-ORANGE,4891,2
3-ORANGE,4892,1
3-ORANGE,4893,1
3-ORANGE,4894,3
3-ORANGE,4895,4
3-ORANGE,4896,3
3-ORANGE,4898,1
3-ORANGE,4899,3
3-ORANGE,4900,1
3-ORANGE,4901,2
3-ORANGE,4902,3
3-ORANGE,4904,3
3-ORANGE,4905,1
3-ORANGE,4906,3
3-ORANGE,4907,3
3-ORANGE,4908,5
3-ORANGE,4909,3
3-ORANGE,4910,2
3-ORANGE,4911,1
3-ORANGE,4912,3
3-ORANGE,4913,1
3-ORANGE,4914,3
3-ORANGE,4915,3
3-ORANGE,4916,2
3-ORANGE,4917,1
3-ORANGE,4918,4
3-ORANGE,4919,4
3-ORANGE,4920,3
3-ORANGE,4921,1
3-ORANGE,4922,3
3-ORANGE,4923,3
3-ORANGE,4926,2
3-ORANGE,4927,1
3-ORANGE,4928,2
3-ORANGE,4932,3
3-ORANGE,4933,2
3-ORANGE,4934,1
3-ORANGE,4935,1
3-ORANGE,4936,3
3-ORANGE,4937,2
3-ORANGE,4938,1
3-ORANGE,4939,1
3-ORANGE,4940,1
3-ORANGE,4941,2
3-ORANGE,4942,2
3-ORANGE,4943,3
3-ORANGE,4944,4
3-ORANGE,4945,3
3-ORANGE,4946,7
3-ORANGE,4947,1
3-ORANGE,4948,3
3-ORANGE,4949,5
3-ORANGE,4951,2
3-ORANGE,4952,2
3-ORANGE,4953,1
3-ORANGE,4954,3
3-ORANGE,4955,1
3-ORANGE,4956,2
3-ORANGE,4957,2
3-ORANGE,4958,3
3-ORANGE,4959,2
3-ORANGE,4960,2
3-ORANGE,4961,2
3-ORANGE,4963,1
3-ORANGE,4964,2
3-ORANGE,4965,1
3-ORANGE,4966,2
3-ORANGE,4967,4
3-ORANGE,4968,3
3-ORANGE,4970,1
3-ORANGE,4971,3
3-ORANGE,4972,3
3-ORANGE,4973,1
3-ORANGE,4974,1
3-ORANGE,4975,1
3-ORANGE,4976,3
3-ORANGE,4977,1
3-ORANGE,4978,1
3-ORANGE,4979,3
3-ORANGE,4980,1
3-ORANGE,4981,3
3-ORANGE,4982,1
3-ORANGE,4983,1
3-ORANGE,4986,2
3-ORANGE,4987,1
3-ORANGE,4988,2
3-ORANGE,4989,1
3-ORANGE,4990,1
3-ORANGE,4991,2
3-ORANGE,4992,2
3-ORANGE,4993,3
3-ORANGE,4994,2
3-ORANGE,4995,3
3-ORANGE,4996,3
3-ORANGE,4997,1
3-ORANGE,4998,1
3-ORANGE,4999,2
3-ORANGE,5001,2
3-ORANGE,5002,1
3-ORANGE,5003,1
3-ORANGE,5005,1
3-ORANGE,5006,2
3-ORANGE,5007,2
3-ORANGE,5008,3
3-ORANGE,5009,3
3-ORANGE,5010,1
3-ORANGE,5011,7
3-ORANGE,5012,3
3-ORANGE,5013,1
3-ORANGE,5014,3
3-ORANGE,5015,3
3-ORANGE,5016,4
3-ORANGE,5017,3
3-ORANGE,5018,2
3-ORANGE,5019,2
3-ORANGE,5020,3
3-ORANGE,5023,1
3-ORANGE,5024,2
3-ORANGE,5025,1
3-ORANGE,5026,1
3-ORANGE,5027,2
3-ORANGE,5028,1
3-ORANGE,5029,1
3-ORANGE,5031,2
3-ORANGE,5032,3
3-ORANGE,5033,1
3-ORANGE,5034,2
3-ORANGE,5035,4
3-ORANGE,5036,2
3-ORANGE,5037,2
3-ORANGE,5038,4
3-ORANGE,5039,2
3-ORANGE,5040,5
3-ORANGE,5041,3
3-ORANGE,5042,3
3-ORANGE,5044,1
3-ORANGE,5046,1
3-ORANGE,5047,1
3-ORANGE,5048,2
3-ORANGE,5049,2
3-ORANGE,5052,2
3-ORANGE,5053,1
3-ORANGE,5055,1
3-ORANGE,5056,3
3-ORANGE,5057,4
3-ORANGE,5058,3
3-ORANGE,5059,1
3-ORANGE,5060,3
3-ORANGE,5062,1
3-ORANGE,5063,1
3-ORANGE,5064,2
3-ORANGE,5066,2
3-ORANGE,5067,1
3-ORANGE,5068,3
3-ORANGE,5070,2
3-ORANGE,5071,1
3-ORANGE,5072,1
3-ORANGE,5073,2
3-ORANGE,5075,2
3-ORANGE,5076,1
3-ORANGE,5077,3
3-ORANGE,5078,1
3-ORANGE,5079,5
3-ORANGE,5080,1
3-ORANGE,5081,2
3-ORANGE,5082,2
3-ORANGE,5084,1
3-ORANGE,5085,1
3-ORANGE,5086,3
3-ORANGE,5087,3
3-ORANGE,5089,2
3-ORANGE,5090,1
3-ORANGE,5091,1
3-ORANGE,5092,1
3-ORANGE,5093,3
3-ORANGE,5094,1
3-ORANGE,5095,4
3-ORANGE,5096,1
3-ORANGE,5097,3
3-ORANGE,5098,3
3-ORANGE,5099,3
3-ORANGE,5100,1
3-ORANGE,5101,2
3-ORANGE,5102,2
3-ORANGE,5103,4
3-ORANGE,5104,2
3-ORANGE,5105,3
3-ORANGE,5108,3
3-ORANGE,5109,2
3-ORANGE,5111,2
3-ORANGE,5112,2
3-ORANGE,5113,1
3-ORANGE,5114,1
3-ORANGE,5115,2
3-ORANGE,5116,1
3-ORANGE,5117,3
3-ORANGE,5118,3
3-ORANGE,5119,5
3-ORANGE,5120,1
3-ORANGE,5121,2
3-ORANGE,5123,1
3-ORANGE,5125,7
3-ORANGE,5126,2
3-ORANGE,5128,3
3-ORANGE,5129,3
3-ORANGE,5131,1
3-ORANGE,5132,2
3-ORANGE,5133,2
3-ORANGE,5134,1
3-ORANGE,5135,2
3-ORANGE,5136,3
3-ORANGE,5137,3
3-ORANGE,5138,2
3-ORANGE,5139,1
3-ORANGE,5140,1
3-ORANGE,5141,3
3-ORANGE,5143,3
3-ORANGE,5144,2
3-ORANGE,5145,1
3-ORANGE,5146,4
3-ORANGE,5147,4
3-ORANGE,5148,1
3-ORANGE,5150,1
3-ORANGE,5151,3
3-ORANGE,5152,2
3-ORANGE,5154,1
3-ORANGE,5155,1
3-ORANGE,5156,2
3-ORANGE,5157,1
3-ORANGE,5159,2
3-ORANGE,5160,1
3-ORANGE,5163,1
3-ORANGE,5164,1
3-ORANGE,5165,2
3-ORANGE,5166,2
3-ORANGE,5169,1
3-ORANGE,5170,2
3-ORANGE,5172,2
3-ORANGE,5173,1
3-ORANGE,5174,1
3-ORANGE,5176,3
3-ORANGE,5180,1
3-ORANGE,5182,1
3-ORANGE,5183,2
3-ORANGE,5184,2
3-ORANGE,5187,2
3-ORANGE,5188,2
3-ORANGE,5189,2
3-ORANGE,5190,1
3-ORANGE,5191,2
3-ORANGE,5192,3
3-ORANGE,5193,1
3-ORANGE,5194,3
3-ORANGE,5195,1
3-ORANGE,5196,3
3-ORANGE,5198,3
3-ORANGE,5199,1
3-ORANGE,5200,2
3-ORANGE,5202,1
3-ORANGE,5203,1
3-ORANGE,5204,5
3-ORANGE,5205,2
3-ORANGE,5208,2
3-ORANGE,5209,3
3-ORANGE,5210,3
3-ORANGE,5212,1
3-ORANGE,5213,1
3-ORANGE,5215,1
3-ORANGE,5216,3
3-ORANGE,5217,2
3-ORANGE,5218,1
3-ORANGE,5220,2
3-ORANGE,5221,2
3-ORANGE,5222,1
3-ORANGE,5223,1
3-ORANGE,5224,1
3-ORANGE,5225,2
3-ORANGE,5226,3
3-ORANGE,5227,1
3-ORANGE,5228,2
3-ORANGE,5229,1
3-ORANGE,5230,2
3-ORANGE,5231,1
3-ORANGE,5234,2
3-ORANGE,5235,1
3-ORANGE,5236,1
3-ORANGE,5237,1
3-ORANGE,5238,1
3-ORANGE,5239,1
3-ORANGE,5241,1
3-ORANGE,5242,1
3-ORANGE,5243,1
3-ORANGE,5244,1
3-ORANGE,5245,1
3-ORANGE,5247,3
3-ORANGE,5249,2
3-ORANGE,5250,1
3-ORANGE,5251,4
3-ORANGE,5252,2
3-ORANGE,5253,3
3-ORANGE,5254,2
3-ORANGE,5255,2
3-ORANGE,5256,5
3-ORANGE,5257,2
3-ORANGE,5258,3
3-ORANGE,5259,1
3-ORANGE,5260,1
3-ORANGE,5262,4
3-ORANGE,5264,1
3-ORANGE,5265,3
3-ORANGE,5268,2
3-ORANGE,5269,1
3-ORANGE,5271,1
3-ORANGE,5272,2
3-ORANGE,5273,2
3-ORANGE,5274,2
3-ORANGE,5275,2
3-ORANGE,5276,1
3-ORANGE,5277,1
3-ORANGE,5278,3
3-ORANGE,5279,1
3-ORANGE,5280,3
3-ORANGE,5281,2
3-ORANGE,5282,1
3-ORANGE,5285,1
3-ORANGE,5286,1
3-ORANGE,5288,2
3-ORANGE,5290,2
3-ORANGE,5294,4
3-ORANGE,5295,1
3-ORANGE,5296,1
3-ORANGE,5297,3
3-ORANGE,5298,4
3-ORANGE,5300,3
3-ORANGE,5301,1
3-ORANGE,5303,3
3-ORANGE,5304,1
3-ORANGE,5305,2
3-ORANGE,5306,1
3-ORANGE,5308,2
3-ORANGE,5309,2
3-ORANGE,5312,1
3-ORANGE,5313,2
3-ORANGE,5314,4
3-ORANGE,5315,2
3-ORANGE,5316,1
3-ORANGE,5317,2
3-ORANGE,5318,2
3-ORANGE,5319,2
3-ORANGE,5321,1
3-ORANGE,5322,4
3-ORANGE,5323,2
3-ORANGE,5325,1
3-ORANGE,5326,1
3-ORANGE,5327,2
3-ORANGE,5328,3
3-ORANGE,5329,2
3-ORANGE,5330,2
3-ORANGE,5331,1
3-ORANGE,5332,2
3-ORANGE,5334,2
3-ORANGE,5335,2
3-ORANGE,5336,4
3-ORANGE,5337,2
3-ORANGE,5338,1
3-ORANGE,5339,1
3-ORANGE,5340,1
3-ORANGE,5341,2
3-ORANGE,5344,1
3-ORANGE,5345,1
3-ORANGE,5346,1
3-ORANGE,5347,4
3-ORANGE,5348,2
3-ORANGE,5349,3
3-ORANGE,5354,2
3-ORANGE,5355,1
3-ORANGE,5358,1
3-ORANGE,5359,1
3-ORANGE,5361,2
3-ORANGE,5362,3
3-ORANGE,5363,2
3-ORANGE,5364,2
3-ORANGE,5367,2
3-ORANGE,5368,2
3-ORANGE,5369,2
3-ORANGE,5371,2
3-ORANGE,5372,1
3-ORANGE,5375,1
3-ORANGE,5377,3
3-ORANGE,5378,1
3-ORANGE,5381,2
3-ORANGE,5383,1
3-ORANGE,5384,3
3-ORANGE,5388,1
3-ORANGE,5389,1
3-ORANGE,5391,1
3-ORANGE,5392,2
3-ORANGE,5393,1
3-ORANGE,5394,1
3-ORANGE,5395,2
3-ORANGE,5396,1
3-ORANGE,5397,3
3-ORANGE,5398,1
3-ORANGE,5399,1
3-ORANGE,5400,1
3-ORANGE,5401,1
3-ORANGE,5402,1
3-ORANGE,5404,3
3-ORANGE,5406,2
3-ORANGE,5407,1
3-ORANGE,5408,2
3-ORANGE,5409,3
3-ORANGE,5412,1
3-ORANGE,5413,1
3-ORANGE,5414,2
3-ORANGE,5416,2
3-ORANGE,5417,1
3-ORANGE,5418,3
3-ORANGE,5421,2
3-ORANGE,5423,1
3-ORANGE,5425,1
3-ORANGE,5426,1
3-ORANGE,5428,1
3-ORANGE,5429,3
3-ORANGE,5431,1
3-ORANGE,5433,1
3-ORANGE,5434,3
3-ORANGE,5436,2
3-ORANGE,5437,1
3-ORANGE,5440,2
3-ORANGE,5441,1
3-ORANGE,5443,2
3-ORANGE,5445,1
3-ORANGE,5446,2
3-ORANGE,5447,1
3-ORANGE,5448,1
3-ORANGE,5449,1
3-ORANGE,5451,1
3-ORANGE,5454,2
3-ORANGE,5455,3
3-ORANGE,5456,1
3-ORANGE,5459,1
3-ORANGE,5460,2
3-ORANGE,5462,1
3-ORANGE,5463,2
3-ORANGE,5464,3
3-ORANGE,5467,1
3-ORANGE,5469,2
3-ORANGE,5470,1
3-ORANGE,5471,2
3-ORANGE,5474,1
3-ORANGE,5475,1
3-ORANGE,5476,2
3-ORANGE,5477,2
3-ORANGE,5478,2
3-ORANGE,5479,3
3-ORANGE,5480,2
3-ORANGE,5481,3
3-ORANGE,5482,3
3-ORANGE,5484,2
3-ORANGE,5487,2
3-ORANGE,5489,2
3-ORANGE,5492,3
3-ORANGE,5493,2
3-ORANGE,5494,3
3-ORANGE,5496,1
3-ORANGE,5497,1
3-ORANGE,5499,1
3-ORANGE,5500,4
3-ORANGE,5501,1
3-ORANGE,5502,2
3-ORANGE,5503,1
3-ORANGE,5506,1
3-ORANGE,5507,1
3-ORANGE,5508,2
3-ORANGE,5509,2
3-ORANGE,5510,3
3-ORANGE,5511,2
3-ORANGE,5512,2
3-ORANGE,5513,2
3-ORANGE,5514,2
3-ORANGE,5518,3
3-ORANGE,5519,1
3-ORANGE,5521,1
3-ORANGE,5524,1
3-ORANGE,5526,1
3-ORANGE,5528,2
3-ORANGE,5529,2
3-ORANGE,5530,2
3-ORANGE,5531,1
3-ORANGE,5532,1
3-ORANGE,5533,1
3-ORANGE,5535,1
3-ORANGE,5536,1
3-ORANGE,5537,2
3-ORANGE,5538,1
3-ORANGE,5539,1
3-ORANGE,5546,2
3-ORANGE,5549,2
3-ORANGE,5550,2
3-ORANGE,5551,1
3-ORANGE,5552,3
3-ORANGE,5553,1
3-ORANGE,5554,2
3-ORANGE,5555,5
3-ORANGE,5556,1
3-ORANGE,5557,1
3-ORANGE,5558,1
3-ORANGE,5559,3
3-ORANGE,5560,1
3-ORANGE,5562,1
3-ORANGE,5563,1
3-ORANGE,5564,1
3-ORANGE,5567,1
3-ORANGE,5568,1
3-ORANGE,5569,1
3-ORANGE,5574,3
3-ORANGE,5575,2
3-ORANGE,5576,1
3-ORANGE,5578,1
3-ORANGE,5579,1
3-ORANGE,5581,3
3-ORANGE,5582,1
3-ORANGE,5583,1
3-ORANGE,5585,1
3-ORANGE,5586,2
3-ORANGE,5587,1
3-ORANGE,5588,1
3-ORANGE,5589,1
3-ORANGE,5590,1
3-ORANGE,5591,1
3-ORANGE,5592,1
3-ORANGE,5595,1
3-ORANGE,5596,1
3-ORANGE,5597,1
3-ORANGE,5598,1
3-ORANGE,5599,2
3-ORANGE,5600,1
3-ORANGE,5602,3
3-ORANGE,5603,2
3-ORANGE,5604,1
3-ORANGE,5605,1
3-ORANGE,5608,2
3-ORANGE,5610,1
3-ORANGE,5611,1
3-ORANGE,5614,1
3-ORANGE,5615,3
3-ORANGE,5617,1
3-ORANGE,5618,2
3-ORANGE,5620,1
3-ORANGE,5621,2
3-ORANGE,5622,1
3-ORANGE,5623,1
3-ORANGE,5624,2
3-ORANGE,5625,1
3-ORANGE,5627,1
3-ORANGE,5630,1
3-ORANGE,5631,1
3-ORANGE,5632,1
3-ORANGE,5633,1
3-ORANGE,5637,2
3-ORANGE,5638,1
3-ORANGE,5639,2
3-ORANGE,5641,1
3-ORANGE,5644,1
3-ORANGE,5645,1
3-ORANGE,5647,2
3-ORANGE,5648,1
3-ORANGE,5652,1
3-ORANGE,5653,2
3-ORANGE,5655,3
3-ORANGE,5656,1
3-ORANGE,5657,2
3-ORANGE,5658,1
3-ORANGE,5659,2
3-ORANGE,5661,1
3-ORANGE,5662,1
3-ORANGE,5663,2
3-ORANGE,5664,1
3-ORANGE,5665,4
3-ORANGE,5666,4
3-ORANGE,5667,1
3-ORANGE,5670,3
3-ORANGE,5671,1
3-ORANGE,5672,2
3-ORANGE,5673,1
3-ORANGE,5674,1
3-ORANGE,5676,1
3-ORANGE,5677,2
3-ORANGE,5680,1
3-ORANGE,5681,4
3-ORANGE,5683,1
3-ORANGE,5684,4
3-ORANGE,5687,1
3-ORANGE,5689,1
3-ORANGE,5691,2
3-ORANGE,5692,3
3-ORANGE,5693,2
3-ORANGE,5696,1
3-ORANGE,5697,1
3-ORANGE,5699,1
3-ORANGE,5701,3
3-ORANGE,5704,2
3-ORANGE,5705,3
3-ORANGE,5706,1
3-ORANGE,5710,2
3-ORANGE,5711,2
3-ORANGE,5712,1
3-ORANGE,5714,2
3-ORANGE,5715,1
3-ORANGE,5716,1
3-ORANGE,5717,1
3-ORANGE,5718,2
3-ORANGE,5719,1
3-ORANGE,5720,1
3-ORANGE,5721,1
3-ORANGE,5722,2
3-ORANGE,5723,1
3-ORANGE,5725,1
3-ORANGE,5728,3
3-ORANGE,5729,1
3-ORANGE,5730,1
3-ORANGE,5733,3
3-ORANGE,5735,2
3-ORANGE,5736,1
3-ORANGE,5737,2
3-ORANGE,5738,1
3-ORANGE,5739,1
3-ORANGE,5741,1
3-ORANGE,5743,2
3-ORANGE,5744,1
3-ORANGE,5745,3
3-ORANGE,5747,1
3-ORANGE,5749,1
3-ORANGE,5750,2
3-ORANGE,5751,1
3-ORANGE,5752,1
3-ORANGE,5754,3
3-ORANGE,5755,1
3-ORANGE,5757,3
3-ORANGE,5758,1
3-ORANGE,5760,1
3-ORANGE,5761,1
3-ORANGE,5762,2
3-ORANGE,5763,2
3-ORANGE,5764,2
3-ORANGE,5766,1
3-ORANGE,5771,1
3-ORANGE,5773,1
3-ORANGE,5776,5
3-ORANGE,5778,2
3-ORANGE,5779,1
3-ORANGE,5780,1
3-ORANGE,5783,2
3-ORANGE,5784,1
3-ORANGE,5785,2
3-ORANGE,5786,3
3-ORANGE,5789,2
3-ORANGE,5790,2
3-ORANGE,5791,1
3-ORANGE,5792,1
3-ORANGE,5793,1
3-ORANGE,5794,1
3-ORANGE,5795,1
3-ORANGE,5798,5
3-ORANGE,5799,2
3-ORANGE,5801,1
3-ORANGE,5805,2
3-ORANGE,5807,1
3-ORANGE,5811,1
3-ORANGE,5813,1
3-ORANGE,5814,1
3-ORANGE,5815,1
3-ORANGE,5818,1
3-ORANGE,5821,1
3-ORANGE,5822,2
3-ORANGE,5823,3
3-ORANGE,5824,1
3-ORANGE,5825,2
3-ORANGE,5826,1
3-ORANGE,5828,1
3-ORANGE,5829,2
3-ORANGE,5830,1
3-ORANGE,5831,1
3-ORANGE,5832,1
3-ORANGE,5833,1
3-ORANGE,5834,2
3-ORANGE,5836,1
3-ORANGE,5837,1
3-ORANGE,5840,1
3-ORANGE,5841,1
3-ORANGE,5842,2
3-ORANGE,5843,1
3-ORANGE,5845,1
3-ORANGE,5848,2
3-ORANGE,5849,3
3-ORANGE,5858,2
3-ORANGE,5859,2
3-ORANGE,5862,1
3-ORANGE,5863,1
3-ORANGE,5864,1
3-ORANGE,5865,1
3-ORANGE,5866,1
3-ORANGE,5868,2
3-ORANGE,5869,1
3-ORANGE,5870,1
3-ORANGE,5871,2
3-ORANGE,5873,3
3-ORANGE,5878,1
3-ORANGE,5880,1
3-ORANGE,5882,1
3-ORANGE,5883,1
3-ORANGE,5886,2
3-ORANGE,5887,2
3-ORANGE,5888,2
3-ORANGE,5889,1
3-ORANGE,5890,1
3-ORANGE,5891,1
3-ORANGE,5892,1
3-ORANGE,5893,1
3-ORANGE,5894,1
3-ORANGE,5895,2
3-ORANGE,5901,1
3-ORANGE,5904,1
3-ORANGE,5905,3
3-ORANGE,5907,2
3-ORANGE,5908,1
3-ORANGE,5910,1
3-ORANGE,5911,1
3-ORANGE,5912,2
3-ORANGE,5914,1
3-ORANGE,5916,2
3-ORANGE,5917,1
3-ORANGE,5918,2
3-ORANGE,5919,1
3-ORANGE,5920,2
3-ORANGE,5923,2
3-ORANGE,5924,1
3-ORANGE,5925,1
3-ORANGE,5926,2
3-ORANGE,5927,2
3-ORANGE,5929,2
3-ORANGE,5931,1
3-ORANGE,5932,3
3-ORANGE,5934,1
3-ORANGE,5936,1
3-ORANGE,5937,1
3-ORANGE,5939,2
3-ORANGE,5940,1
3-ORANGE,5943,1
3-ORANGE,5948,1
3-ORANGE,5950,1
3-ORANGE,5951,2
3-ORANGE,5953,1
3-ORANGE,5954,1
3-ORANGE,5956,1
3-ORANGE,5957,2
3-ORANGE,5959,3
3-ORANGE,5960,1
3-ORANGE,5961,1
3-ORANGE,5963,1
3-ORANGE,5964,2
3-ORANGE,5965,1
3-ORANGE,5966,1
3-ORANGE,5968,1
3-ORANGE,5969,2
3-ORANGE,5970,1
3-ORANGE,5972,2
3-ORANGE,5974,5
3-ORANGE,5975,1
3-ORANGE,5976,1
3-ORANGE,5978,2
3-ORANGE,5979,1
3-ORANGE,5980,2
3-ORANGE,5981,1
3-ORANGE,5982,1
3-ORANGE,5984,1
3-ORANGE,5985,3
3-ORANGE,5986,2
3-ORANGE,5987,1
3-ORANGE,5988,1
3-ORANGE,5989,1
3-ORANGE,5991,1
3-ORANGE,5992,2
3-ORANGE,5993,1
3-ORANGE,5995,1
3-ORANGE,5997,1
3-ORANGE,6000,1
3-ORANGE,6002,4
3-ORANGE,6003,4
3-ORANGE,6004,3
3-ORANGE,6006,1
3-ORANGE,6008,3
3-ORANGE,6009,1
3-ORANGE,6013,1
3-ORANGE,6015,1
3-ORANGE,6016,1
3-ORANGE,6017,2
3-ORANGE,6019,5
3-ORANGE,6023,2
3-ORANGE,6024,1
3-ORANGE,6025,1
3-ORANGE,6026,1
3-ORANGE,6027,1
3-ORANGE,6029,2
3-ORANGE,6030,2
3-ORANGE,6032,2
3-ORANGE,6035,1
3-ORANGE,6037,1
3-ORANGE,6038,1
3-ORANGE,6039,2
3-ORANGE,6040,1
3-ORANGE,6041,1
3-ORANGE,6042,2
3-ORANGE,6043,1
3-ORANGE,6044,1
3-ORANGE,6046,1
3-ORANGE,6048,2
3-ORANGE,6049,1
3-ORANGE,6051,2
3-ORANGE,6054,1
3-ORANGE,6056,1
3-ORANGE,6057,1
3-ORANGE,6058,2
3-ORANGE,6060,2
3-ORANGE,6062,2
3-ORANGE,6063,1
3-ORANGE,6064,1
3-ORANGE,6065,1
3-ORANGE,6071,1
3-ORANGE,6072,1
3-ORANGE,6073,2
3-ORANGE,6078,2
3-ORANGE,6080,3
3-ORANGE,6081,1
3-ORANGE,6082,2
3-ORANGE,6084,1
3-ORANGE,6085,1
3-ORANGE,6086,1
3-ORANGE,6087,2
3-ORANGE,6091,2
3-ORANGE,6094,1
3-ORANGE,6095,2
3-ORANGE,6100,1
3-ORANGE,6103,1
3-ORANGE,6106,1
3-ORANGE,6107,1
3-ORANGE,6108,1
3-ORANGE,6109,2
3-ORANGE,6111,5
3-ORANGE,6112,1
3-ORANGE,6115,1
3-ORANGE,6116,2
3-ORANGE,6121,1
3-ORANGE,6123,2
3-ORANGE,6124,2
3-ORANGE,6125,1
3-ORANGE,6126,2
3-ORANGE,6127,1
3-ORANGE,6128,1
3-ORANGE,6129,2
3-ORANGE,6131,2
3-ORANGE,6132,1
3-ORANGE,6134,1
3-ORANGE,6137,1
3-ORANGE,6138,1
3-ORANGE,6140,1
3-ORANGE,6142,1
3-ORANGE,6143,1
3-ORANGE,6144,1
3-ORANGE,6147,1
3-ORANGE,6149,1
3-ORANGE,6152,1
3-ORANGE,6153,1
3-ORANGE,6156,1
3-ORANGE,6161,2
3-ORANGE,6164,1
3-ORANGE,6167,2
3-ORANGE,6169,1
3-ORANGE,6170,1
3-ORANGE,6172,2
3-ORANGE,6173,1
3-ORANGE,6174,1
3-ORANGE,6176,1
3-ORANGE,6177,2
3-ORANGE,6178,2
3-ORANGE,6181,1
3-ORANGE,6183,1
3-ORANGE,6184,1
3-ORANGE,6186,1
3-ORANGE,6187,1
3-ORANGE,6189,1
3-ORANGE,6191,1
3-ORANGE,6192,1
3-ORANGE,6193,1
3-ORANGE,6197,3
3-ORANGE,6200,1
3-ORANGE,6205,2
3-ORANGE,6207,2
3-ORANGE,6209,3
3-ORANGE,6210,2
3-ORANGE,6212,2
3-ORANGE,6214,1
3-ORANGE,6217,1
3-ORANGE,6219,2
3-ORANGE,6220,1
3-ORANGE,6222,4
3-ORANGE,6223,2
3-ORANGE,6224,1
3-ORANGE,6225,1
3-ORANGE,6229,1
3-ORANGE,6230,1
3-ORANGE,6232,3
3-ORANGE,6235,1
3-ORANGE,6237,1
3-ORANGE,6238,1
3-ORANGE,6239,1
3-ORANGE,6240,1
3-ORANGE,6241,1
3-ORANGE,6242,1
3-ORANGE,6243,1
3-ORANGE,6244,2
3-ORANGE,6247,1
3-ORANGE,6248,2
3-ORANGE,6251,1
3-ORANGE,6253,1
3-ORANGE,6258,1
3-ORANGE,6259,2
3-ORANGE,6261,1
3-ORANGE,6262,1
3-ORANGE,6263,2
3-ORANGE,6264,2
3-ORANGE,6265,1
3-ORANGE,6266,1
3-ORANGE,6267,2
3-ORANGE,6269,2
3-ORANGE,6271,2
3-ORANGE,6272,3
3-ORANGE,6273,1
3-ORANGE,6274,1
3-ORANGE,6275,1
3-ORANGE,6278,1
3-ORANGE,6280,1
3-ORANGE,6282,1
3-ORANGE,6283,2
3-ORANGE,6285,3
3-ORANGE,6286,1
3-ORANGE,6288,1
3-ORANGE,6293,1
3-ORANGE,6295,1
3-ORANGE,6296,2
3-ORANGE,6299,1
3-ORANGE,6301,1
3-ORANGE,6303,2
3-ORANGE,6304,2
3-ORANGE,6305,2
3-ORANGE,6306,2
3-ORANGE,6309,2
3-ORANGE,6310,1
3-ORANGE,6311,2
3-ORANGE,6315,3
3-ORANGE,6316,1
3-ORANGE,6317,1
3-ORANGE,6321,1
3-ORANGE,6324,1
3-ORANGE,6326,3
3-ORANGE,6329,1
3-ORANGE,6331,1
3-ORANGE,6332,1
3-ORANGE,6337,1
3-ORANGE,6338,1
3-ORANGE,6339,1
3-ORANGE,6340,1
3-ORANGE,6342,1
3-ORANGE,6344,2
3-ORANGE,6345,3
3-ORANGE,6348,2
3-ORANGE,6357,1
3-ORANGE,6358,2
3-ORANGE,6359,1
3-ORANGE,6361,1
3-ORANGE,6363,1
3-ORANGE,6365,1
3-ORANGE,6367,1
3-ORANGE,6369,1
3-ORANGE,6370,1
3-ORANGE,6377,2
3-ORANGE,6379,5
3-ORANGE,6380,3
3-ORANGE,6384,1
3-ORANGE,6385,1
3-ORANGE,6386,1
3-ORANGE,6389,1
3-ORANGE,6394,1
3-ORANGE,6395,1
3-ORANGE,6396,1
3-ORANGE,6398,1
3-ORANGE,6400,1
3-ORANGE,6401,2
3-ORANGE,6402,2
3-ORANGE,6403,1
3-ORANGE,6404,2
3-ORANGE,6406,1
3-ORANGE,6409,1
3-ORANGE,6410,1
3-ORANGE,6411,1
3-ORANGE,6412,1
3-ORANGE,6414,1
3-ORANGE,6423,1
3-ORANGE,6424,1
3-ORANGE,6428,1
3-ORANGE,6429,3
3-ORANGE,6430,1
3-ORANGE,6431,1
3-ORANGE,6433,1
3-ORANGE,6434,2
3-ORANGE,6436,1
3-ORANGE,6438,1
3-ORANGE,6441,1
3-ORANGE,6444,1
3-ORANGE,6446,1
3-ORANGE,6448,1
3-ORANGE,6449,2
3-ORANGE,6450,1
3-ORANGE,6457,1
3-ORANGE,6458,1
3-ORANGE,6460,1
3-ORANGE,6463,1
3-ORANGE,6465,1
3-ORANGE,6466,1
3-ORANGE,6469,2
3-ORANGE,6470,1
3-ORANGE,6475,1
3-ORANGE,6477,2
3-ORANGE,6479,1
3-ORANGE,6480,1
3-ORANGE,6481,2
3-ORANGE,6482,1
3-ORANGE,6483,2
3-ORANGE,6487,2
3-ORANGE,6492,2
3-ORANGE,6493,1
3-ORANGE,6494,2
3-ORANGE,6498,1
3-ORANGE,6499,1
3-ORANGE,6504,2
3-ORANGE,6515,1
3-ORANGE,6516,1
3-ORANGE,6519,1
3-ORANGE,6520,2
3-ORANGE,6522,1
3-ORANGE,6523,3
3-ORANGE,6529,1
3-ORANGE,6533,1
3-ORANGE,6534,1
3-ORANGE,6537,1
3-ORANGE,6543,1
3-ORANGE,6544,1
3-ORANGE,6545,2
3-ORANGE,6546,1
3-ORANGE,6547,1
3-ORANGE,6548,1
3-ORANGE,6549,1
3-ORANGE,6551,1
3-ORANGE,6553,1
3-ORANGE,6555,1
3-ORANGE,6559,1
3-ORANGE,6560,1
3-ORANGE,6563,2
3-ORANGE,6565,1
3-ORANGE,6566,1
3-ORANGE,6570,1
3-ORANGE,6571,1
3-ORANGE,6573,2
3-ORANGE,6575,1
3-ORANGE,6576,1
3-ORANGE,6579,2
3-ORANGE,6580,1
3-ORANGE,6583,1
3-ORANGE,6585,1
3-ORANGE,6593,1
3-ORANGE,6596,2
3-ORANGE,6606,1
3-ORANGE,6607,1
3-ORANGE,6608,3
3-ORANGE,6609,1
3-ORANGE,6610,2
3-ORANGE,6612,2
3-ORANGE,6614,2
3-ORANGE,6615,3
3-ORANGE,6616,1
3-ORANGE,6617,1
3-ORANGE,6618,1
3-ORANGE,6619,2
3-ORANGE,6621,1
3-ORANGE,6622,1
3-ORANGE,6623,1
3-ORANGE,6628,1
3-ORANGE,6631,1
3-ORANGE,6632,1
3-ORANGE,6635,3
3-ORANGE,6637,1
3-ORANGE,6639,1
3-ORANGE,6640,2
3-ORANGE,6645,1
3-ORANGE,6646,2
3-ORANGE,6647,3
3-ORANGE,6648,1
3-ORANGE,6651,1
3-ORANGE,6653,2
3-ORANGE,6654,3
3-ORANGE,6656,1
3-ORANGE,6658,2
3-ORANGE,6661,1
3-ORANGE,6666,1
3-ORANGE,6668,1
3-ORANGE,6669,2
3-ORANGE,6670,2
3-ORANGE,6671,1
3-ORANGE,6672,1
3-ORANGE,6673,2
3-ORANGE,6674,1
3-ORANGE,6675,1
3-ORANGE,6677,3
3-ORANGE,6678,1
3-ORANGE,6679,1
3-ORANGE,6680,3
3-ORANGE,6681,1
3-ORANGE,6683,1
3-ORANGE,6689,1
3-ORANGE,6691,1
3-ORANGE,6693,2
3-ORANGE,6695,1
3-ORANGE,6696,1
3-ORANGE,6697,4
3-ORANGE,6700,1
3-ORANGE,6701,1
3-ORANGE,6705,1
3-ORANGE,6707,1
3-ORANGE,6708,1
3-ORANGE,6709,1
3-ORANGE,6711,1
3-ORANGE,6713,1
3-ORANGE,6715,1
3-ORANGE,6720,1
3-ORANGE,6722,1
3-ORANGE,6725,1
3-ORANGE,6728,1
3-ORANGE,6730,1
3-ORANGE,6733,1
3-ORANGE,6734,1
3-ORANGE,6735,1
3-ORANGE,6738,1
3-ORANGE,6739,2
3-ORANGE,6741,2
3-ORANGE,6742,1
3-ORANGE,6745,1
3-ORANGE,6746,1
3-ORANGE,6748,2
3-ORANGE,6749,2
3-ORANGE,6751,2
3-ORANGE,6754,1
3-ORANGE,6756,1
3-ORANGE,6758,2
3-ORANGE,6759,1
3-ORANGE,6761,1
3-ORANGE,6765,1
3-ORANGE,6768,1
3-ORANGE,6769,1
3-ORANGE,6770,1
3-ORANGE,6772,1
3-ORANGE,6773,2
3-ORANGE,6774,2
3-ORANGE,6775,1
3-ORANGE,6780,1
3-ORANGE,6781,1
3-ORANGE,6783,1
3-ORANGE,6788,1
3-ORANGE,6789,2
3-ORANGE,6790,1
3-ORANGE,6794,2
3-ORANGE,6796,2
3-ORANGE,6797,2
3-ORANGE,6800,1
3-ORANGE,6802,1
3-ORANGE,6804,1
3-ORANGE,6807,2
3-ORANGE,6809,1
3-ORANGE,6811,1
3-ORANGE,6815,2
3-ORANGE,6817,1
3-ORANGE,6819,2
3-ORANGE,6820,2
3-ORANGE,6822,2
3-ORANGE,6823,3
3-ORANGE,6824,2
3-ORANGE,6825,2
3-ORANGE,6829,1
3-ORANGE,6839,1
3-ORANGE,6841,2
3-ORANGE,6842,1
3-ORANGE,6843,1
3-ORANGE,6852,2
3-ORANGE,6853,2
3-ORANGE,6855,2
3-ORANGE,6856,1
3-ORANGE,6858,2
3-ORANGE,6861,1
3-ORANGE,6865,1
3-ORANGE,6868,1
3-ORANGE,6877,2
3-ORANGE,6880,1
3-ORANGE,6882,1
3-ORANGE,6883,1
3-ORANGE,6887,1
3-ORANGE,6888,1
3-ORANGE,6889,1
3-ORANGE,6890,1
3-ORANGE,6895,3
3-ORANGE,6903,1
3-ORANGE,6904,2
3-ORANGE,6905,1
3-ORANGE,6906,1
3-ORANGE,6911,1
3-ORANGE,6918,2
3-ORANGE,6921,1
3-ORANGE,6924,1
3-ORANGE,6930,1
3-ORANGE,6932,1
3-ORANGE,6935,2
3-ORANGE,6938,1
3-ORANGE,6939,1
3-ORANGE,6942,2
3-ORANGE,6944,1
3-ORANGE,6946,1
3-ORANGE,6949,1
3-ORANGE,6952,1
3-ORANGE,6954,1
3-ORANGE,6957,2
3-ORANGE,6959,1
3-ORANGE,6970,1
3-ORANGE,6972,1
3-ORANGE,6976,1
3-ORANGE,6980,1
3-ORANGE,6981,1
3-ORANGE,6988,1
3-ORANGE,6990,2
3-ORANGE,6992,1
3-ORANGE,6993,1
3-ORANGE,6994,2
3-ORANGE,7000,1
3-ORANGE,7006,1
3-ORANGE,7008,1
3-ORANGE,7009,1
3-ORANGE,7012,3
3-ORANGE,7013,1
3-ORANGE,7014,1
3-ORANGE,7017,1
3-ORANGE,7021,1
3-ORANGE,7028,1
3-ORANGE,7030,1
3-ORANGE,7031,1
3-ORANGE,7035,2
3-ORANGE,7036,1
3-ORANGE,7037,1
3-ORANGE,7039,1
3-ORANGE,7040,1
3-ORANGE,7042,1
3-ORANGE,7044,1
3-ORANGE,7048,2
3-ORANGE,7049,1
3-ORANGE,7050,3
3-ORANGE,7053,2
3-ORANGE,7056,1
3-ORANGE,7058,2
3-ORANGE,7062,2
3-ORANGE,7065,2
3-ORANGE,7069,1
3-ORANGE,7074,1
3-ORANGE,7081,2
3-ORANGE,7083,1
3-ORANGE,7084,1
3-ORANGE,7088,2
3-ORANGE,7089,2
3-ORANGE,7094,1
3-ORANGE,7098,1
3-ORANGE,7099,1
3-ORANGE,7104,1
3-ORANGE,7106,2
3-ORANGE,7110,1
3-ORANGE,7114,1
3-ORANGE,7116,1
3-ORANGE,7118,1
3-ORANGE,7120,1
3-ORANGE,7123,1
3-ORANGE,7130,1
3-ORANGE,7131,2
3-ORANGE,7134,3
3-ORANGE,7135,2
3-ORANGE,7137,1
3-ORANGE,7143,1
3-ORANGE,7144,1
3-ORANGE,7145,1
3-ORANGE,7146,1
3-ORANGE,7149,1
3-ORANGE,7154,1
3-ORANGE,7160,1
3-ORANGE,7164,2
3-ORANGE,7167,1
3-ORANGE,7168,2
3-ORANGE,7172,2
3-ORANGE,7174,1
3-ORANGE,7177,2
3-ORANGE,7178,2
3-ORANGE,7181,1
3-ORANGE,7184,1
3-ORANGE,7186,1
3-ORANGE,7191,1
3-ORANGE,7194,1
3-ORANGE,7200,1
3-ORANGE,7201,1
3-ORANGE,7209,1
3-ORANGE,7212,1
3-ORANGE,7215,2
3-ORANGE,7220,1
3-ORANGE,7221,2
3-ORANGE,7222,1
3-ORANGE,7223,1
3-ORANGE,7224,2
3-ORANGE,7225,1
3-ORANGE,7228,1
3-ORANGE,7229,2
3-ORANGE,7233,1
3-ORANGE,7243,1
3-ORANGE,7245,2
3-ORANGE,7246,2
3-ORANGE,7247,2
3-ORANGE,7250,1
3-ORANGE,7257,2
3-ORANGE,7258,2
3-ORANGE,7261,1
3-ORANGE,7266,1
3-ORANGE,7272,1
3-ORANGE,7276,1
3-ORANGE,7277,2
3-ORANGE,7279,1
3-ORANGE,7280,3
3-ORANGE,7281,1
3-ORANGE,7285,1
3-ORANGE,7288,1
3-ORANGE,7290,1
3-ORANGE,7296,1
3-ORANGE,7298,1
3-ORANGE,7300,1
3-ORANGE,7303,1
3-ORANGE,7306,1
3-ORANGE,7308,1
3-ORANGE,7310,1
3-ORANGE,7316,1
3-ORANGE,7318,1
3-ORANGE,7320,2
3-ORANGE,7322,2
3-ORANGE,7324,1
3-ORANGE,7325,1
3-ORANGE,7328,1
3-ORANGE,7329,1
3-ORANGE,7331,1
3-ORANGE,7332,2
3-ORANGE,7340,1
3-ORANGE,7342,1
3-ORANGE,7343,1
3-ORANGE,7344,1
3-ORANGE,7345,2
3-ORANGE,7347,2
3-ORANGE,7350,1
3-ORANGE,7352,1
3-ORANGE,7354,2
3-ORANGE,7356,1
3-ORANGE,7362,1
3-ORANGE,7367,1
3-ORANGE,7368,2
3-ORANGE,7374,1
3-ORANGE,7376,1
3-ORANGE,7380,1
3-ORANGE,7381,2
3-ORANGE,7382,1
3-ORANGE,7385,1
3-ORANGE,7387,1
3-ORANGE,7391,1
3-ORANGE,7394,1
3-ORANGE,7396,1
3-ORANGE,7397,1
3-ORANGE,7398,1
3-ORANGE,7399,1
3-ORANGE,7400,1
3-ORANGE,7404,2
3-ORANGE,7405,2
3-ORANGE,7406,1
3-ORANGE,7408,1
3-ORANGE,7409,1
3-ORANGE,7412,2
3-ORANGE,7413,1
3-ORANGE,7418,1
3-ORANGE,7419,1
3-ORANGE,7427,1
3-ORANGE,7428,1
3-ORANGE,7432,1
3-ORANGE,7438,1
3-ORANGE,7439,1
3-ORANGE,7442,1
3-ORANGE,7446,1
3-ORANGE,7450,2
3-ORANGE,7452,1
3-ORANGE,7453,3
3-ORANGE,7454,1
3-ORANGE,7455,2
3-ORANGE,7456,1
3-ORANGE,7464,2
3-ORANGE,7468,2
3-ORANGE,7472,2
3-ORANGE,7476,3
3-ORANGE,7477,3
3-ORANGE,7481,2
3-ORANGE,7483,1
3-ORANGE,7489,1
3-ORANGE,7495,1
3-ORANGE,7497,1
3-ORANGE,7500,1
3-ORANGE,7503,1
3-ORANGE,7507,1
3-ORANGE,7514,2
3-ORANGE,7516,1
3-ORANGE,7521,1
3-ORANGE,7523,1
3-ORANGE,7526,1
3-ORANGE,7527,2
3-ORANGE,7528,1
3-ORANGE,7529,2
3-ORANGE,7541,2
3-ORANGE,7544,1
3-ORANGE,7545,1
3-ORANGE,7548,1
3-ORANGE,7551,1
3-ORANGE,7552,2
3-ORANGE,7556,1
3-ORANGE,7557,1
3-ORANGE,7558,1
3-ORANGE,7560,1
3-ORANGE,7562,1
3-ORANGE,7563,2
3-ORANGE,7565,1
3-ORANGE,7566,1
3-ORANGE,7578,1
3-ORANGE,7584,1
3-ORANGE,7598,1
3-ORANGE,7604,1
3-ORANGE,7610,1
3-ORANGE,7613,2
3-ORANGE,7615,1
3-ORANGE,7617,1
3-ORANGE,7619,1
3-ORANGE,7620,1
3-ORANGE,7632,1
3-ORANGE,7635,1
3-ORANGE,7642,2
3-ORANGE,7644,1
3-ORANGE,7647,1
3-ORANGE,7651,1
3-ORANGE,7653,1
3-ORANGE,7656,2
3-ORANGE,7665,1
3-ORANGE,7667,1
3-ORANGE,7668,1
3-ORANGE,7674,2
3-ORANGE,7677,1
3-ORANGE,7680,1
3-ORANGE,7684,1
3-ORANGE,7685,1
3-ORANGE,7687,1
3-ORANGE,7688,1
3-ORANGE,7689,1
3-ORANGE,7693,1
3-ORANGE,7694,1
3-ORANGE,7698,1
3-ORANGE,7699,1
3-ORANGE,7704,1
3-ORANGE,7705,1
3-ORANGE,7707,1
3-ORANGE,7709,1
3-ORANGE,7711,1
3-ORANGE,7712,1
3-ORANGE,7713,1
3-ORANGE,7714,1
3-ORANGE,7716,2
3-ORANGE,7718,1
3-ORANGE,7719,1
3-ORANGE,7721,1
3-ORANGE,7722,1
3-ORANGE,7723,1
3-ORANGE,7733,1
3-ORANGE,7739,2
3-ORANGE,7744,1
3-ORANGE,7746,1
3-ORANGE,7759,1
3-ORANGE,7763,1
3-ORANGE,7764,1
3-ORANGE,7765,1
3-ORANGE,7767,1
3-ORANGE,7777,1
3-ORANGE,7789,1
3-ORANGE,7790,1
3-ORANGE,7795,1
3-ORANGE,7800,1
3-ORANGE,7804,1
3-ORANGE,7805,1
3-ORANGE,7811,1
3-ORANGE,7813,1
3-ORANGE,7818,1
3-ORANGE,7822,1
3-ORANGE,7825,1
3-ORANGE,7829,1
3-ORANGE,7831,1
3-ORANGE,7832,1
3-ORANGE,7835,1
3-ORANGE,7837,1
3-ORANGE,7841,1
3-ORANGE,7848,1
3-ORANGE,7856,1
3-ORANGE,7866,1
3-ORANGE,7870,1
3-ORANGE,7875,2
3-ORANGE,7881,1
3-ORANGE,7892,2
3-ORANGE,7896,1
3-ORANGE,7899,1
3-ORANGE,7900,1
3-ORANGE,7904,1
3-ORANGE,7905,1
3-ORANGE,7909,1
3-ORANGE,7915,2
3-ORANGE,7916,1
3-ORANGE,7918,1
3-ORANGE,7921,1
3-ORANGE,7922,1
3-ORANGE,7924,1
3-ORANGE,7926,1
3-ORANGE,7927,1
3-ORANGE,7929,1
3-ORANGE,7931,1
3-ORANGE,7937,1
3-ORANGE,7943,1
3-ORANGE,7945,1
3-ORANGE,7950,1
3-ORANGE,7956,1
3-ORANGE,7957,1
3-ORANGE,7963,1
3-ORANGE,7964,1
3-ORANGE,7977,1
3-ORANGE,7979,1
3-ORANGE,7987,1
3-ORANGE,8000,2
3-ORANGE,8002,1
3-ORANGE,8005,1
3-ORANGE,8007,2
3-ORANGE,8013,2
3-ORANGE,8014,1
3-ORANGE,8016,2
3-ORANGE,8018,1
3-ORANGE,8024,1
3-ORANGE,8025,1
3-ORANGE,8027,1
3-ORANGE,8028,1
3-ORANGE,8030,1
3-ORANGE,8034,1
3-ORANGE,8038,1
3-ORANGE,8045,1
3-ORANGE,8047,1
3-ORANGE,8051,1
3-ORANGE,8052,1
3-ORANGE,8058,1
3-ORANGE,8068,2
3-ORANGE,8069,1
3-ORANGE,8074,2
3-ORANGE,8082,1
3-ORANGE,8085,2
3-ORANGE,8088,1
3-ORANGE,8091,1
3-ORANGE,8093,1
3-ORANGE,8100,2
3-ORANGE,8101,1
3-ORANGE,8109,1
3-ORANGE,8110,1
3-ORANGE,8116,2
3-ORANGE,8130,1
3-ORANGE,8132,1
3-ORANGE,8139,1
3-ORANGE,8141,1
3-ORANGE,8144,1
3-ORANGE,8145,1
3-ORANGE,8151,1
3-ORANGE,8167,1
3-ORANGE,8168,1
3-ORANGE,8172,2
3-ORANGE,8184,1
3-ORANGE,8189,2
3-ORANGE,8190,1
3-ORANGE,8198,1
3-ORANGE,8199,1
3-ORANGE,8206,1
3-ORANGE,8210,1
3-ORANGE,8216,1
3-ORANGE,8231,2
3-ORANGE,8232,2
3-ORANGE,8235,1
3-ORANGE,8240,1
3-ORANGE,8265,1
3-ORANGE,8283,1
3-ORANGE,8291,1
3-ORANGE,8302,1
3-ORANGE,8303,1
3-ORANGE,8308,1
3-ORANGE,8310,2
3-ORANGE,8318,1
3-ORANGE,8326,1
3-ORANGE,8327,1
3-ORANGE,8330,1
3-ORANGE,8334,1
3-ORANGE,8335,1
3-ORANGE,8336,1
3-ORANGE,8342,1
3-ORANGE,8343,1
3-ORANGE,8345,1
3-ORANGE,8347,3
3-ORANGE,8353,1
3-ORANGE,8362,1
3-ORANGE,8364,1
3-ORANGE,8365,1
3-ORANGE,8368,1
3-ORANGE,8370,1
3-ORANGE,8372,1
3-ORANGE,8375,1
3-ORANGE,8388,1
3-ORANGE,8389,1
3-ORANGE,8400,1
3-ORANGE,8401,1
3-ORANGE,8403,1
3-ORANGE,8404,1
3-ORANGE,8412,1
3-ORANGE,8429,1
3-ORANGE,8442,1
3-ORANGE,8449,1
3-ORANGE,8461,1
3-ORANGE,8467,1
3-ORANGE,8470,1
3-ORANGE,8473,1
3-ORANGE,8475,1
3-ORANGE,8476,1
3-ORANGE,8483,1
3-ORANGE,8489,2
3-ORANGE,8490,2
3-ORANGE,8496,1
3-ORANGE,8502,1
3-ORANGE,8503,1
3-ORANGE,8513,1
3-ORANGE,8515,1
3-ORANGE,8517,1
3-ORANGE,8528,1
3-ORANGE,8534,1
3-ORANGE,8539,1
3-ORANGE,8548,1
3-ORANGE,8557,1
3-ORANGE,8563,1
3-ORANGE,8581,2
3-ORANGE,8586,1
3-ORANGE,8600,1
3-ORANGE,8601,1
3-ORANGE,8610,1
3-ORANGE,8614,1
3-ORANGE,8615,1
3-ORANGE,8620,1
3-ORANGE,8623,1
3-ORANGE,8626,1
3-ORANGE,8637,2
3-ORANGE,8644,1
3-ORANGE,8649,1
3-ORANGE,8654,1
3-ORANGE,8667,1
3-ORANGE,8678,1
3-ORANGE,8686,2
3-ORANGE,8687,1
3-ORANGE,8690,1
3-ORANGE,8702,1
3-ORANGE,8706,1
3-ORANGE,8707,1
3-ORANGE,8709,1
3-ORANGE,8710,1
3-ORANGE,8717,1
3-ORANGE,8722,1
3-ORANGE,8723,2
3-ORANGE,8728,1
3-ORANGE,8733,1
3-ORANGE,8736,1
3-ORANGE,8739,1
3-ORANGE,8740,1
3-ORANGE,8741,1
3-ORANGE,8747,1
3-ORANGE,8755,1
3-ORANGE,8757,1
3-ORANGE,8762,1
3-ORANGE,8766,1
3-ORANGE,8770,1
3-ORANGE,8775,1
3-ORANGE,8776,1
3-ORANGE,8778,1
3-ORANGE,8781,1
3-ORANGE,8792,1
3-ORANGE,8795,1
3-ORANGE,8796,1
3-ORANGE,8797,1
3-ORANGE,8806,1
3-ORANGE,8813,1
3-ORANGE,8820,1
3-ORANGE,8829,1
3-ORANGE,8833,1
3-ORANGE,8865,1
3-ORANGE,8868,1
3-ORANGE,8869,1
3-ORANGE,8887,2
3-ORANGE,8896,1
3-ORANGE,8897,1
3-ORANGE,8899,1
3-ORANGE,8915,1
3-ORANGE,8920,1
3-ORANGE,8921,1
3-ORANGE,8931,1
3-ORANGE,8938,2
3-ORANGE,8939,1
3-ORANGE,8942,1
3-ORANGE,8945,1
3-ORANGE,8968,1
3-ORANGE,8973,1
3-ORANGE,8976,1
3-ORANGE,8983,2
3-ORANGE,8991,1
3-ORANGE,8996,1
3-ORANGE,8997,1
3-ORANGE,9001,1
3-ORANGE,9012,1
3-ORANGE,9016,1
3-ORANGE,9020,1
3-ORANGE,9023,1
3-ORANGE,9026,2
3-ORANGE,9028,1
3-ORANGE,9030,1
3-ORANGE,9041,1
3-ORANGE,9047,1
3-ORANGE,9051,1
3-ORANGE,9056,1
3-ORANGE,9064,1
3-ORANGE,9075,1
3-ORANGE,9091,1
3-ORANGE,9094,1
3-ORANGE,9095,1
3-ORANGE,9096,1
3-ORANGE,9100,1
3-ORANGE,9102,1
3-ORANGE,9124,1
3-ORANGE,9133,1
3-ORANGE,9142,1
3-ORANGE,9145,2
3-ORANGE,9149,1
3-ORANGE,9151,1
3-ORANGE,9154,1
3-ORANGE,9161,1
3-ORANGE,9163,1
3-ORANGE,9170,1
3-ORANGE,9179,1
3-ORANGE,9180,1
3-ORANGE,9181,1
3-ORANGE,9182,1
3-ORANGE,9191,1
3-ORANGE,9193,1
3-ORANGE,9201,1
3-ORANGE,9204,1
3-ORANGE,9213,1
3-ORANGE,9215,1
3-ORANGE,9224,1
3-ORANGE,9229,1
3-ORANGE,9251,1
3-ORANGE,9254,1
3-ORANGE,9260,1
3-ORANGE,9268,1
3-ORANGE,9274,1
3-ORANGE,9279,2
3-ORANGE,9280,1
3-ORANGE,9297,1
3-ORANGE,9302,1
3-ORANGE,9304,1
3-ORANGE,9318,1
3-ORANGE,9337,1
3-ORANGE,9339,1
3-ORANGE,9345,1
3-ORANGE,9347,1
3-ORANGE,9348,1
3-ORANGE,9365,1
3-ORANGE,9371,1
3-ORANGE,9383,1
3-ORANGE,9389,1
3-ORANGE,9390,1
3-ORANGE,9394,1
3-ORANGE,9396,1
3-ORANGE,9409,1
3-ORANGE,9416,1
3-ORANGE,9420,1
3-ORANGE,9429,1
3-ORANGE,9437,1
3-ORANGE,9441,1
3-ORANGE,9442,1
3-ORANGE,9451,1
3-ORANGE,9470,1
3-ORANGE,9478,1
3-ORANGE,9481,1
3-ORANGE,9488,1
3-ORANGE,9492,1
3-ORANGE,9496,1
3-ORANGE,9499,1
3-ORANGE,9502,1
3-ORANGE,9503,2
3-ORANGE,9509,1
3-ORANGE,9514,2
3-ORANGE,9515,1
3-ORANGE,9518,1
3-ORANGE,9528,1
3-ORANGE,9541,1
3-ORANGE,9548,1
3-ORANGE,9550,1
3-ORANGE,9555,1
3-ORANGE,9556,1
3-ORANGE,9558,1
3-ORANGE,9559,1
3-ORANGE,9561,2
3-ORANGE,9574,1
3-ORANGE,9579,1
3-ORANGE,9583,1
3-ORANGE,9585,1
3-ORANGE,9586,1
3-ORANGE,9588,1
3-ORANGE,9590,1
3-ORANGE,9592,1
3-ORANGE,9612,1
3-ORANGE,9618,1
3-ORANGE,9620,1
3-ORANGE,9628,1
3-ORANGE,9652,1
3-ORANGE,9654,1
3-ORANGE,9668,1
3-ORANGE,9669,1
3-ORANGE,9672,1
3-ORANGE,9684,1
3-ORANGE,9687,1
3-ORANGE,9689,2
3-ORANGE,9691,1
3-ORANGE,9693,1
3-ORANGE,9698,1
3-ORANGE,9735,1
3-ORANGE,9748,1
3-ORANGE,9750,1
3-ORANGE,9757,1
3-ORANGE,9759,1
3-ORANGE,9773,2
3-ORANGE,9775,1
3-ORANGE,9778,1
3-ORANGE,9781,1
3-ORANGE,9798,1
3-ORANGE,9803,1
3-ORANGE,9806,1
3-ORANGE,9812,1
3-ORANGE,9818,1
3-ORANGE,9827,1
3-ORANGE,9830,1
3-ORANGE,9851,1
3-ORANGE,9853,1
3-ORANGE,9855,2
3-ORANGE,9872,1
3-ORANGE,9886,2
3-ORANGE,9894,1
3-ORANGE,9897,1
3-ORANGE,9908,1
3-ORANGE,9910,1
3-ORANGE,9914,1
3-ORANGE,9920,1
3-ORANGE,9921,1
3-ORANGE,9926,2
3-ORANGE,9928,1
3-ORANGE,9940,1
3-ORANGE,9941,1
3-ORANGE,9942,1
3-ORANGE,9946,1
3-ORANGE,9950,1
3-ORANGE,9955,1
3-ORANGE,9958,1
3-ORANGE,9974,1
3-ORANGE,9979,1
3-ORANGE,9985,1
3-ORANGE,9989,2
3-ORANGE,9993,1
3-ORANGE,10000,1
3-ORANGE,10017,1
3-ORANGE,10022,1
3-ORANGE,10023,1
3-ORANGE,10035,1
3-ORANGE,10041,2
3-ORANGE,10045,1
3-ORANGE,10049,1
3-ORANGE,10050,1
3-ORANGE,10052,1
3-ORANGE,10061,1
3-ORANGE,10085,1
3-ORANGE,10097,1
3-ORANGE,10099,1
3-ORANGE,10109,1
3-ORANGE,10127,1
3-ORANGE,10134,1
3-ORANGE,10136,1
3-ORANGE,10142,1
3-ORANGE,10146,1
3-ORANGE,10148,1
3-ORANGE,10149,1
3-ORANGE,10155,1
3-ORANGE,10161,1
3-ORANGE,10175,2
3-ORANGE,10182,1
3-ORANGE,10198,2
3-ORANGE,10202,1
3-ORANGE,10210,1
3-ORANGE,10215,1
3-ORANGE,10219,1
3-ORANGE,10234,1
3-ORANGE,10255,1
3-ORANGE,10271,1
3-ORANGE,10273,1
3-ORANGE,10277,1
3-ORANGE,10284,1
3-ORANGE,10287,1
3-ORANGE,10288,1
3-ORANGE,10289,1
3-ORANGE,10298,1
3-ORANGE,10306,1
3-ORANGE,10316,1
3-ORANGE,10319,1
3-ORANGE,10335,1
3-ORANGE,10339,1
3-ORANGE,10341,1
3-ORANGE,10347,1
3-ORANGE,10349,1
3-ORANGE,10352,1
3-ORANGE,10362,1
3-ORANGE,10366,1
3-ORANGE,10370,1
3-ORANGE,10372,1
3-ORANGE,10383,2
3-ORANGE,10388,1
3-ORANGE,10390,1
3-ORANGE,10391,1
3-ORANGE,10403,1
3-ORANGE,10404,2
3-ORANGE,10406,1
3-ORANGE,10432,1
3-ORANGE,10448,1
3-ORANGE,10463,1
3-ORANGE,10468,1
3-ORANGE,10483,1
3-ORANGE,10493,1
3-ORANGE,10501,1
3-ORANGE,10509,1
3-ORANGE,10514,1
3-ORANGE,10518,1
3-ORANGE,10521,1
3-ORANGE,10528,1
3-ORANGE,10554,1
3-ORANGE,10560,1
3-ORANGE,10561,1
3-ORANGE,10567,1
3-ORANGE,10579,1
3-ORANGE,10580,1
3-ORANGE,10582,1
3-ORANGE,10586,1
3-ORANGE,10595,1
3-ORANGE,10603,1
3-ORANGE,10606,1
3-ORANGE,10611,1
3-ORANGE,10619,1
3-ORANGE,10629,1
3-ORANGE,10631,1
3-ORANGE,10642,1
3-ORANGE,10651,1
3-ORANGE,10655,1
3-ORANGE,10658,1
3-ORANGE,10685,1
3-ORANGE,10689,1
3-ORANGE,10707,1
3-ORANGE,10708,1
3-ORANGE,10712,1
3-ORANGE,10715,1
3-ORANGE,10721,1
3-ORANGE,10724,1
3-ORANGE,10757,1
3-ORANGE,10760,1
3-ORANGE,10767,2
3-ORANGE,10770,1
3-ORANGE,10775,1
3-ORANGE,10797,1
3-ORANGE,10800,1
3-ORANGE,10801,1
3-ORANGE,10803,1
3-ORANGE,10824,1
3-ORANGE,10833,1
3-ORANGE,10834,1
3-ORANGE,10867,1
3-ORANGE,10873,1
3-ORANGE,10875,1
3-ORANGE,10877,1
3-ORANGE,10879,1
3-ORANGE,10920,1
3-ORANGE,10935,1
3-ORANGE,10940,1
3-ORANGE,10951,1
3-ORANGE,10952,1
3-ORANGE,10954,1
3-ORANGE,10987,1
3-ORANGE,10992,1
3-ORANGE,10995,1
3-ORANGE,11000,1
3-ORANGE,11011,1
3-ORANGE,11012,1
3-ORANGE,11016,1
3-ORANGE,11025,1
3-ORANGE,11032,1
3-ORANGE,11049,1
3-ORANGE,11061,1
3-ORANGE,11064,2
3-ORANGE,11071,1
3-ORANGE,11085,1
3-ORANGE,11089,1
3-ORANGE,11094,1
3-ORANGE,11098,1
3-ORANGE,11101,1
3-ORANGE,11117,1
3-ORANGE,11145,1
3-ORANGE,11149,1
3-ORANGE,11202,1
3-ORANGE,11211,1
3-ORANGE,11232,1
3-ORANGE,11248,1
3-ORANGE,11253,1
3-ORANGE,11255,1
3-ORANGE,11272,1
3-ORANGE,11320,1
3-ORANGE,11323,1
3-ORANGE,11338,1
3-ORANGE,11365,2
3-ORANGE,11368,1
3-ORANGE,11376,1
3-ORANGE,11390,1
3-ORANGE,11391,1
3-ORANGE,11408,1
3-ORANGE,11413,1
3-ORANGE,11454,1
3-ORANGE,11459,1
3-ORANGE,11468,1
3-ORANGE,11497,1
3-ORANGE,11498,1
3-ORANGE,11518,1
3-ORANGE,11521,1
3-ORANGE,11524,1
3-ORANGE,11535,1
3-ORANGE,11544,1
3-ORANGE,11575,1
3-ORANGE,11584,1
3-ORANGE,11593,1
3-ORANGE,11596,1
3-ORANGE,11599,1
3-ORANGE,11623,1
3-ORANGE,11629,1
3-ORANGE,11630,1
3-ORANGE,11637,1
3-ORANGE,11639,1
3-ORANGE,11650,1
3-ORANGE,11665,1
3-ORANGE,11667,1
3-ORANGE,11694,1
3-ORANGE,11701,1
3-ORANGE,11729,1
3-ORANGE,11736,1
3-ORANGE,11743,1
3-ORANGE,11747,1
3-ORANGE,11751,1
3-ORANGE,11758,1
3-ORANGE,11764,1
3-ORANGE,11785,1
3-ORANGE,11818,1
3-ORANGE,11863,1
3-ORANGE,11868,1
3-ORANGE,11870,1
3-ORANGE,11874,2
3-ORANGE,11884,1
3-ORANGE,11891,1
3-ORANGE,11911,1
3-ORANGE,11914,1
3-ORANGE,11922,1
3-ORANGE,11937,1
3-ORANGE,11954,1
3-ORANGE,11965,1
3-ORANGE,11981,1
3-ORANGE,11983,1
3-ORANGE,11993,1
3-ORANGE,11999,1
3-ORANGE,12007,1
3-ORANGE,12008,1
3-ORANGE,12047,1
3-ORANGE,12054,1
3-ORANGE,12076,1
3-ORANGE,12078,1
3-ORANGE,12081,1
3-ORANGE,12084,1
3-ORANGE,12094,1
3-ORANGE,12096,1
3-ORANGE,12112,1
3-ORANGE,12128,1
3-ORANGE,12137,1
3-ORANGE,12155,1
3-ORANGE,12169,2
3-ORANGE,12180,1
3-ORANGE,12193,1
3-ORANGE,12206,1
3-ORANGE,12211,1
3-ORANGE,12233,1
3-ORANGE,12234,1
3-ORANGE,12244,1
3-ORANGE,12263,1
3-ORANGE,12295,1
3-ORANGE,12300,1
3-ORANGE,12303,1
3-ORANGE,12304,1
3-ORANGE,12337,1
3-ORANGE,12340,1
3-ORANGE,12350,1
3-ORANGE,12361,1
3-ORANGE,12399,1
3-ORANGE,12402,1
3-ORANGE,12403,1
3-ORANGE,12423,1
3-ORANGE,12426,1
3-ORANGE,12435,1
3-ORANGE,12446,1
3-ORANGE,12450,1
3-ORANGE,12482,1
3-ORANGE,12483,1
3-ORANGE,12484,1
3-ORANGE,12493,1
3-ORANGE,12503,1
3-ORANGE,12506,1
3-ORANGE,12511,1
3-ORANGE,12518,1
3-ORANGE,12531,1
3-ORANGE,12548,1
3-ORANGE,12558,1
3-ORANGE,12559,1
3-ORANGE,12584,1
3-ORANGE,12671,1
3-ORANGE,12674,1
3-ORANGE,12678,1
3-ORANGE,12689,1
3-ORANGE,12701,1
3-ORANGE,12708,1
3-ORANGE,12721,1
3-ORANGE,12730,1
3-ORANGE,12731,1
3-ORANGE,12737,1
3-ORANGE,12743,1
3-ORANGE,12748,1
3-ORANGE,12754,1
3-ORANGE,12755,1
3-ORANGE,12764,1
3-ORANGE,12777,1
3-ORANGE,12794,1
3-ORANGE,12795,1
3-ORANGE,12818,1
3-ORANGE,12821,2
3-ORANGE,12833,1
3-ORANGE,12861,1
3-ORANGE,12883,1
3-ORANGE,12888,1
3-ORANGE,12907,1
3-ORANGE,12909,1
3-ORANGE,12912,1
3-ORANGE,12925,1
3-ORANGE,12938,1
3-ORANGE,12954,1
3-ORANGE,12981,1
3-ORANGE,12993,1
3-ORANGE,13009,1
3-ORANGE,13018,1
3-ORANGE,13044,1
3-ORANGE,13052,1
3-ORANGE,13081,1
3-ORANGE,13091,1
3-ORANGE,13127,1
3-ORANGE,13132,1
3-ORANGE,13159,1
3-ORANGE,13171,1
3-ORANGE,13179,1
3-ORANGE,13225,1
3-ORANGE,13269,1
3-ORANGE,13279,1
3-ORANGE,13329,1
3-ORANGE,13334,1
3-ORANGE,13345,1
3-ORANGE,13348,1
3-ORANGE,13379,1
3-ORANGE,13392,1
3-ORANGE,13405,1
3-ORANGE,13426,1
3-ORANGE,13447,1
3-ORANGE,13454,1
3-ORANGE,13455,1
3-ORANGE,13483,1
3-ORANGE,13502,1
3-ORANGE,13513,1
3-ORANGE,13554,1
3-ORANGE,13555,2
3-ORANGE,13563,1
3-ORANGE,13573,1
3-ORANGE,13587,1
3-ORANGE,13632,1
3-ORANGE,13647,1
3-ORANGE,13656,1
3-ORANGE,13702,1
3-ORANGE,13712,1
3-ORANGE,13746,1
3-ORANGE,13760,1
3-ORANGE,13763,1
3-ORANGE,13783,1
3-ORANGE,13785,1
3-ORANGE,13801,2
3-ORANGE,13803,1
3-ORANGE,13808,1
3-ORANGE,13819,1
3-ORANGE,13823,1
3-ORANGE,13845,1
3-ORANGE,13846,1
3-ORANGE,13862,1
3-ORANGE,13878,2
3-ORANGE,13880,1
3-ORANGE,13884,1
3-ORANGE,13900,1
3-ORANGE,13914,1
3-ORANGE,13921,1
3-ORANGE,13952,1
3-ORANGE,13966,1
3-ORANGE,13974,1
3-ORANGE,14005,1
3-ORANGE,14006,1
3-ORANGE,14009,1
3-ORANGE,14016,1
3-ORANGE,14021,1
3-ORANGE,14032,1
3-ORANGE,14071,1
3-ORANGE,14090,1
3-ORANGE,14142,1
3-ORANGE,14160,1
3-ORANGE,14194,1
3-ORANGE,14245,1
3-ORANGE,14251,1
3-ORANGE,14256,1
3-ORANGE,14272,1
3-ORANGE,14322,1
3-ORANGE,14348,1
3-ORANGE,14385,1
3-ORANGE,14393,1
3-ORANGE,14417,1
3-ORANGE,14450,1
3-ORANGE,14470,1
3-ORANGE,14486,1
3-ORANGE,14494,1
3-ORANGE,14499,1
3-ORANGE,14501,1
3-ORANGE,14511,1
3-ORANGE,14513,1
3-ORANGE,14522,1
3-ORANGE,14542,1
3-ORANGE,14544,1
3-ORANGE,14547,1
3-ORANGE,14551,1
3-ORANGE,14591,1
3-ORANGE,14627,1
3-ORANGE,14654,1
3-ORANGE,14659,1
3-ORANGE,14660,1
3-ORANGE,14686,1
3-ORANGE,14710,1
3-ORANGE,14714,1
3-ORANGE,14717,1
3-ORANGE,14721,1
3-ORANGE,14722,1
3-ORANGE,14735,1
3-ORANGE,14782,1
3-ORANGE,14831,1
3-ORANGE,14852,1
3-ORANGE,14854,1
3-ORANGE,14869,1
3-ORANGE,14891,1
3-ORANGE,14901,1
3-ORANGE,14916,1
3-ORANGE,14918,1
3-ORANGE,14928,1
3-ORANGE,14980,1
3-ORANGE,14986,1
3-ORANGE,15006,1
3-ORANGE,15021,1
3-ORANGE,15039,1
3-ORANGE,15042,1
3-ORANGE,15045,1
3-ORANGE,15076,1
3-ORANGE,15080,1
3-ORANGE,15107,1
3-ORANGE,15108,1
3-ORANGE,15125,1
3-ORANGE,15127,1
3-ORANGE,15181,1
3-ORANGE,15192,1
3-ORANGE,15237,1
3-ORANGE,15262,1
3-ORANGE,15267,1
3-ORANGE,15287,1
3-ORANGE,15381,1
3-ORANGE,15449,1
3-ORANGE,15459,1
3-ORANGE,15494,1
3-ORANGE,15554,1
3-ORANGE,15568,1
3-ORANGE,15619,1
3-ORANGE,15625,1
3-ORANGE,15651,1
3-ORANGE,15666,1
3-ORANGE,15736,1
3-ORANGE,15742,1
3-ORANGE,15766,1
3-ORANGE,15785,1
3-ORANGE,15794,1
3-ORANGE,15811,1
3-ORANGE,15812,1
3-ORANGE,15851,1
3-ORANGE,15862,1
3-ORANGE,15883,1
3-ORANGE,15890,1
3-ORANGE,15900,1
3-ORANGE,15906,1
3-ORANGE,15913,1
3-ORANGE,15915,1
3-ORANGE,15939,1
3-ORANGE,15986,1
3-ORANGE,16001,1
3-ORANGE,16059,1
3-ORANGE,16063,1
3-ORANGE,16070,1
3-ORANGE,16097,1
3-ORANGE,16123,1
3-ORANGE,16178,1
3-ORANGE,16210,1
3-ORANGE,16237,1
3-ORANGE,16239,1
3-ORANGE,16241,1
3-ORANGE,16248,1
3-ORANGE,16338,1
3-ORANGE,16354,1
3-ORANGE,16375,1
3-ORANGE,16452,1
3-ORANGE,16465,1
3-ORANGE,16471,1
3-ORANGE,16488,1
3-ORANGE,16491,1
3-ORANGE,16495,1
3-ORANGE,16542,1
3-ORANGE,16578,1
3-ORANGE,16587,1
3-ORANGE,16589,1
3-ORANGE,16630,1
3-ORANGE,16695,1
3-ORANGE,16705,1
3-ORANGE,16741,1
3-ORANGE,16744,1
3-ORANGE,16753,1
3-ORANGE,16764,1
3-ORANGE,16840,1
3-ORANGE,16844,1
3-ORANGE,16863,1
3-ORANGE,16920,1
3-ORANGE,16928,1
3-ORANGE,17013,1
3-ORANGE,17035,1
3-ORANGE,17082,1
3-ORANGE,17113,1
3-ORANGE,17142,1
3-ORANGE,17165,1
3-ORANGE,17243,1
3-ORANGE,17340,2
3-ORANGE,17349,1
3-ORANGE,17352,1
3-ORANGE,17418,1
3-ORANGE,17432,1
3-ORANGE,17456,1
3-ORANGE,17464,1
3-ORANGE,17488,1
3-ORANGE,17498,1
3-ORANGE,17511,1
3-ORANGE,17522,1
3-ORANGE,17530,1
3-ORANGE,17672,1
3-ORANGE,17713,1
3-ORANGE,17736,1
3-ORANGE,17755,1
3-ORANGE,17969,1
3-ORANGE,18042,1
3-ORANGE,18058,1
3-ORANGE,18082,1
3-ORANGE,18246,1
3-ORANGE,18287,1
3-ORANGE,18340,1
3-ORANGE,18400,1
3-ORANGE,18476,1
3-ORANGE,18552,1
3-ORANGE,18563,1
3-ORANGE,18628,1
3-ORANGE,18655,1
3-ORANGE,18666,1
3-ORANGE,18673,1
3-ORANGE,18689,1
3-ORANGE,18697,1
3-ORANGE,18755,1
3-ORANGE,18839,1
3-ORANGE,18861,1
3-ORANGE,18923,1
3-ORANGE,18941,1
3-ORANGE,18989,1
3-ORANGE,18992,1
3-ORANGE,19030,1
3-ORANGE,19171,1
3-ORANGE,19182,1
3-ORANGE,19224,1
3-ORANGE,19250,1
3-ORANGE,19252,1
3-ORANGE,19271,1
3-ORANGE,19350,1
3-ORANGE,19431,1
3-ORANGE,19504,1
3-ORANGE,19526,1
3-ORANGE,19536,1
3-ORANGE,19628,1
3-ORANGE,19645,1
3-ORANGE,19702,1
3-ORANGE,19759,1
3-ORANGE,19884,1
3-ORANGE,19961,1
3-ORANGE,20025,1
3-ORANGE,20105,1
3-ORANGE,20206,1
3-ORANGE,20255,1
3-ORANGE,20449,1
3-ORANGE,20487,1
3-ORANGE,20582,1
3-ORANGE,20707,1
3-ORANGE,20887,1
3-ORANGE,20942,1
3-ORANGE,21075,1
3-ORANGE,21091,1
3-ORANGE,21496,1
3-ORANGE,21607,1
3-ORANGE,21636,1
3-ORANGE,21709,1
3-ORANGE,21748,1
3-ORANGE,21792,1
3-ORANGE,21816,1
3-ORANGE,21873,1
3-ORANGE,21874,1
3-ORANGE,22278,1
3-ORANGE,22287,1
3-ORANGE,22360,1
3-ORANGE,22846,1
3-ORANGE,22852,1
3-ORANGE,22885,1
3-ORANGE,22946,1
3-ORANGE,23124,1
3-ORANGE,23206,1
3-ORANGE,23329,1
3-ORANGE,23356,1
3-ORANGE,23380,1
3-ORANGE,23679,1
3-ORANGE,23690,1
3-ORANGE,24197,1
3-ORANGE,24738,1
3-ORANGE,25146,1
3-ORANGE,25244,1
3-ORANGE,25263,1
3-ORANGE,25303,1
3-ORANGE,25403,1
3-ORANGE,25600,1
3-ORANGE,25637,1
3-ORANGE,25703,1
3-ORANGE,25722,1
3-ORANGE,25867,1
3-ORANGE,25886,1
3-ORANGE,26408,1
3-ORANGE,26473,1
3-ORANGE,26574,1
3-ORANGE,26577,1
3-ORANGE,26750,1
3-ORANGE,26967,1
3-ORANGE,27372,1
3-ORANGE,27724,1
3-ORANGE,27726,1
3-ORANGE,27757,1
3-ORANGE,27909,1
3-ORANGE,28084,1
3-ORANGE,28242,1
3-ORANGE,28445,1
3-ORANGE,28686,1
3-ORANGE,28755,1
3-ORANGE,28847,1
3-ORANGE,28862,1
3-ORANGE,29081,1
3-ORANGE,29725,1
3-ORANGE,29844,1
3-ORANGE,34651,1
3-ORANGE,35635,1
3-ORANGE,41813,1
3-ORANGE,42446,1
3-ORANGE,44170,1
3-ORANGE,48600,1
3-ORANGE,51565,1
3-ORANGE,52701,1
3-ORANGE,57836,1
3-ORANGE,59098,1
3-ORANGE,63461,1
3-ORANGE,90794,1
3-ORANGE,110324,1
4-YELLOW,0,64
4-YELLOW,6,1
4-YELLOW,8,1
4-YELLOW,9,3
4-YELLOW,10,2
4-YELLOW,11,3
4-YELLOW,12,1
4-YELLOW,13,2
4-YELLOW,14,6
4-YELLOW,15,4
4-YELLOW,16,1
4-YELLOW,17,3
4-YELLOW,18,3
4-YELLOW,19,1
4-YELLOW,20,4
4-YELLOW,21,1
4-YELLOW,22,2
4-YELLOW,24,1
4-YELLOW,25,3
4-YELLOW,27,3
4-YELLOW,28,1
4-YELLOW,29,1
4-YELLOW,30,1
4-YELLOW,31,4
4-YELLOW,33,1
4-YELLOW,34,2
4-YELLOW,35,1
4-YELLOW,36,3
4-YELLOW,37,2
4-YELLOW,38,2
4-YELLOW,39,4
4-YELLOW,41,1
4-YELLOW,43,1
4-YELLOW,44,2
4-YELLOW,45,4
4-YELLOW,46,6
4-YELLOW,47,6
4-YELLOW,48,3
4-YELLOW,49,3
4-YELLOW,50,2
4-YELLOW,51,5
4-YELLOW,52,3
4-YELLOW,53,4
4-YELLOW,54,3
4-YELLOW,55,5
4-YELLOW,56,3
4-YELLOW,57,2
4-YELLOW,58,3
4-YELLOW,59,2
4-YELLOW,60,1
4-YELLOW,61,2
4-YELLOW,62,4
4-YELLOW,63,2
4-YELLOW,64,4
4-YELLOW,65,3
4-YELLOW,66,4
4-YELLOW,67,4
4-YELLOW,68,3
4-YELLOW,69,3
4-YELLOW,70,1
4-YELLOW,71,2
4-YELLOW,72,1
4-YELLOW,73,2
4-YELLOW,74,2
4-YELLOW,75,4
4-YELLOW,76,4
4-YELLOW,77,2
4-YELLOW,78,3
4-YELLOW,79,3
4-YELLOW,80,2
4-YELLOW,81,2
4-YELLOW,82,2
4-YELLOW,83,2
4-YELLOW,84,1
4-YELLOW,86,5
4-YELLOW,87,2
4-YELLOW,88,2
4-YELLOW,90,2
4-YELLOW,91,2
4-YELLOW,92,4
4-YELLOW,93,1
4-YELLOW,94,3
4-YELLOW,95,4
4-YELLOW,96,4
4-YELLOW,97,3
4-YELLOW,98,3
4-YELLOW,99,3
4-YELLOW,100,4
4-YELLOW,101,3
4-YELLOW,102,3
4-YELLOW,103,1
4-YELLOW,104,2
4-YELLOW,105,4
4-YELLOW,106,2
4-YELLOW,108,2
4-YELLOW,110,1
4-YELLOW,111,3
4-YELLOW,112,1
4-YELLOW,113,1
4-YELLOW,114,3
4-YELLOW,115,2
4-YELLOW,117,2
4-YELLOW,118,3
4-YELLOW,119,2
4-YELLOW,122,2
4-YELLOW,123,1
4-YELLOW,124,2
4-YELLOW,125,3
4-YELLOW,127,2
4-YELLOW,128,1
4-YELLOW,130,2
4-YELLOW,131,2
4-YELLOW,132,1
4-YELLOW,133,2
4-YELLOW,134,1
4-YELLOW,135,4
4-YELLOW,136,3
4-YELLOW,138,2
4-YELLOW,139,1
4-YELLOW,140,1
4-YELLOW,141,1
4-YELLOW,143,1
4-YELLOW,145,1
4-YELLOW,146,2
4-YELLOW,147,2
4-YELLOW,149,1
4-YELLOW,151,1
4-YELLOW,152,1
4-YELLOW,153,3
4-YELLOW,155,2
4-YELLOW,156,2
4-YELLOW,158,1
4-YELLOW,159,1
4-YELLOW,160,3
4-YELLOW,161,1
4-YELLOW,162,2
4-YELLOW,163,1
4-YELLOW,165,2
4-YELLOW,166,1
4-YELLOW,168,1
4-YELLOW,171,1
4-YELLOW,173,1
4-YELLOW,176,2
4-YELLOW,178,2
4-YELLOW,179,1
4-YELLOW,180,2
4-YELLOW,181,1
4-YELLOW,182,1
4-YELLOW,183,1
4-YELLOW,184,2
4-YELLOW,186,1
4-YELLOW,188,1
4-YELLOW,189,1
4-YELLOW,191,1
4-YELLOW,192,1
4-YELLOW,193,2
4-YELLOW,195,2
4-YELLOW,196,3
4-YELLOW,197,1
4-YELLOW,198,1
4-YELLOW,200,3
4-YELLOW,201,1
4-YELLOW,203,1
4-YELLOW,204,1
4-YELLOW,205,1
4-YELLOW,206,1
4-YELLOW,207,1
4-YELLOW,208,1
4-YELLOW,209,1
4-YELLOW,212,1
4-YELLOW,214,1
4-YELLOW,215,1
4-YELLOW,216,1
4-YELLOW,217,1
4-YELLOW,219,1
4-YELLOW,220,2
4-YELLOW,221,1
4-YELLOW,222,2
4-YELLOW,223,2
4-YELLOW,224,2
4-YELLOW,225,1
4-YELLOW,226,2
4-YELLOW,228,1
4-YELLOW,229,1
4-YELLOW,230,1
4-YELLOW,232,2
4-YELLOW,233,1
4-YELLOW,235,1
4-YELLOW,238,1
4-YELLOW,242,1
4-YELLOW,244,1
4-YELLOW,245,3
4-YELLOW,246,2
4-YELLOW,247,1
4-YELLOW,248,2
4-YELLOW,249,1
4-YELLOW,250,4
4-YELLOW,251,2
4-YELLOW,252,3
4-YELLOW,253,1
4-YELLOW,254,1
4-YELLOW,255,1
4-YELLOW,256,1
4-YELLOW,257,1
4-YELLOW,258,2
4-YELLOW,260,3
4-YELLOW,262,2
4-YELLOW,263,2
4-YELLOW,264,1
4-YELLOW,265,1
4-YELLOW,266,4
4-YELLOW,267,1
4-YELLOW,268,2
4-YELLOW,270,4
4-YELLOW,271,1
4-YELLOW,272,1
4-YELLOW,274,3
4-YELLOW,275,1
4-YELLOW,277,3
4-YELLOW,278,2
4-YELLOW,280,1
4-YELLOW,281,1
4-YELLOW,282,1
4-YELLOW,283,6
4-YELLOW,284,2
4-YELLOW,286,3
4-YELLOW,287,1
4-YELLOW,288,1
4-YELLOW,289,3
4-YELLOW,290,1
4-YELLOW,291,5
4-YELLOW,293,2
4-YELLOW,294,2
4-YELLOW,295,1
4-YELLOW,298,3
4-YELLOW,299,1
4-YELLOW,300,3
4-YELLOW,301,1
4-YELLOW,302,1
4-YELLOW,303,2
4-YELLOW,304,3
4-YELLOW,305,2
4-YELLOW,306,5
4-YELLOW,308,3
4-YELLOW,309,1
4-YELLOW,310,2
4-YELLOW,311,1
4-YELLOW,312,1
4-YELLOW,313,1
4-YELLOW,315,1
4-YELLOW,316,1
4-YELLOW,317,1
4-YELLOW,318,1
4-YELLOW,319,3
4-YELLOW,320,4
4-YELLOW,321,3
4-YELLOW,322,6
4-YELLOW,323,2
4-YELLOW,324,1
4-YELLOW,325,2
4-YELLOW,326,5
4-YELLOW,327,3
4-YELLOW,328,4
4-YELLOW,329,1
4-YELLOW,330,4
4-YELLOW,331,3
4-YELLOW,332,5
4-YELLOW,333,2
4-YELLOW,334,1
4-YELLOW,335,3
4-YELLOW,336,1
4-YELLOW,337,2
4-YELLOW,338,2
4-YELLOW,339,2
4-YELLOW,340,2
4-YELLOW,342,3
4-YELLOW,343,3
4-YELLOW,344,3
4-YELLOW,345,1
4-YELLOW,346,1
4-YELLOW,347,1
4-YELLOW,348,1
4-YELLOW,349,3
4-YELLOW,350,4
4-YELLOW,351,2
4-YELLOW,352,1
4-YELLOW,353,4
4-YELLOW,354,2
4-YELLOW,356,4
4-YELLOW,357,5
4-YELLOW,358,5
4-YELLOW,359,1
4-YELLOW,360,4
4-YELLOW,361,4
4-YELLOW,363,4
4-YELLOW,364,6
4-YELLOW,366,3
4-YELLOW,367,2
4-YELLOW,368,4
4-YELLOW,369,6
4-YELLOW,370,2
4-YELLOW,371,4
4-YELLOW,372,3
4-YELLOW,373,2
4-YELLOW,374,3
4-YELLOW,375,1
4-YELLOW,376,3
4-YELLOW,377,2
4-YELLOW,378,4
4-YELLOW,379,7
4-YELLOW,380,9
4-YELLOW,381,4
4-YELLOW,382,1
4-YELLOW,383,5
4-YELLOW,384,4
4-YELLOW,385,10
4-YELLOW,386,6
4-YELLOW,387,2
4-YELLOW,388,5
4-YELLOW,389,6
4-YELLOW,390,3
4-YELLOW,391,4
4-YELLOW,392,1
4-YELLOW,393,8
4-YELLOW,394,5
4-YELLOW,395,2
4-YELLOW,396,4
4-YELLOW,397,3
4-YELLOW,398,5
4-YELLOW,399,4
4-YELLOW,400,4
4-YELLOW,401,5
4-YELLOW,402,10
4-YELLOW,403,6
4-YELLOW,404,6
4-YELLOW,405,1
4-YELLOW,406,9
4-YELLOW,407,5
4-YELLOW,408,8
4-YELLOW,409,5
4-YELLOW,410,6
4-YELLOW,411,2
4-YELLOW,412,2
4-YELLOW,413,1
4-YELLOW,414,2
4-YELLOW,415,7
4-YELLOW,416,7
4-YELLOW,417,7
4-YELLOW,418,5
4-YELLOW,419,4
4-YELLOW,420,5
4-YELLOW,421,8
4-YELLOW,422,6
4-YELLOW,423,6
4-YELLOW,424,2
4-YELLOW,425,5
4-YELLOW,426,3
4-YELLOW,427,8
4-YELLOW,428,5
4-YELLOW,429,5
4-YELLOW,430,10
4-YELLOW,431,4
4-YELLOW,432,9
4-YELLOW,433,10
4-YELLOW,434,7
4-YELLOW,435,8
4-YELLOW,436,6
4-YELLOW,437,9
4-YELLOW,438,7
4-YELLOW,439,6
4-YELLOW,440,9
4-YELLOW,441,7
4-YELLOW,442,2
4-YELLOW,443,2
4-YELLOW,444,4
4-YELLOW,445,6
4-YELLOW,446,9
4-YELLOW,447,6
4-YELLOW,448,13
4-YELLOW,449,6
4-YELLOW,450,6
4-YELLOW,451,1
4-YELLOW,452,4
4-YELLOW,453,9
4-YELLOW,454,4
4-YELLOW,455,6
4-YELLOW,456,5
4-YELLOW,457,4
4-YELLOW,458,9
4-YELLOW,459,10
4-YELLOW,460,10
4-YELLOW,461,4
4-YELLOW,462,5
4-YELLOW,463,6
4-YELLOW,464,9
4-YELLOW,465,5
4-YELLOW,466,5
4-YELLOW,467,1
4-YELLOW,468,5
4-YELLOW,469,3
4-YELLOW,470,8
4-YELLOW,471,8
4-YELLOW,472,14
4-YELLOW,473,8
4-YELLOW,474,4
4-YELLOW,475,7
4-YELLOW,476,4
4-YELLOW,477,8
4-YELLOW,478,13
4-YELLOW,479,7
4-YELLOW,480,14
4-YELLOW,481,9
4-YELLOW,482,6
4-YELLOW,483,9
4-YELLOW,484,8
4-YELLOW,485,8
4-YELLOW,486,5
4-YELLOW,487,9
4-YELLOW,488,11
4-YELLOW,489,7
4-YELLOW,490,10
4-YELLOW,491,12
4-YELLOW,492,9
4-YELLOW,493,11
4-YELLOW,494,7
4-YELLOW,495,10
4-YELLOW,496,12
4-YELLOW,497,7
4-YELLOW,498,6
4-YELLOW,499,14
4-YELLOW,500,12
4-YELLOW,501,11
4-YELLOW,502,13
4-YELLOW,503,11
4-YELLOW,504,9
4-YELLOW,505,8
4-YELLOW,506,11
4-YELLOW,507,11
4-YELLOW,508,14
4-YELLOW,509,9
4-YELLOW,510,10
4-YELLOW,511,5
4-YELLOW,512,12
4-YELLOW,513,5
4-YELLOW,514,13
4-YELLOW,515,12
4-YELLOW,516,8
4-YELLOW,517,7
4-YELLOW,518,9
4-YELLOW,519,10
4-YELLOW,520,12
4-YELLOW,521,10
4-YELLOW,522,8
4-YELLOW,523,12
4-YELLOW,524,8
4-YELLOW,525,18
4-YELLOW,526,17
4-YELLOW,527,7
4-YELLOW,528,15
4-YELLOW,529,9
4-YELLOW,530,8
4-YELLOW,531,14
4-YELLOW,532,13
4-YELLOW,533,13
4-YELLOW,534,14
4-YELLOW,535,7
4-YELLOW,536,14
4-YELLOW,537,6
4-YELLOW,538,15
4-YELLOW,539,9
4-YELLOW,540,11
4-YELLOW,541,12
4-YELLOW,542,11
4-YELLOW,543,19
4-YELLOW,544,7
4-YELLOW,545,15
4-YELLOW,546,12
4-YELLOW,547,16
4-YELLOW,548,15
4-YELLOW,549,6
4-YELLOW,550,9
4-YELLOW,551,10
4-YELLOW,552,12
4-YELLOW,553,10
4-YELLOW,554,13
4-YELLOW,555,7
4-YELLOW,556,13
4-YELLOW,557,15
4-YELLOW,558,9
4-YELLOW,559,15
4-YELLOW,560,11
4-YELLOW,561,10
4-YELLOW,562,18
4-YELLOW,563,7
4-YELLOW,564,12
4-YELLOW,565,12
4-YELLOW,566,18
4-YELLOW,567,16
4-YELLOW,568,17
4-YELLOW,569,11
4-YELLOW,570,12
4-YELLOW,571,11
4-YELLOW,572,17
4-YELLOW,573,13
4-YELLOW,574,11
4-YELLOW,575,16
4-YELLOW,576,6
4-YELLOW,577,18
4-YELLOW,578,18
4-YELLOW,579,13
4-YELLOW,580,15
4-YELLOW,581,14
4-YELLOW,582,19
4-YELLOW,583,10
4-YELLOW,584,12
4-YELLOW,585,14
4-YELLOW,586,11
4-YELLOW,587,11
4-YELLOW,588,15
4-YELLOW,589,12
4-YELLOW,590,13
4-YELLOW,591,7
4-YELLOW,592,10
4-YELLOW,593,14
4-YELLOW,594,14
4-YELLOW,595,12
4-YELLOW,596,10
4-YELLOW,597,15
4-YELLOW,598,18
4-YELLOW,599,9
4-YELLOW,600,15
4-YELLOW,601,16
4-YELLOW,602,9
4-YELLOW,603,16
4-YELLOW,604,16
4-YELLOW,605,14
4-YELLOW,606,18
4-YELLOW,607,21
4-YELLOW,608,17
4-YELLOW,609,15
4-YELLOW,610,13
4-YELLOW,611,24
4-YELLOW,612,19
4-YELLOW,613,13
4-YELLOW,614,12
4-YELLOW,615,10
4-YELLOW,616,14
4-YELLOW,617,20
4-YELLOW,618,16
4-YELLOW,619,15
4-YELLOW,620,15
4-YELLOW,621,15
4-YELLOW,622,18
4-YELLOW,623,15
4-YELLOW,624,22
4-YELLOW,625,13
4-YELLOW,626,17
4-YELLOW,627,19
4-YELLOW,628,16
4-YELLOW,629,14
4-YELLOW,630,16
4-YELLOW,631,20
4-YELLOW,632,18
4-YELLOW,633,11
4-YELLOW,634,12
4-YELLOW,635,14
4-YELLOW,636,15
4-YELLOW,637,13
4-YELLOW,638,15
4-YELLOW,639,11
4-YELLOW,640,14
4-YELLOW,641,13
4-YELLOW,642,12
4-YELLOW,643,23
4-YELLOW,644,17
4-YELLOW,645,19
4-YELLOW,646,21
4-YELLOW,647,21
4-YELLOW,648,21
4-YELLOW,649,22
4-YELLOW,650,19
4-YELLOW,651,19
4-YELLOW,652,17
4-YELLOW,653,16
4-YELLOW,654,12
4-YELLOW,655,15
4-YELLOW,656,22
4-YELLOW,657,29
4-YELLOW,658,16
4-YELLOW,659,20
4-YELLOW,660,13
4-YELLOW,661,12
4-YELLOW,662,19
4-YELLOW,663,14
4-YELLOW,664,14
4-YELLOW,665,17
4-YELLOW,666,14
4-YELLOW,667,15
4-YELLOW,668,26
4-YELLOW,669,14
4-YELLOW,670,9
4-YELLOW,671,18
4-YELLOW,672,16
4-YELLOW,673,6
4-YELLOW,674,17
4-YELLOW,675,23
4-YELLOW,676,16
4-YELLOW,677,15
4-YELLOW,678,29
4-YELLOW,679,11
4-YELLOW,680,18
4-YELLOW,681,20
4-YELLOW,682,11
4-YELLOW,683,15
4-YELLOW,684,21
4-YELLOW,685,20
4-YELLOW,686,22
4-YELLOW,687,21
4-YELLOW,688,28
4-YELLOW,689,17
4-YELLOW,690,13
4-YELLOW,691,16
4-YELLOW,692,15
4-YELLOW,693,18
4-YELLOW,694,22
4-YELLOW,695,27
4-YELLOW,696,18
4-YELLOW,697,13
4-YELLOW,698,22
4-YELLOW,699,23
4-YELLOW,700,25
4-YELLOW,701,23
4-YELLOW,702,14
4-YELLOW,703,13
4-YELLOW,704,22
4-YELLOW,705,21
4-YELLOW,706,20
4-YELLOW,707,22
4-YELLOW,708,17
4-YELLOW,709,25
4-YELLOW,710,22
4-YELLOW,711,22
4-YELLOW,712,24
4-YELLOW,713,22
4-YELLOW,714,29
4-YELLOW,715,23
4-YELLOW,716,24
4-YELLOW,717,19
4-YELLOW,718,28
4-YELLOW,719,18
4-YELLOW,720,32
4-YELLOW,721,19
4-YELLOW,722,14
4-YELLOW,723,17
4-YELLOW,724,28
4-YELLOW,725,11
4-YELLOW,726,18
4-YELLOW,727,24
4-YELLOW,728,22
4-YELLOW,729,19
4-YELLOW,730,19
4-YELLOW,731,16
4-YELLOW,732,19
4-YELLOW,733,20
4-YELLOW,734,22
4-YELLOW,735,17
4-YELLOW,736,18
4-YELLOW,737,19
4-YELLOW,738,25
4-YELLOW,739,28
4-YELLOW,740,22
4-YELLOW,741,17
4-YELLOW,742,16
4-YELLOW,743,31
4-YELLOW,744,23
4-YELLOW,745,13
4-YELLOW,746,31
4-YELLOW,747,30
4-YELLOW,748,19
4-YELLOW,749,15
4-YELLOW,750,22
4-YELLOW,751,24
4-YELLOW,752,21
4-YELLOW,753,12
4-YELLOW,754,22
4-YELLOW,755,22
4-YELLOW,756,16
4-YELLOW,757,23
4-YELLOW,758,10
4-YELLOW,759,27
4-YELLOW,760,24
4-YELLOW,761,17
4-YELLOW,762,16
4-YELLOW,763,25
4-YELLOW,764,25
4-YELLOW,765,25
4-YELLOW,766,24
4-YELLOW,767,22
4-YELLOW,768,18
4-YELLOW,769,18
4-YELLOW,770,24
4-YELLOW,771,20
4-YELLOW,772,25
4-YELLOW,773,27
4-YELLOW,774,14
4-YELLOW,775,20
4-YELLOW,776,33
4-YELLOW,777,38
4-YELLOW,778,22
4-YELLOW,779,25
4-YELLOW,780,24
4-YELLOW,781,28
4-YELLOW,782,19
4-YELLOW,783,30
4-YELLOW,784,23
4-YELLOW,785,17
4-YELLOW,786,20
4-YELLOW,787,18
4-YELLOW,788,18
4-YELLOW,789,18
4-YELLOW,790,16
4-YELLOW,791,16
4-YELLOW,792,21
4-YELLOW,793,23
4-YELLOW,794,17
4-YELLOW,795,23
4-YELLOW,796,28
4-YELLOW,797,27
4-YELLOW,798,26
4-YELLOW,799,24
4-YELLOW,800,19
4-YELLOW,801,20
4-YELLOW,802,26
4-YELLOW,803,29
4-YELLOW,804,19
4-YELLOW,805,28
4-YELLOW,806,21
4-YELLOW,807,15
4-YELLOW,808,23
4-YELLOW,809,23
4-YELLOW,810,36
4-YELLOW,811,24
4-YELLOW,812,25
4-YELLOW,813,23
4-YELLOW,814,18
4-YELLOW,815,15
4-YELLOW,816,24
4-YELLOW,817,25
4-YELLOW,818,30
4-YELLOW,819,24
4-YELLOW,820,28
4-YELLOW,821,22
4-YELLOW,822,24
4-YELLOW,823,29
4-YELLOW,824,27
4-YELLOW,825,20
4-YELLOW,826,24
4-YELLOW,827,31
4-YELLOW,828,26
4-YELLOW,829,17
4-YELLOW,830,15
4-YELLOW,831,33
4-YELLOW,832,18
4-YELLOW,833,31
4-YELLOW,834,24
4-YELLOW,835,23
4-YELLOW,836,30
4-YELLOW,837,22
4-YELLOW,838,29
4-YELLOW,839,35
4-YELLOW,840,30
4-YELLOW,841,25
4-YELLOW,842,30
4-YELLOW,843,23
4-YELLOW,844,36
4-YELLOW,845,14
4-YELLOW,846,23
4-YELLOW,847,33
4-YELLOW,848,23
4-YELLOW,849,25
4-YELLOW,850,25
4-YELLOW,851,27
4-YELLOW,852,29
4-YELLOW,853,24
4-YELLOW,854,30
4-YELLOW,855,30
4-YELLOW,856,24
4-YELLOW,857,27
4-YELLOW,858,20
4-YELLOW,859,28
4-YELLOW,860,25
4-YELLOW,861,30
4-YELLOW,862,28
4-YELLOW,863,29
4-YELLOW,864,16
4-YELLOW,865,30
4-YELLOW,866,22
4-YELLOW,867,27
4-YELLOW,868,19
4-YELLOW,869,30
4-YELLOW,870,28
4-YELLOW,871,34
4-YELLOW,872,31
4-YELLOW,873,22
4-YELLOW,874,29
4-YELLOW,875,26
4-YELLOW,876,25
4-YELLOW,877,31
4-YELLOW,878,22
4-YELLOW,879,28
4-YELLOW,880,24
4-YELLOW,881,24
4-YELLOW,882,35
4-YELLOW,883,24
4-YELLOW,884,29
4-YELLOW,885,32
4-YELLOW,886,18
4-YELLOW,887,14
4-YELLOW,888,24
4-YELLOW,889,19
4-YELLOW,890,26
4-YELLOW,891,16
4-YELLOW,892,24
4-YELLOW,893,24
4-YELLOW,894,28
4-YELLOW,895,30
4-YELLOW,896,22
4-YELLOW,897,34
4-YELLOW,898,30
4-YELLOW,899,23
4-YELLOW,900,28
4-YELLOW,901,15
4-YELLOW,902,22
4-YELLOW,903,24
4-YELLOW,904,27
4-YELLOW,905,35
4-YELLOW,906,20
4-YELLOW,907,23
4-YELLOW,908,31
4-YELLOW,909,23
4-YELLOW,910,22
4-YELLOW,911,19
4-YELLOW,912,22
4-YELLOW,913,32
4-YELLOW,914,24
4-YELLOW,915,23
4-YELLOW,916,31
4-YELLOW,917,29
4-YELLOW,918,31
4-YELLOW,919,36
4-YELLOW,920,19
4-YELLOW,921,25
4-YELLOW,922,28
4-YELLOW,923,18
4-YELLOW,924,30
4-YELLOW,925,23
4-YELLOW,926,27
4-YELLOW,927,21
4-YELLOW,928,26
4-YELLOW,929,30
4-YELLOW,930,33
4-YELLOW,931,26
4-YELLOW,932,26
4-YELLOW,933,24
4-YELLOW,934,35
4-YELLOW,935,18
4-YELLOW,936,23
4-YELLOW,937,28
4-YELLOW,938,31
4-YELLOW,939,25
4-YELLOW,940,24
4-YELLOW,941,30
4-YELLOW,942,22
4-YELLOW,943,26
4-YELLOW,944,20
4-YELLOW,945,23
4-YELLOW,946,23
4-YELLOW,947,38
4-YELLOW,948,23
4-YELLOW,949,27
4-YELLOW,950,26
4-YELLOW,951,34
4-YELLOW,952,27
4-YELLOW,953,37
4-YELLOW,954,21
4-YELLOW,955,25
4-YELLOW,956,17
4-YELLOW,957,25
4-YELLOW,958,23
4-YELLOW,959,25
4-YELLOW,960,20
4-YELLOW,961,21
4-YELLOW,962,25
4-YELLOW,963,29
4-YELLOW,964,33
4-YELLOW,965,30
4-YELLOW,966,23
4-YELLOW,967,28
4-YELLOW,968,29
4-YELLOW,969,17
4-YELLOW,970,30
4-YELLOW,971,19
4-YELLOW,972,25
4-YELLOW,973,25
4-YELLOW,974,34
4-YELLOW,975,29
4-YELLOW,976,36
4-YELLOW,977,28
4-YELLOW,978,28
4-YELLOW,979,23
4-YELLOW,980,31
4-YELLOW,981,16
4-YELLOW,982,23
4-YELLOW,983,29
4-YELLOW,984,30
4-YELLOW,985,18
4-YELLOW,986,25
4-YELLOW,987,29
4-YELLOW,988,33
4-YELLOW,989,28
4-YELLOW,990,37
4-YELLOW,991,36
4-YELLOW,992,26
4-YELLOW,993,23
4-YELLOW,994,25
4-YELLOW,995,21
4-YELLOW,996,22
4-YELLOW,997,23
4-YELLOW,998,24
4-YELLOW,999,30
4-YELLOW,1000,31
4-YELLOW,1001,19
4-YELLOW,1002,28
4-YELLOW,1003,26
4-YELLOW,1004,29
4-YELLOW,1005,32
4-YELLOW,1006,30
4-YELLOW,1007,28
4-YELLOW,1008,30
4-YELLOW,1009,24
4-YELLOW,1010,29
4-YELLOW,1011,25
4-YELLOW,1012,40
4-YELLOW,1013,25
4-YELLOW,1014,30
4-YELLOW,1015,31
4-YELLOW,1016,19
4-YELLOW,1017,36
4-YELLOW,1018,29
4-YELLOW,1019,29
4-YELLOW,1020,35
4-YELLOW,1021,32
4-YELLOW,1022,15
4-YELLOW,1023,29
4-YELLOW,1024,34
4-YELLOW,1025,27
4-YELLOW,1026,31
4-YELLOW,1027,27
4-YELLOW,1028,24
4-YELLOW,1029,29
4-YELLOW,1030,29
4-YELLOW,1031,27
4-YELLOW,1032,34
4-YELLOW,1033,25
4-YELLOW,1034,24
4-YELLOW,1035,33
4-YELLOW,1036,30
4-YELLOW,1037,29
4-YELLOW,1038,27
4-YELLOW,1039,21
4-YELLOW,1040,30
4-YELLOW,1041,22
4-YELLOW,1042,35
4-YELLOW,1043,36
4-YELLOW,1044,30
4-YELLOW,1045,29
4-YELLOW,1046,29
4-YELLOW,1047,34
4-YELLOW,1048,30
4-YELLOW,1049,20
4-YELLOW,1050,18
4-YELLOW,1051,28
4-YELLOW,1052,25
4-YELLOW,1053,30
4-YELLOW,1054,32
4-YELLOW,1055,37
4-YELLOW,1056,27
4-YELLOW,1057,25
4-YELLOW,1058,22
4-YELLOW,1059,46
4-YELLOW,1060,24
4-YELLOW,1061,32
4-YELLOW,1062,25
4-YELLOW,1063,22
4-YELLOW,1064,27
4-YELLOW,1065,25
4-YELLOW,1066,27
4-YELLOW,1067,30
4-YELLOW,1068,37
4-YELLOW,1069,29
4-YELLOW,1070,27
4-YELLOW,1071,35
4-YELLOW,1072,34
4-YELLOW,1073,25
4-YELLOW,1074,37
4-YELLOW,1075,27
4-YELLOW,1076,25
4-YELLOW,1077,30
4-YELLOW,1078,35
4-YELLOW,1079,23
4-YELLOW,1080,23
4-YELLOW,1081,29
4-YELLOW,1082,31
4-YELLOW,1083,22
4-YELLOW,1084,25
4-YELLOW,1085,15
4-YELLOW,1086,24
4-YELLOW,1087,31
4-YELLOW,1088,20
4-YELLOW,1089,25
4-YELLOW,1090,21
4-YELLOW,1091,25
4-YELLOW,1092,25
4-YELLOW,1093,28
4-YELLOW,1094,34
4-YELLOW,1095,25
4-YELLOW,1096,19
4-YELLOW,1097,27
4-YELLOW,1098,24
4-YELLOW,1099,19
4-YELLOW,1100,27
4-YELLOW,1101,29
4-YELLOW,1102,33
4-YELLOW,1103,35
4-YELLOW,1104,23
4-YELLOW,1105,19
4-YELLOW,1106,31
4-YELLOW,1107,24
4-YELLOW,1108,26
4-YELLOW,1109,17
4-YELLOW,1110,37
4-YELLOW,1111,34
4-YELLOW,1112,18
4-YELLOW,1113,28
4-YELLOW,1114,25
4-YELLOW,1115,27
4-YELLOW,1116,36
4-YELLOW,1117,31
4-YELLOW,1118,33
4-YELLOW,1119,42
4-YELLOW,1120,34
4-YELLOW,1121,21
4-YELLOW,1122,30
4-YELLOW,1123,23
4-YELLOW,1124,24
4-YELLOW,1125,30
4-YELLOW,1126,26
4-YELLOW,1127,31
4-YELLOW,1128,13
4-YELLOW,1129,26
4-YELLOW,1130,17
4-YELLOW,1131,27
4-YELLOW,1132,30
4-YELLOW,1133,25
4-YELLOW,1134,34
4-YELLOW,1135,23
4-YELLOW,1136,21
4-YELLOW,1137,31
4-YELLOW,1138,19
4-YELLOW,1139,24
4-YELLOW,1140,26
4-YELLOW,1141,20
4-YELLOW,1142,29
4-YELLOW,1143,20
4-YELLOW,1144,28
4-YELLOW,1145,25
4-YELLOW,1146,31
4-YELLOW,1147,25
4-YELLOW,1148,31
4-YELLOW,1149,34
4-YELLOW,1150,26
4-YELLOW,1151,37
4-YELLOW,1152,23
4-YELLOW,1153,25
4-YELLOW,1154,24
4-YELLOW,1155,28
4-YELLOW,1156,24
4-YELLOW,1157,36
4-YELLOW,1158,18
4-YELLOW,1159,36
4-YELLOW,1160,26
4-YELLOW,1161,23
4-YELLOW,1162,27
4-YELLOW,1163,25
4-YELLOW,1164,31
4-YELLOW,1165,27
4-YELLOW,1166,23
4-YELLOW,1167,32
4-YELLOW,1168,22
4-YELLOW,1169,30
4-YELLOW,1170,17
4-YELLOW,1171,22
4-YELLOW,1172,26
4-YELLOW,1173,24
4-YELLOW,1174,38
4-YELLOW,1175,21
4-YELLOW,1176,30
4-YELLOW,1177,21
4-YELLOW,1178,30
4-YELLOW,1179,17
4-YELLOW,1180,21
4-YELLOW,1181,21
4-YELLOW,1182,26
4-YELLOW,1183,30
4-YELLOW,1184,24
4-YELLOW,1185,23
4-YELLOW,1186,28
4-YELLOW,1187,26
4-YELLOW,1188,32
4-YELLOW,1189,23
4-YELLOW,1190,21
4-YELLOW,1191,25
4-YELLOW,1192,31
4-YELLOW,1193,24
4-YELLOW,1194,22
4-YELLOW,1195,31
4-YELLOW,1196,23
4-YELLOW,1197,28
4-YELLOW,1198,27
4-YELLOW,1199,24
4-YELLOW,1200,22
4-YELLOW,1201,17
4-YELLOW,1202,25
4-YELLOW,1203,23
4-YELLOW,1204,38
4-YELLOW,1205,35
4-YELLOW,1206,30
4-YELLOW,1207,31
4-YELLOW,1208,29
4-YELLOW,1209,18
4-YELLOW,1210,23
4-YELLOW,1211,17
4-YELLOW,1212,25
4-YELLOW,1213,34
4-YELLOW,1214,28
4-YELLOW,1215,23
4-YELLOW,1216,29
4-YELLOW,1217,29
4-YELLOW,1218,17
4-YELLOW,1219,26
4-YELLOW,1220,31
4-YELLOW,1221,19
4-YELLOW,1222,18
4-YELLOW,1223,25
4-YELLOW,1224,22
4-YELLOW,1225,25
4-YELLOW,1226,23
4-YELLOW,1227,29
4-YELLOW,1228,19
4-YELLOW,1229,29
4-YELLOW,1230,26
4-YELLOW,1231,14
4-YELLOW,1232,13
4-YELLOW,1233,24
4-YELLOW,1234,28
4-YELLOW,1235,23
4-YELLOW,1236,19
4-YELLOW,1237,19
4-YELLOW,1238,25
4-YELLOW,1239,25
4-YELLOW,1240,23
4-YELLOW,1241,31
4-YELLOW,1242,31
4-YELLOW,1243,19
4-YELLOW,1244,21
4-YELLOW,1245,17
4-YELLOW,1246,28
4-YELLOW,1247,25
4-YELLOW,1248,26
4-YELLOW,1249,23
4-YELLOW,1250,29
4-YELLOW,1251,21
4-YELLOW,1252,22
4-YELLOW,1253,20
4-YELLOW,1254,30
4-YELLOW,1255,27
4-YELLOW,1256,33
4-YELLOW,1257,14
4-YELLOW,1258,15
4-YELLOW,1259,37
4-YELLOW,1260,34
4-YELLOW,1261,22
4-YELLOW,1262,22
4-YELLOW,1263,29
4-YELLOW,1264,22
4-YELLOW,1265,29
4-YELLOW,1266,30
4-YELLOW,1267,26
4-YELLOW,1268,21
4-YELLOW,1269,21
4-YELLOW,1270,30
4-YELLOW,1271,27
4-YELLOW,1272,24
4-YELLOW,1273,16
4-YELLOW,1274,26
4-YELLOW,1275,21
4-YELLOW,1276,21
4-YELLOW,1277,26
4-YELLOW,1278,16
4-YELLOW,1279,18
4-YELLOW,1280,28
4-YELLOW,1281,24
4-YELLOW,1282,29
4-YELLOW,1283,31
4-YELLOW,1284,32
4-YELLOW,1285,29
4-YELLOW,1286,27
4-YELLOW,1287,28
4-YELLOW,1288,22
4-YELLOW,1289,23
4-YELLOW,1290,19
4-YELLOW,1291,25
4-YELLOW,1292,27
4-YELLOW,1293,14
4-YELLOW,1294,28
4-YELLOW,1295,32
4-YELLOW,1296,23
4-YELLOW,1297,31
4-YELLOW,1298,22
4-YELLOW,1299,28
4-YELLOW,1300,25
4-YELLOW,1301,30
4-YELLOW,1302,22
4-YELLOW,1303,17
4-YELLOW,1304,21
4-YELLOW,1305,27
4-YELLOW,1306,16
4-YELLOW,1307,25
4-YELLOW,1308,23
4-YELLOW,1309,19
4-YELLOW,1310,18
4-YELLOW,1311,24
4-YELLOW,1312,27
4-YELLOW,1313,20
4-YELLOW,1314,22
4-YELLOW,1315,20
4-YELLOW,1316,17
4-YELLOW,1317,30
4-YELLOW,1318,27
4-YELLOW,1319,23
4-YELLOW,1320,24
4-YELLOW,1321,24
4-YELLOW,1322,19
4-YELLOW,1323,21
4-YELLOW,1324,29
4-YELLOW,1325,25
4-YELLOW,1326,21
4-YELLOW,1327,26
4-YELLOW,1328,13
4-YELLOW,1329,24
4-YELLOW,1330,18
4-YELLOW,1331,14
4-YELLOW,1332,23
4-YELLOW,1333,17
4-YELLOW,1334,24
4-YELLOW,1335,22
4-YELLOW,1336,27
4-YELLOW,1337,22
4-YELLOW,1338,19
4-YELLOW,1339,22
4-YELLOW,1340,22
4-YELLOW,1341,27
4-YELLOW,1342,28
4-YELLOW,1343,21
4-YELLOW,1344,20
4-YELLOW,1345,20
4-YELLOW,1346,18
4-YELLOW,1347,13
4-YELLOW,1348,22
4-YELLOW,1349,22
4-YELLOW,1350,21
4-YELLOW,1351,21
4-YELLOW,1352,19
4-YELLOW,1353,29
4-YELLOW,1354,21
4-YELLOW,1355,21
4-YELLOW,1356,22
4-YELLOW,1357,17
4-YELLOW,1358,21
4-YELLOW,1359,22
4-YELLOW,1360,25
4-YELLOW,1361,33
4-YELLOW,1362,22
4-YELLOW,1363,29
4-YELLOW,1364,23
4-YELLOW,1365,19
4-YELLOW,1366,24
4-YELLOW,1367,22
4-YELLOW,1368,18
4-YELLOW,1369,17
4-YELLOW,1370,25
4-YELLOW,1371,30
4-YELLOW,1372,31
4-YELLOW,1373,19
4-YELLOW,1374,23
4-YELLOW,1375,23
4-YELLOW,1376,14
4-YELLOW,1377,20
4-YELLOW,1378,20
4-YELLOW,1379,24
4-YELLOW,1380,22
4-YELLOW,1381,25
4-YELLOW,1382,17
4-YELLOW,1383,26
4-YELLOW,1384,28
4-YELLOW,1385,34
4-YELLOW,1386,31
4-YELLOW,1387,25
4-YELLOW,1388,28
4-YELLOW,1389,21
4-YELLOW,1390,27
4-YELLOW,1391,27
4-YELLOW,1392,13
4-YELLOW,1393,19
4-YELLOW,1394,18
4-YELLOW,1395,21
4-YELLOW,1396,26
4-YELLOW,1397,25
4-YELLOW,1398,25
4-YELLOW,1399,19
4-YELLOW,1400,16
4-YELLOW,1401,17
4-YELLOW,1402,26
4-YELLOW,1403,19
4-YELLOW,1404,16
4-YELLOW,1405,30
4-YELLOW,1406,19
4-YELLOW,1407,17
4-YELLOW,1408,16
4-YELLOW,1409,18
4-YELLOW,1410,18
4-YELLOW,1411,27
4-YELLOW,1412,20
4-YELLOW,1413,28
4-YELLOW,1414,19
4-YELLOW,1415,23
4-YELLOW,1416,19
4-YELLOW,1417,18
4-YELLOW,1418,30
4-YELLOW,1419,18
4-YELLOW,1420,30
4-YELLOW,1421,29
4-YELLOW,1422,21
4-YELLOW,1423,27
4-YELLOW,1424,25
4-YELLOW,1425,19
4-YELLOW,1426,18
4-YELLOW,1427,22
4-YELLOW,1428,29
4-YELLOW,1429,21
4-YELLOW,1430,24
4-YELLOW,1431,23
4-YELLOW,1432,23
4-YELLOW,1433,15
4-YELLOW,1434,22
4-YELLOW,1435,29
4-YELLOW,1436,13
4-YELLOW,1437,11
4-YELLOW,1438,17
4-YELLOW,1439,15
4-YELLOW,1440,18
4-YELLOW,1441,22
4-YELLOW,1442,19
4-YELLOW,1443,17
4-YELLOW,1444,22
4-YELLOW,1445,10
4-YELLOW,1446,18
4-YELLOW,1447,21
4-YELLOW,1448,27
4-YELLOW,1449,18
4-YELLOW,1450,24
4-YELLOW,1451,12
4-YELLOW,1452,22
4-YELLOW,1453,24
4-YELLOW,1454,16
4-YELLOW,1455,22
4-YELLOW,1456,25
4-YELLOW,1457,13
4-YELLOW,1458,23
4-YELLOW,1459,19
4-YELLOW,1460,21
4-YELLOW,1461,22
4-YELLOW,1462,27
4-YELLOW,1463,12
4-YELLOW,1464,20
4-YELLOW,1465,18
4-YELLOW,1466,19
4-YELLOW,1467,25
4-YELLOW,1468,19
4-YELLOW,1469,21
4-YELLOW,1470,25
4-YELLOW,1471,21
4-YELLOW,1472,22
4-YELLOW,1473,27
4-YELLOW,1474,21
4-YELLOW,1475,14
4-YELLOW,1476,15
4-YELLOW,1477,17
4-YELLOW,1478,25
4-YELLOW,1479,16
4-YELLOW,1480,14
4-YELLOW,1481,26
4-YELLOW,1482,20
4-YELLOW,1483,20
4-YELLOW,1484,25
4-YELLOW,1485,16
4-YELLOW,1486,24
4-YELLOW,1487,14
4-YELLOW,1488,20
4-YELLOW,1489,23
4-YELLOW,1490,25
4-YELLOW,1491,24
4-YELLOW,1492,23
4-YELLOW,1493,17
4-YELLOW,1494,23
4-YELLOW,1495,19
4-YELLOW,1496,15
4-YELLOW,1497,18
4-YELLOW,1498,20
4-YELLOW,1499,20
4-YELLOW,1500,26
4-YELLOW,1501,22
4-YELLOW,1502,19
4-YELLOW,1503,19
4-YELLOW,1504,19
4-YELLOW,1505,14
4-YELLOW,1506,20
4-YELLOW,1507,20
4-YELLOW,1508,19
4-YELLOW,1509,17
4-YELLOW,1510,24
4-YELLOW,1511,19
4-YELLOW,1512,23
4-YELLOW,1513,17
4-YELLOW,1514,22
4-YELLOW,1515,21
4-YELLOW,1516,24
4-YELLOW,1517,15
4-YELLOW,1518,15
4-YELLOW,1519,19
4-YELLOW,1520,26
4-YELLOW,1521,24
4-YELLOW,1522,27
4-YELLOW,1523,22
4-YELLOW,1524,18
4-YELLOW,1525,28
4-YELLOW,1526,25
4-YELLOW,1527,20
4-YELLOW,1528,15
4-YELLOW,1529,19
4-YELLOW,1530,14
4-YELLOW,1531,21
4-YELLOW,1532,27
4-YELLOW,1533,23
4-YELLOW,1534,30
4-YELLOW,1535,18
4-YELLOW,1536,25
4-YELLOW,1537,24
4-YELLOW,1538,17
4-YELLOW,1539,23
4-YELLOW,1540,16
4-YELLOW,1541,26
4-YELLOW,1542,15
4-YELLOW,1543,15
4-YELLOW,1544,23
4-YELLOW,1545,26
4-YELLOW,1546,17
4-YELLOW,1547,21
4-YELLOW,1548,25
4-YELLOW,1549,19
4-YELLOW,1550,11
4-YELLOW,1551,22
4-YELLOW,1552,12
4-YELLOW,1553,29
4-YELLOW,1554,23
4-YELLOW,1555,23
4-YELLOW,1556,19
4-YELLOW,1557,12
4-YELLOW,1558,21
4-YELLOW,1559,22
4-YELLOW,1560,19
4-YELLOW,1561,17
4-YELLOW,1562,25
4-YELLOW,1563,18
4-YELLOW,1564,24
4-YELLOW,1565,20
4-YELLOW,1566,22
4-YELLOW,1567,18
4-YELLOW,1568,21
4-YELLOW,1569,23
4-YELLOW,1570,23
4-YELLOW,1571,22
4-YELLOW,1572,27
4-YELLOW,1573,16
4-YELLOW,1574,20
4-YELLOW,1575,12
4-YELLOW,1576,21
4-YELLOW,1577,25
4-YELLOW,1578,12
4-YELLOW,1579,17
4-YELLOW,1580,20
4-YELLOW,1581,17
4-YELLOW,1582,21
4-YELLOW,1583,16
4-YELLOW,1584,18
4-YELLOW,1585,17
4-YELLOW,1586,11
4-YELLOW,1587,16
4-YELLOW,1588,15
4-YELLOW,1589,23
4-YELLOW,1590,13
4-YELLOW,1591,13
4-YELLOW,1592,13
4-YELLOW,1593,16
4-YELLOW,1594,26
4-YELLOW,1595,13
4-YELLOW,1596,19
4-YELLOW,1597,30
4-YELLOW,1598,17
4-YELLOW,1599,27
4-YELLOW,1600,21
4-YELLOW,1601,18
4-YELLOW,1602,19
4-YELLOW,1603,11
4-YELLOW,1604,14
4-YELLOW,1605,13
4-YELLOW,1606,20
4-YELLOW,1607,25
4-YELLOW,1608,15
4-YELLOW,1609,14
4-YELLOW,1610,27
4-YELLOW,1611,16
4-YELLOW,1612,11
4-YELLOW,1613,19
4-YELLOW,1614,20
4-YELLOW,1615,26
4-YELLOW,1616,17
4-YELLOW,1617,26
4-YELLOW,1618,13
4-YELLOW,1619,21
4-YELLOW,1620,10
4-YELLOW,1621,9
4-YELLOW,1622,22
4-YELLOW,1623,20
4-YELLOW,1624,22
4-YELLOW,1625,26
4-YELLOW,1626,15
4-YELLOW,1627,25
4-YELLOW,1628,17
4-YELLOW,1629,23
4-YELLOW,1630,16
4-YELLOW,1631,20
4-YELLOW,1632,15
4-YELLOW,1633,22
4-YELLOW,1634,23
4-YELLOW,1635,17
4-YELLOW,1636,17
4-YELLOW,1637,27
4-YELLOW,1638,14
4-YELLOW,1639,18
4-YELLOW,1640,14
4-YELLOW,1641,22
4-YELLOW,1642,19
4-YELLOW,1643,17
4-YELLOW,1644,15
4-YELLOW,1645,16
4-YELLOW,1646,10
4-YELLOW,1647,13
4-YELLOW,1648,13
4-YELLOW,1649,21
4-YELLOW,1650,18
4-YELLOW,1651,14
4-YELLOW,1652,11
4-YELLOW,1653,13
4-YELLOW,1654,19
4-YELLOW,1655,17
4-YELLOW,1656,10
4-YELLOW,1657,13
4-YELLOW,1658,20
4-YELLOW,1659,16
4-YELLOW,1660,27
4-YELLOW,1661,21
4-YELLOW,1662,20
4-YELLOW,1663,18
4-YELLOW,1664,12
4-YELLOW,1665,16
4-YELLOW,1666,11
4-YELLOW,1667,22
4-YELLOW,1668,16
4-YELLOW,1669,18
4-YELLOW,1670,19
4-YELLOW,1671,18
4-YELLOW,1672,14
4-YELLOW,1673,16
4-YELLOW,1674,21
4-YELLOW,1675,13
4-YELLOW,1676,18
4-YELLOW,1677,21
4-YELLOW,1678,18
4-YELLOW,1679,17
4-YELLOW,1680,14
4-YELLOW,1681,17
4-YELLOW,1682,19
4-YELLOW,1683,24
4-YELLOW,1684,15
4-YELLOW,1685,27
4-YELLOW,1686,16
4-YELLOW,1687,16
4-YELLOW,1688,14
4-YELLOW,1689,19
4-YELLOW,1690,20
4-YELLOW,1691,17
4-YELLOW,1692,17
4-YELLOW,1693,12
4-YELLOW,1694,15
4-YELLOW,1695,23
4-YELLOW,1696,18
4-YELLOW,1697,14
4-YELLOW,1698,18
4-YELLOW,1699,16
4-YELLOW,1700,20
4-YELLOW,1701,14
4-YELLOW,1702,19
4-YELLOW,1703,24
4-YELLOW,1704,21
4-YELLOW,1705,23
4-YELLOW,1706,8
4-YELLOW,1707,14
4-YELLOW,1708,24
4-YELLOW,1709,22
4-YELLOW,1710,18
4-YELLOW,1711,15
4-YELLOW,1712,20
4-YELLOW,1713,13
4-YELLOW,1714,17
4-YELLOW,1715,10
4-YELLOW,1716,21
4-YELLOW,1717,26
4-YELLOW,1718,14
4-YELLOW,1719,15
4-YELLOW,1720,21
4-YELLOW,1721,15
4-YELLOW,1722,19
4-YELLOW,1723,14
4-YELLOW,1724,13
4-YELLOW,1725,15
4-YELLOW,1726,22
4-YELLOW,1727,21
4-YELLOW,1728,16
4-YELLOW,1729,9
4-YELLOW,1730,21
4-YELLOW,1731,14
4-YELLOW,1732,11
4-YELLOW,1733,10
4-YELLOW,1734,18
4-YELLOW,1735,20
4-YELLOW,1736,25
4-YELLOW,1737,20
4-YELLOW,1738,23
4-YELLOW,1739,10
4-YELLOW,1740,25
4-YELLOW,1741,20
4-YELLOW,1742,16
4-YELLOW,1743,23
4-YELLOW,1744,19
4-YELLOW,1745,19
4-YELLOW,1746,13
4-YELLOW,1747,20
4-YELLOW,1748,18
4-YELLOW,1749,15
4-YELLOW,1750,15
4-YELLOW,1751,14
4-YELLOW,1752,17
4-YELLOW,1753,18
4-YELLOW,1754,11
4-YELLOW,1755,15
4-YELLOW,1756,16
4-YELLOW,1757,15
4-YELLOW,1758,19
4-YELLOW,1759,12
4-YELLOW,1760,12
4-YELLOW,1761,20
4-YELLOW,1762,16
4-YELLOW,1763,14
4-YELLOW,1764,13
4-YELLOW,1765,18
4-YELLOW,1766,20
4-YELLOW,1767,19
4-YELLOW,1768,18
4-YELLOW,1769,16
4-YELLOW,1770,19
4-YELLOW,1771,13
4-YELLOW,1772,13
4-YELLOW,1773,16
4-YELLOW,1774,21
4-YELLOW,1775,16
4-YELLOW,1776,19
4-YELLOW,1777,17
4-YELLOW,1778,13
4-YELLOW,1779,13
4-YELLOW,1780,12
4-YELLOW,1781,16
4-YELLOW,1782,14
4-YELLOW,1783,14
4-YELLOW,1784,15
4-YELLOW,1785,13
4-YELLOW,1786,14
4-YELLOW,1787,18
4-YELLOW,1788,17
4-YELLOW,1789,15
4-YELLOW,1790,21
4-YELLOW,1791,7
4-YELLOW,1792,12
4-YELLOW,1793,15
4-YELLOW,1794,12
4-YELLOW,1795,11
4-YELLOW,1796,16
4-YELLOW,1797,20
4-YELLOW,1798,12
4-YELLOW,1799,13
4-YELLOW,1800,14
4-YELLOW,1801,12
4-YELLOW,1802,13
4-YELLOW,1803,24
4-YELLOW,1804,8
4-YELLOW,1805,12
4-YELLOW,1806,21
4-YELLOW,1807,15
4-YELLOW,1808,12
4-YELLOW,1809,15
4-YELLOW,1810,7
4-YELLOW,1811,17
4-YELLOW,1812,13
4-YELLOW,1813,11
4-YELLOW,1814,15
4-YELLOW,1815,11
4-YELLOW,1816,19
4-YELLOW,1817,14
4-YELLOW,1818,17
4-YELLOW,1819,18
4-YELLOW,1820,25
4-YELLOW,1821,9
4-YELLOW,1822,14
4-YELLOW,1823,14
4-YELLOW,1824,13
4-YELLOW,1825,22
4-YELLOW,1826,14
4-YELLOW,1827,14
4-YELLOW,1828,20
4-YELLOW,1829,5
4-YELLOW,1830,16
4-YELLOW,1831,9
4-YELLOW,1832,18
4-YELLOW,1833,22
4-YELLOW,1834,22
4-YELLOW,1835,12
4-YELLOW,1836,11
4-YELLOW,1837,16
4-YELLOW,1838,24
4-YELLOW,1839,14
4-YELLOW,1840,19
4-YELLOW,1841,13
4-YELLOW,1842,17
4-YELLOW,1843,16
4-YELLOW,1844,18
4-YELLOW,1845,12
4-YELLOW,1846,16
4-YELLOW,1847,9
4-YELLOW,1848,10
4-YELLOW,1849,15
4-YELLOW,1850,15
4-YELLOW,1851,17
4-YELLOW,1852,16
4-YELLOW,1853,17
4-YELLOW,1854,7
4-YELLOW,1855,22
4-YELLOW,1856,19
4-YELLOW,1857,12
4-YELLOW,1858,24
4-YELLOW,1859,12
4-YELLOW,1860,15
4-YELLOW,1861,12
4-YELLOW,1862,16
4-YELLOW,1863,14
4-YELLOW,1864,14
4-YELLOW,1865,16
4-YELLOW,1866,13
4-YELLOW,1867,13
4-YELLOW,1868,13
4-YELLOW,1869,9
4-YELLOW,1870,19
4-YELLOW,1871,18
4-YELLOW,1872,19
4-YELLOW,1873,17
4-YELLOW,1874,15
4-YELLOW,1875,21
4-YELLOW,1876,14
4-YELLOW,1877,13
4-YELLOW,1878,14
4-YELLOW,1879,15
4-YELLOW,1880,15
4-YELLOW,1881,19
4-YELLOW,1882,18
4-YELLOW,1883,14
4-YELLOW,1884,13
4-YELLOW,1885,12
4-YELLOW,1886,20
4-YELLOW,1887,13
4-YELLOW,1888,8
4-YELLOW,1889,10
4-YELLOW,1890,6
4-YELLOW,1891,16
4-YELLOW,1892,14
4-YELLOW,1893,11
4-YELLOW,1894,21
4-YELLOW,1895,16
4-YELLOW,1896,14
4-YELLOW,1897,14
4-YELLOW,1898,21
4-YELLOW,1899,17
4-YELLOW,1900,13
4-YELLOW,1901,15
4-YELLOW,1902,14
4-YELLOW,1903,15
4-YELLOW,1904,14
4-YELLOW,1905,14
4-YELLOW,1906,13
4-YELLOW,1907,16
4-YELLOW,1908,14
4-YELLOW,1909,15
4-YELLOW,1910,19
4-YELLOW,1911,15
4-YELLOW,1912,22
4-YELLOW,1913,15
4-YELLOW,1914,10
4-YELLOW,1915,11
4-YELLOW,1916,20
4-YELLOW,1917,14
4-YELLOW,1918,13
4-YELLOW,1919,17
4-YELLOW,1920,8
4-YELLOW,1921,12
4-YELLOW,1922,5
4-YELLOW,1923,13
4-YELLOW,1924,13
4-YELLOW,1925,12
4-YELLOW,1926,13
4-YELLOW,1927,9
4-YELLOW,1928,13
4-YELLOW,1929,12
4-YELLOW,1930,13
4-YELLOW,1931,16
4-YELLOW,1932,13
4-YELLOW,1933,19
4-YELLOW,1934,17
4-YELLOW,1935,15
4-YELLOW,1936,10
4-YELLOW,1937,8
4-YELLOW,1938,9
4-YELLOW,1939,15
4-YELLOW,1940,17
4-YELLOW,1941,13
4-YELLOW,1942,11
4-YELLOW,1943,11
4-YELLOW,1944,10
4-YELLOW,1945,14
4-YELLOW,1946,14
4-YELLOW,1947,13
4-YELLOW,1948,12
4-YELLOW,1949,13
4-YELLOW,1950,11
4-YELLOW,1951,15
4-YELLOW,1952,11
4-YELLOW,1953,12
4-YELLOW,1954,10
4-YELLOW,1955,10
4-YELLOW,1956,10
4-YELLOW,1957,15
4-YELLOW,1958,10
4-YELLOW,1959,19
4-YELLOW,1960,13
4-YELLOW,1961,17
4-YELLOW,1962,13
4-YELLOW,1963,14
4-YELLOW,1964,14
4-YELLOW,1965,7
4-YELLOW,1966,7
4-YELLOW,1967,16
4-YELLOW,1968,15
4-YELLOW,1969,14
4-YELLOW,1970,15
4-YELLOW,1971,15
4-YELLOW,1972,21
4-YELLOW,1973,9
4-YELLOW,1974,12
4-YELLOW,1975,16
4-YELLOW,1976,6
4-YELLOW,1977,16
4-YELLOW,1978,10
4-YELLOW,1979,10
4-YELLOW,1980,7
4-YELLOW,1981,15
4-YELLOW,1982,17
4-YELLOW,1983,16
4-YELLOW,1984,20
4-YELLOW,1985,14
4-YELLOW,1986,14
4-YELLOW,1987,11
4-YELLOW,1988,12
4-YELLOW,1989,11
4-YELLOW,1990,18
4-YELLOW,1991,13
4-YELLOW,1992,16
4-YELLOW,1993,10
4-YELLOW,1994,8
4-YELLOW,1995,12
4-YELLOW,1996,17
4-YELLOW,1997,13
4-YELLOW,1998,10
4-YELLOW,1999,20
4-YELLOW,2000,13
4-YELLOW,2001,18
4-YELLOW,2002,17
4-YELLOW,2003,15
4-YELLOW,2004,9
4-YELLOW,2005,15
4-YELLOW,2006,7
4-YELLOW,2007,17
4-YELLOW,2008,19
4-YELLOW,2009,10
4-YELLOW,2010,8
4-YELLOW,2011,13
4-YELLOW,2012,13
4-YELLOW,2013,9
4-YELLOW,2014,13
4-YELLOW,2015,18
4-YELLOW,2016,9
4-YELLOW,2017,15
4-YELLOW,2018,10
4-YELLOW,2019,7
4-YELLOW,2020,14
4-YELLOW,2021,15
4-YELLOW,2022,12
4-YELLOW,2023,9
4-YELLOW,2024,16
4-YELLOW,2025,13
4-YELLOW,2026,4
4-YELLOW,2027,11
4-YELLOW,2028,15
4-YELLOW,2029,12
4-YELLOW,2030,16
4-YELLOW,2031,10
4-YELLOW,2032,18
4-YELLOW,2033,10
4-YELLOW,2034,13
4-YELLOW,2035,8
4-YELLOW,2036,12
4-YELLOW,2037,14
4-YELLOW,2038,15
4-YELLOW,2039,12
4-YELLOW,2040,13
4-YELLOW,2041,15
4-YELLOW,2042,15
4-YELLOW,2043,10
4-YELLOW,2044,8
4-YELLOW,2045,9
4-YELLOW,2046,22
4-YELLOW,2047,7
4-YELLOW,2048,15
4-YELLOW,2049,10
4-YELLOW,2050,10
4-YELLOW,2051,8
4-YELLOW,2052,14
4-YELLOW,2053,7
4-YELLOW,2054,9
4-YELLOW,2055,14
4-YELLOW,2056,21
4-YELLOW,2057,9
4-YELLOW,2058,11
4-YELLOW,2059,16
4-YELLOW,2060,11
4-YELLOW,2061,12
4-YELLOW,2062,11
4-YELLOW,2063,8
4-YELLOW,2064,3
4-YELLOW,2065,15
4-YELLOW,2066,7
4-YELLOW,2067,13
4-YELLOW,2068,11
4-YELLOW,2069,6
4-YELLOW,2070,10
4-YELLOW,2071,14
4-YELLOW,2072,11
4-YELLOW,2073,13
4-YELLOW,2074,10
4-YELLOW,2075,14
4-YELLOW,2076,11
4-YELLOW,2077,13
4-YELLOW,2078,16
4-YELLOW,2079,16
4-YELLOW,2080,9
4-YELLOW,2081,11
4-YELLOW,2082,11
4-YELLOW,2083,11
4-YELLOW,2084,12
4-YELLOW,2085,11
4-YELLOW,2086,19
4-YELLOW,2087,10
4-YELLOW,2088,22
4-YELLOW,2089,13
4-YELLOW,2090,12
4-YELLOW,2091,14
4-YELLOW,2092,14
4-YELLOW,2093,14
4-YELLOW,2094,8
4-YELLOW,2095,13
4-YELLOW,2096,10
4-YELLOW,2097,8
4-YELLOW,2098,12
4-YELLOW,2099,8
4-YELLOW,2100,13
4-YELLOW,2101,11
4-YELLOW,2102,10
4-YELLOW,2103,14
4-YELLOW,2104,8
4-YELLOW,2105,13
4-YELLOW,2106,14
4-YELLOW,2107,12
4-YELLOW,2108,10
4-YELLOW,2109,12
4-YELLOW,2110,8
4-YELLOW,2111,7
4-YELLOW,2112,12
4-YELLOW,2113,17
4-YELLOW,2114,12
4-YELLOW,2115,12
4-YELLOW,2116,13
4-YELLOW,2117,9
4-YELLOW,2118,13
4-YELLOW,2119,8
4-YELLOW,2120,18
4-YELLOW,2121,9
4-YELLOW,2122,10
4-YELLOW,2123,16
4-YELLOW,2124,14
4-YELLOW,2125,7
4-YELLOW,2126,8
4-YELLOW,2127,13
4-YELLOW,2128,12
4-YELLOW,2129,15
4-YELLOW,2130,10
4-YELLOW,2131,9
4-YELLOW,2132,12
4-YELLOW,2133,6
4-YELLOW,2134,15
4-YELLOW,2135,11
4-YELLOW,2136,10
4-YELLOW,2137,11
4-YELLOW,2138,12
4-YELLOW,2139,12
4-YELLOW,2140,13
4-YELLOW,2141,10
4-YELLOW,2142,16
4-YELLOW,2143,14
4-YELLOW,2144,17
4-YELLOW,2145,10
4-YELLOW,2146,8
4-YELLOW,2147,6
4-YELLOW,2148,12
4-YELLOW,2149,8
4-YELLOW,2150,11
4-YELLOW,2151,7
4-YELLOW,2152,9
4-YELLOW,2153,9
4-YELLOW,2154,12
4-YELLOW,2155,17
4-YELLOW,2156,7
4-YELLOW,2157,16
4-YELLOW,2158,10
4-YELLOW,2159,16
4-YELLOW,2160,18
4-YELLOW,2161,15
4-YELLOW,2162,12
4-YELLOW,2163,11
4-YELLOW,2164,6
4-YELLOW,2165,9
4-YELLOW,2166,14
4-YELLOW,2167,8
4-YELLOW,2168,11
4-YELLOW,2169,12
4-YELLOW,2170,13
4-YELLOW,2171,10
4-YELLOW,2172,18
4-YELLOW,2173,16
4-YELLOW,2174,12
4-YELLOW,2175,5
4-YELLOW,2176,9
4-YELLOW,2177,17
4-YELLOW,2178,14
4-YELLOW,2179,5
4-YELLOW,2180,10
4-YELLOW,2181,14
4-YELLOW,2182,5
4-YELLOW,2183,13
4-YELLOW,2184,9
4-YELLOW,2185,7
4-YELLOW,2186,10
4-YELLOW,2187,13
4-YELLOW,2188,17
4-YELLOW,2189,7
4-YELLOW,2190,10
4-YELLOW,2191,8
4-YELLOW,2192,8
4-YELLOW,2193,9
4-YELLOW,2194,11
4-YELLOW,2195,7
4-YELLOW,2196,13
4-YELLOW,2197,13
4-YELLOW,2198,15
4-YELLOW,2199,9
4-YELLOW,2200,6
4-YELLOW,2201,14
4-YELLOW,2202,8
4-YELLOW,2203,15
4-YELLOW,2204,6
4-YELLOW,2205,11
4-YELLOW,2206,10
4-YELLOW,2207,14
4-YELLOW,2208,10
4-YELLOW,2209,3
4-YELLOW,2210,11
4-YELLOW,2211,8
4-YELLOW,2212,13
4-YELLOW,2213,12
4-YELLOW,2214,12
4-YELLOW,2215,10
4-YELLOW,2216,11
4-YELLOW,2217,14
4-YELLOW,2218,9
4-YELLOW,2219,9
4-YELLOW,2220,9
4-YELLOW,2221,7
4-YELLOW,2222,10
4-YELLOW,2223,11
4-YELLOW,2224,7
4-YELLOW,2225,17
4-YELLOW,2226,6
4-YELLOW,2227,14
4-YELLOW,2228,9
4-YELLOW,2229,11
4-YELLOW,2230,8
4-YELLOW,2231,14
4-YELLOW,2232,5
4-YELLOW,2233,22
4-YELLOW,2234,10
4-YELLOW,2235,7
4-YELLOW,2236,12
4-YELLOW,2237,8
4-YELLOW,2238,13
4-YELLOW,2239,9
4-YELLOW,2240,16
4-YELLOW,2241,8
4-YELLOW,2242,10
4-YELLOW,2243,13
4-YELLOW,2244,8
4-YELLOW,2245,12
4-YELLOW,2246,9
4-YELLOW,2247,8
4-YELLOW,2248,5
4-YELLOW,2249,13
4-YELLOW,2250,10
4-YELLOW,2251,10
4-YELLOW,2252,14
4-YELLOW,2253,11
4-YELLOW,2254,16
4-YELLOW,2255,7
4-YELLOW,2256,8
4-YELLOW,2257,6
4-YELLOW,2258,9
4-YELLOW,2259,16
4-YELLOW,2260,14
4-YELLOW,2261,9
4-YELLOW,2262,12
4-YELLOW,2263,16
4-YELLOW,2264,8
4-YELLOW,2265,13
4-YELLOW,2266,16
4-YELLOW,2267,8
4-YELLOW,2268,9
4-YELLOW,2269,16
4-YELLOW,2270,3
4-YELLOW,2271,9
4-YELLOW,2272,11
4-YELLOW,2273,9
4-YELLOW,2274,7
4-YELLOW,2275,14
4-YELLOW,2276,14
4-YELLOW,2277,13
4-YELLOW,2278,7
4-YELLOW,2279,10
4-YELLOW,2280,18
4-YELLOW,2281,7
4-YELLOW,2282,11
4-YELLOW,2283,12
4-YELLOW,2284,3
4-YELLOW,2285,8
4-YELLOW,2286,12
4-YELLOW,2287,5
4-YELLOW,2288,14
4-YELLOW,2289,7
4-YELLOW,2290,8
4-YELLOW,2291,18
4-YELLOW,2292,10
4-YELLOW,2293,10
4-YELLOW,2294,13
4-YELLOW,2295,9
4-YELLOW,2296,16
4-YELLOW,2297,7
4-YELLOW,2298,13
4-YELLOW,2299,10
4-YELLOW,2300,6
4-YELLOW,2301,14
4-YELLOW,2302,13
4-YELLOW,2303,9
4-YELLOW,2304,13
4-YELLOW,2305,10
4-YELLOW,2306,12
4-YELLOW,2307,14
4-YELLOW,2308,11
4-YELLOW,2309,8
4-YELLOW,2310,7
4-YELLOW,2311,14
4-YELLOW,2312,8
4-YELLOW,2313,9
4-YELLOW,2314,12
4-YELLOW,2315,11
4-YELLOW,2316,9
4-YELLOW,2317,5
4-YELLOW,2318,13
4-YELLOW,2319,16
4-YELLOW,2320,10
4-YELLOW,2321,8
4-YELLOW,2322,9
4-YELLOW,2323,9
4-YELLOW,2324,9
4-YELLOW,2325,7
4-YELLOW,2326,11
4-YELLOW,2327,11
4-YELLOW,2328,6
4-YELLOW,2329,6
4-YELLOW,2330,4
4-YELLOW,2331,11
4-YELLOW,2332,12
4-YELLOW,2333,7
4-YELLOW,2334,13
4-YELLOW,2335,4
4-YELLOW,2336,13
4-YELLOW,2337,10
4-YELLOW,2338,13
4-YELLOW,2339,6
4-YELLOW,2340,12
4-YELLOW,2341,8
4-YELLOW,2342,12
4-YELLOW,2343,11
4-YELLOW,2344,14
4-YELLOW,2345,8
4-YELLOW,2346,8
4-YELLOW,2347,7
4-YELLOW,2348,11
4-YELLOW,2349,7
4-YELLOW,2350,10
4-YELLOW,2351,9
4-YELLOW,2352,8
4-YELLOW,2353,15
4-YELLOW,2354,8
4-YELLOW,2355,7
4-YELLOW,2356,11
4-YELLOW,2357,6
4-YELLOW,2358,11
4-YELLOW,2359,16
4-YELLOW,2360,14
4-YELLOW,2361,6
4-YELLOW,2362,10
4-YELLOW,2363,7
4-YELLOW,2364,9
4-YELLOW,2365,6
4-YELLOW,2366,8
4-YELLOW,2367,7
4-YELLOW,2368,11
4-YELLOW,2369,8
4-YELLOW,2370,8
4-YELLOW,2371,16
4-YELLOW,2372,6
4-YELLOW,2373,11
4-YELLOW,2374,11
4-YELLOW,2375,14
4-YELLOW,2376,6
4-YELLOW,2377,6
4-YELLOW,2378,8
4-YELLOW,2379,9
4-YELLOW,2380,9
4-YELLOW,2381,11
4-YELLOW,2382,11
4-YELLOW,2383,18
4-YELLOW,2384,8
4-YELLOW,2385,11
4-YELLOW,2386,10
4-YELLOW,2387,6
4-YELLOW,2388,6
4-YELLOW,2389,10
4-YELLOW,2390,10
4-YELLOW,2391,12
4-YELLOW,2392,12
4-YELLOW,2393,14
4-YELLOW,2394,8
4-YELLOW,2395,11
4-YELLOW,2396,13
4-YELLOW,2397,13
4-YELLOW,2398,10
4-YELLOW,2399,9
4-YELLOW,2400,13
4-YELLOW,2401,6
4-YELLOW,2402,10
4-YELLOW,2403,7
4-YELLOW,2404,10
4-YELLOW,2405,8
4-YELLOW,2406,7
4-YELLOW,2407,10
4-YELLOW,2408,11
4-YELLOW,2409,6
4-YELLOW,2410,11
4-YELLOW,2411,9
4-YELLOW,2412,7
4-YELLOW,2413,13
4-YELLOW,2414,7
4-YELLOW,2415,11
4-YELLOW,2416,9
4-YELLOW,2417,8
4-YELLOW,2418,12
4-YELLOW,2419,9
4-YELLOW,2420,10
4-YELLOW,2421,8
4-YELLOW,2422,11
4-YELLOW,2423,9
4-YELLOW,2424,17
4-YELLOW,2425,6
4-YELLOW,2426,4
4-YELLOW,2427,6
4-YELLOW,2428,8
4-YELLOW,2429,17
4-YELLOW,2430,10
4-YELLOW,2431,7
4-YELLOW,2432,11
4-YELLOW,2433,7
4-YELLOW,2434,10
4-YELLOW,2435,12
4-YELLOW,2436,8
4-YELLOW,2437,10
4-YELLOW,2438,5
4-YELLOW,2439,13
4-YELLOW,2440,12
4-YELLOW,2441,14
4-YELLOW,2442,7
4-YELLOW,2443,9
4-YELLOW,2444,14
4-YELLOW,2445,8
4-YELLOW,2446,13
4-YELLOW,2447,9
4-YELLOW,2448,7
4-YELLOW,2449,11
4-YELLOW,2450,14
4-YELLOW,2451,3
4-YELLOW,2452,10
4-YELLOW,2453,6
4-YELLOW,2454,15
4-YELLOW,2455,7
4-YELLOW,2456,11
4-YELLOW,2457,7
4-YELLOW,2458,14
4-YELLOW,2459,9
4-YELLOW,2460,8
4-YELLOW,2461,12
4-YELLOW,2462,12
4-YELLOW,2463,10
4-YELLOW,2464,9
4-YELLOW,2465,8
4-YELLOW,2466,5
4-YELLOW,2467,8
4-YELLOW,2468,6
4-YELLOW,2469,9
4-YELLOW,2470,6
4-YELLOW,2471,6
4-YELLOW,2472,4
4-YELLOW,2473,7
4-YELLOW,2474,9
4-YELLOW,2475,10
4-YELLOW,2476,7
4-YELLOW,2477,12
4-YELLOW,2478,10
4-YELLOW,2479,10
4-YELLOW,2480,8
4-YELLOW,2481,8
4-YELLOW,2482,10
4-YELLOW,2483,14
4-YELLOW,2484,15
4-YELLOW,2485,11
4-YELLOW,2486,5
4-YELLOW,2487,4
4-YELLOW,2488,13
4-YELLOW,2489,4
4-YELLOW,2490,9
4-YELLOW,2491,9
4-YELLOW,2492,8
4-YELLOW,2493,10
4-YELLOW,2494,16
4-YELLOW,2495,6
4-YELLOW,2496,7
4-YELLOW,2497,11
4-YELLOW,2498,6
4-YELLOW,2499,9
4-YELLOW,2500,10
4-YELLOW,2501,8
4-YELLOW,2502,7
4-YELLOW,2503,8
4-YELLOW,2504,6
4-YELLOW,2505,11
4-YELLOW,2506,11
4-YELLOW,2507,9
4-YELLOW,2508,2
4-YELLOW,2509,8
4-YELLOW,2510,13
4-YELLOW,2511,11
4-YELLOW,2512,11
4-YELLOW,2513,7
4-YELLOW,2514,10
4-YELLOW,2515,7
4-YELLOW,2516,14
4-YELLOW,2517,13
4-YELLOW,2518,6
4-YELLOW,2519,8
4-YELLOW,2520,11
4-YELLOW,2521,6
4-YELLOW,2522,10
4-YELLOW,2523,6
4-YELLOW,2524,7
4-YELLOW,2525,9
4-YELLOW,2526,9
4-YELLOW,2527,8
4-YELLOW,2528,12
4-YELLOW,2529,11
4-YELLOW,2530,7
4-YELLOW,2531,12
4-YELLOW,2532,10
4-YELLOW,2533,5
4-YELLOW,2534,11
4-YELLOW,2535,15
4-YELLOW,2536,10
4-YELLOW,2537,6
4-YELLOW,2538,7
4-YELLOW,2539,13
4-YELLOW,2540,9
4-YELLOW,2541,7
4-YELLOW,2542,4
4-YELLOW,2543,4
4-YELLOW,2544,6
4-YELLOW,2545,7
4-YELLOW,2546,4
4-YELLOW,2547,5
4-YELLOW,2548,4
4-YELLOW,2549,8
4-YELLOW,2550,8
4-YELLOW,2551,10
4-YELLOW,2552,8
4-YELLOW,2553,7
4-YELLOW,2554,17
4-YELLOW,2555,10
4-YELLOW,2556,10
4-YELLOW,2557,12
4-YELLOW,2558,10
4-YELLOW,2559,9
4-YELLOW,2560,12
4-YELLOW,2561,12
4-YELLOW,2562,9
4-YELLOW,2563,10
4-YELLOW,2564,9
4-YELLOW,2565,10
4-YELLOW,2566,10
4-YELLOW,2567,11
4-YELLOW,2568,10
4-YELLOW,2569,6
4-YELLOW,2570,12
4-YELLOW,2571,7
4-YELLOW,2572,8
4-YELLOW,2573,3
4-YELLOW,2574,4
4-YELLOW,2575,7
4-YELLOW,2576,7
4-YELLOW,2577,16
4-YELLOW,2578,7
4-YELLOW,2579,9
4-YELLOW,2580,11
4-YELLOW,2581,11
4-YELLOW,2582,8
4-YELLOW,2583,8
4-YELLOW,2584,12
4-YELLOW,2585,10
4-YELLOW,2586,15
4-YELLOW,2587,13
4-YELLOW,2588,12
4-YELLOW,2589,7
4-YELLOW,2590,12
4-YELLOW,2591,5
4-YELLOW,2592,4
4-YELLOW,2593,8
4-YELLOW,2594,6
4-YELLOW,2595,6
4-YELLOW,2596,11
4-YELLOW,2597,7
4-YELLOW,2598,13
4-YELLOW,2599,4
4-YELLOW,2600,4
4-YELLOW,2601,12
4-YELLOW,2602,9
4-YELLOW,2603,7
4-YELLOW,2604,6
4-YELLOW,2605,7
4-YELLOW,2606,13
4-YELLOW,2607,6
4-YELLOW,2608,10
4-YELLOW,2609,12
4-YELLOW,2610,7
4-YELLOW,2611,5
4-YELLOW,2612,12
4-YELLOW,2613,9
4-YELLOW,2614,3
4-YELLOW,2615,6
4-YELLOW,2616,11
4-YELLOW,2617,7
4-YELLOW,2618,9
4-YELLOW,2619,7
4-YELLOW,2620,5
4-YELLOW,2621,10
4-YELLOW,2622,10
4-YELLOW,2623,7
4-YELLOW,2624,6
4-YELLOW,2625,10
4-YELLOW,2626,8
4-YELLOW,2627,10
4-YELLOW,2628,12
4-YELLOW,2629,5
4-YELLOW,2630,8
4-YELLOW,2631,10
4-YELLOW,2632,7
4-YELLOW,2633,6
4-YELLOW,2634,7
4-YELLOW,2635,11
4-YELLOW,2636,9
4-YELLOW,2637,14
4-YELLOW,2638,6
4-YELLOW,2639,8
4-YELLOW,2640,10
4-YELLOW,2641,13
4-YELLOW,2642,12
4-YELLOW,2643,12
4-YELLOW,2644,7
4-YELLOW,2645,13
4-YELLOW,2646,6
4-YELLOW,2647,6
4-YELLOW,2648,14
4-YELLOW,2649,5
4-YELLOW,2650,19
4-YELLOW,2651,9
4-YELLOW,2652,9
4-YELLOW,2653,10
4-YELLOW,2654,8
4-YELLOW,2655,9
4-YELLOW,2656,10
4-YELLOW,2657,17
4-YELLOW,2658,7
4-YELLOW,2659,8
4-YELLOW,2660,7
4-YELLOW,2661,10
4-YELLOW,2662,6
4-YELLOW,2663,16
4-YELLOW,2664,6
4-YELLOW,2665,7
4-YELLOW,2666,9
4-YELLOW,2667,13
4-YELLOW,2668,5
4-YELLOW,2669,11
4-YELLOW,2670,13
4-YELLOW,2671,8
4-YELLOW,2672,6
4-YELLOW,2673,9
4-YELLOW,2674,7
4-YELLOW,2675,8
4-YELLOW,2676,10
4-YELLOW,2677,8
4-YELLOW,2678,9
4-YELLOW,2679,10
4-YELLOW,2680,3
4-YELLOW,2681,12
4-YELLOW,2682,6
4-YELLOW,2683,5
4-YELLOW,2684,11
4-YELLOW,2685,6
4-YELLOW,2686,13
4-YELLOW,2687,9
4-YELLOW,2688,2
4-YELLOW,2689,4
4-YELLOW,2690,7
4-YELLOW,2691,5
4-YELLOW,2692,5
4-YELLOW,2693,6
4-YELLOW,2694,12
4-YELLOW,2695,8
4-YELLOW,2696,10
4-YELLOW,2697,9
4-YELLOW,2698,5
4-YELLOW,2699,8
4-YELLOW,2700,12
4-YELLOW,2701,8
4-YELLOW,2702,8
4-YELLOW,2703,11
4-YELLOW,2704,5
4-YELLOW,2705,5
4-YELLOW,2706,6
4-YELLOW,2707,2
4-YELLOW,2708,8
4-YELLOW,2709,3
4-YELLOW,2710,7
4-YELLOW,2711,8
4-YELLOW,2712,3
4-YELLOW,2713,7
4-YELLOW,2714,12
4-YELLOW,2715,4
4-YELLOW,2716,7
4-YELLOW,2717,6
4-YELLOW,2718,10
4-YELLOW,2719,5
4-YELLOW,2720,7
4-YELLOW,2721,7
4-YELLOW,2722,4
4-YELLOW,2723,10
4-YELLOW,2724,9
4-YELLOW,2725,2
4-YELLOW,2726,5
4-YELLOW,2727,3
4-YELLOW,2728,2
4-YELLOW,2729,8
4-YELLOW,2730,9
4-YELLOW,2731,9
4-YELLOW,2732,6
4-YELLOW,2733,12
4-YELLOW,2734,13
4-YELLOW,2735,8
4-YELLOW,2736,17
4-YELLOW,2737,10
4-YELLOW,2738,5
4-YELLOW,2739,7
4-YELLOW,2740,6
4-YELLOW,2741,10
4-YELLOW,2742,8
4-YELLOW,2743,8
4-YELLOW,2744,8
4-YELLOW,2745,10
4-YELLOW,2746,5
4-YELLOW,2747,7
4-YELLOW,2748,9
4-YELLOW,2749,3
4-YELLOW,2750,7
4-YELLOW,2751,9
4-YELLOW,2752,8
4-YELLOW,2753,8
4-YELLOW,2754,4
4-YELLOW,2755,9
4-YELLOW,2756,6
4-YELLOW,2757,7
4-YELLOW,2758,4
4-YELLOW,2759,8
4-YELLOW,2760,4
4-YELLOW,2761,11
4-YELLOW,2762,9
4-YELLOW,2763,5
4-YELLOW,2764,1
4-YELLOW,2765,2
4-YELLOW,2766,8
4-YELLOW,2767,8
4-YELLOW,2768,10
4-YELLOW,2769,10
4-YELLOW,2770,10
4-YELLOW,2771,8
4-YELLOW,2772,10
4-YELLOW,2773,8
4-YELLOW,2774,7
4-YELLOW,2775,8
4-YELLOW,2776,8
4-YELLOW,2777,6
4-YELLOW,2778,6
4-YELLOW,2779,11
4-YELLOW,2780,5
4-YELLOW,2781,5
4-YELLOW,2782,11
4-YELLOW,2783,7
4-YELLOW,2784,9
4-YELLOW,2785,7
4-YELLOW,2786,8
4-YELLOW,2787,5
4-YELLOW,2788,7
4-YELLOW,2789,9
4-YELLOW,2790,5
4-YELLOW,2791,9
4-YELLOW,2792,10
4-YELLOW,2793,10
4-YELLOW,2794,9
4-YELLOW,2795,10
4-YELLOW,2796,4
4-YELLOW,2797,8
4-YELLOW,2798,8
4-YELLOW,2799,9
4-YELLOW,2800,5
4-YELLOW,2801,3
4-YELLOW,2802,3
4-YELLOW,2803,7
4-YELLOW,2804,11
4-YELLOW,2805,6
4-YELLOW,2806,9
4-YELLOW,2807,8
4-YELLOW,2808,6
4-YELLOW,2809,6
4-YELLOW,2810,8
4-YELLOW,2811,9
4-YELLOW,2812,11
4-YELLOW,2813,11
4-YELLOW,2814,7
4-YELLOW,2815,10
4-YELLOW,2816,6
4-YELLOW,2817,8
4-YELLOW,2818,5
4-YELLOW,2819,9
4-YELLOW,2820,7
4-YELLOW,2821,8
4-YELLOW,2822,7
4-YELLOW,2823,4
4-YELLOW,2824,5
4-YELLOW,2825,7
4-YELLOW,2826,10
4-YELLOW,2827,7
4-YELLOW,2828,5
4-YELLOW,2829,10
4-YELLOW,2830,4
4-YELLOW,2831,4
4-YELLOW,2832,7
4-YELLOW,2833,6
4-YELLOW,2834,6
4-YELLOW,2835,11
4-YELLOW,2836,7
4-YELLOW,2837,10
4-YELLOW,2838,6
4-YELLOW,2839,4
4-YELLOW,2840,3
4-YELLOW,2841,9
4-YELLOW,2842,8
4-YELLOW,2843,5
4-YELLOW,2844,4
4-YELLOW,2845,10
4-YELLOW,2846,11
4-YELLOW,2847,8
4-YELLOW,2848,7
4-YELLOW,2849,11
4-YELLOW,2850,12
4-YELLOW,2851,4
4-YELLOW,2852,5
4-YELLOW,2853,8
4-YELLOW,2854,6
4-YELLOW,2855,6
4-YELLOW,2856,1
4-YELLOW,2857,6
4-YELLOW,2858,7
4-YELLOW,2859,11
4-YELLOW,2860,2
4-YELLOW,2861,5
4-YELLOW,2862,11
4-YELLOW,2863,2
4-YELLOW,2864,10
4-YELLOW,2865,10
4-YELLOW,2866,10
4-YELLOW,2867,3
4-YELLOW,2868,6
4-YELLOW,2869,9
4-YELLOW,2870,10
4-YELLOW,2871,5
4-YELLOW,2872,9
4-YELLOW,2873,6
4-YELLOW,2874,6
4-YELLOW,2875,7
4-YELLOW,2876,3
4-YELLOW,2877,6
4-YELLOW,2878,7
4-YELLOW,2879,5
4-YELLOW,2880,8
4-YELLOW,2881,7
4-YELLOW,2882,6
4-YELLOW,2883,2
4-YELLOW,2884,3
4-YELLOW,2885,8
4-YELLOW,2886,6
4-YELLOW,2887,7
4-YELLOW,2888,5
4-YELLOW,2889,9
4-YELLOW,2890,6
4-YELLOW,2891,11
4-YELLOW,2892,8
4-YELLOW,2893,5
4-YELLOW,2894,10
4-YELLOW,2895,4
4-YELLOW,2896,8
4-YELLOW,2897,14
4-YELLOW,2898,8
4-YELLOW,2899,9
4-YELLOW,2900,7
4-YELLOW,2901,3
4-YELLOW,2902,4
4-YELLOW,2903,10
4-YELLOW,2904,11
4-YELLOW,2905,9
4-YELLOW,2906,12
4-YELLOW,2907,5
4-YELLOW,2908,4
4-YELLOW,2909,6
4-YELLOW,2910,4
4-YELLOW,2911,8
4-YELLOW,2912,7
4-YELLOW,2913,7
4-YELLOW,2914,5
4-YELLOW,2915,4
4-YELLOW,2916,8
4-YELLOW,2917,8
4-YELLOW,2918,8
4-YELLOW,2919,8
4-YELLOW,2920,7
4-YELLOW,2921,11
4-YELLOW,2922,8
4-YELLOW,2923,4
4-YELLOW,2924,6
4-YELLOW,2925,9
4-YELLOW,2926,6
4-YELLOW,2927,7
4-YELLOW,2928,4
4-YELLOW,2929,6
4-YELLOW,2930,7
4-YELLOW,2931,10
4-YELLOW,2932,4
4-YELLOW,2933,5
4-YELLOW,2934,7
4-YELLOW,2935,7
4-YELLOW,2936,10
4-YELLOW,2937,4
4-YELLOW,2938,9
4-YELLOW,2939,3
4-YELLOW,2940,10
4-YELLOW,2941,4
4-YELLOW,2942,6
4-YELLOW,2943,8
4-YELLOW,2944,2
4-YELLOW,2945,12
4-YELLOW,2946,13
4-YELLOW,2947,7
4-YELLOW,2948,7
4-YELLOW,2949,2
4-YELLOW,2950,5
4-YELLOW,2951,11
4-YELLOW,2952,7
4-YELLOW,2953,7
4-YELLOW,2954,8
4-YELLOW,2955,6
4-YELLOW,2956,7
4-YELLOW,2957,10
4-YELLOW,2958,13
4-YELLOW,2959,7
4-YELLOW,2960,8
4-YELLOW,2961,5
4-YELLOW,2962,5
4-YELLOW,2963,4
4-YELLOW,2964,8
4-YELLOW,2965,7
4-YELLOW,2966,5
4-YELLOW,2967,8
4-YELLOW,2968,14
4-YELLOW,2969,7
4-YELLOW,2970,6
4-YELLOW,2971,6
4-YELLOW,2972,10
4-YELLOW,2973,7
4-YELLOW,2974,11
4-YELLOW,2975,6
4-YELLOW,2976,6
4-YELLOW,2977,7
4-YELLOW,2978,7
4-YELLOW,2979,10
4-YELLOW,2980,4
4-YELLOW,2981,6
4-YELLOW,2982,10
4-YELLOW,2983,8
4-YELLOW,2984,4
4-YELLOW,2985,5
4-YELLOW,2986,4
4-YELLOW,2987,5
4-YELLOW,2988,8
4-YELLOW,2989,8
4-YELLOW,2990,6
4-YELLOW,2991,3
4-YELLOW,2992,5
4-YELLOW,2993,5
4-YELLOW,2994,10
4-YELLOW,2995,8
4-YELLOW,2996,10
4-YELLOW,2997,7
4-YELLOW,2998,8
4-YELLOW,2999,5
4-YELLOW,3000,5
4-YELLOW,3001,9
4-YELLOW,3002,8
4-YELLOW,3003,8
4-YELLOW,3004,7
4-YELLOW,3005,9
4-YELLOW,3006,4
4-YELLOW,3007,7
4-YELLOW,3008,7
4-YELLOW,3009,8
4-YELLOW,3010,7
4-YELLOW,3011,2
4-YELLOW,3012,8
4-YELLOW,3013,8
4-YELLOW,3014,8
4-YELLOW,3015,4
4-YELLOW,3016,7
4-YELLOW,3017,6
4-YELLOW,3018,2
4-YELLOW,3019,7
4-YELLOW,3020,7
4-YELLOW,3021,5
4-YELLOW,3022,6
4-YELLOW,3023,5
4-YELLOW,3024,3
4-YELLOW,3025,8
4-YELLOW,3026,9
4-YELLOW,3027,12
4-YELLOW,3028,6
4-YELLOW,3029,5
4-YELLOW,3030,6
4-YELLOW,3031,3
4-YELLOW,3032,6
4-YELLOW,3033,3
4-YELLOW,3034,4
4-YELLOW,3035,4
4-YELLOW,3036,6
4-YELLOW,3037,4
4-YELLOW,3038,8
4-YELLOW,3039,10
4-YELLOW,3040,9
4-YELLOW,3041,5
4-YELLOW,3042,6
4-YELLOW,3043,9
4-YELLOW,3044,6
4-YELLOW,3045,7
4-YELLOW,3046,7
4-YELLOW,3047,7
4-YELLOW,3048,5
4-YELLOW,3049,8
4-YELLOW,3050,9
4-YELLOW,3051,6
4-YELLOW,3052,4
4-YELLOW,3053,11
4-YELLOW,3054,5
4-YELLOW,3055,4
4-YELLOW,3056,7
4-YELLOW,3057,13
4-YELLOW,3058,7
4-YELLOW,3059,9
4-YELLOW,3060,1
4-YELLOW,3061,9
4-YELLOW,3062,7
4-YELLOW,3063,8
4-YELLOW,3064,8
4-YELLOW,3065,5
4-YELLOW,3066,6
4-YELLOW,3067,6
4-YELLOW,3068,7
4-YELLOW,3069,6
4-YELLOW,3070,7
4-YELLOW,3071,4
4-YELLOW,3072,7
4-YELLOW,3073,11
4-YELLOW,3074,4
4-YELLOW,3075,7
4-YELLOW,3076,4
4-YELLOW,3077,9
4-YELLOW,3078,8
4-YELLOW,3079,4
4-YELLOW,3080,6
4-YELLOW,3081,4
4-YELLOW,3082,4
4-YELLOW,3083,4
4-YELLOW,3084,8
4-YELLOW,3085,7
4-YELLOW,3086,10
4-YELLOW,3087,10
4-YELLOW,3088,9
4-YELLOW,3089,8
4-YELLOW,3090,9
4-YELLOW,3091,8
4-YELLOW,3092,3
4-YELLOW,3093,6
4-YELLOW,3094,5
4-YELLOW,3095,3
4-YELLOW,3096,2
4-YELLOW,3097,6
4-YELLOW,3098,6
4-YELLOW,3099,6
4-YELLOW,3100,8
4-YELLOW,3101,3
4-YELLOW,3102,6
4-YELLOW,3103,7
4-YELLOW,3104,3
4-YELLOW,3105,2
4-YELLOW,3106,10
4-YELLOW,3107,7
4-YELLOW,3108,2
4-YELLOW,3109,2
4-YELLOW,3110,8
4-YELLOW,3111,3
4-YELLOW,3112,7
4-YELLOW,3113,6
4-YELLOW,3114,8
4-YELLOW,3115,3
4-YELLOW,3116,5
4-YELLOW,3117,8
4-YELLOW,3118,2
4-YELLOW,3119,7
4-YELLOW,3120,7
4-YELLOW,3121,5
4-YELLOW,3122,8
4-YELLOW,3123,5
4-YELLOW,3124,10
4-YELLOW,3125,13
4-YELLOW,3126,13
4-YELLOW,3127,4
4-YELLOW,3128,8
4-YELLOW,3129,7
4-YELLOW,3130,10
4-YELLOW,3131,8
4-YELLOW,3132,11
4-YELLOW,3133,4
4-YELLOW,3134,5
4-YELLOW,3135,9
4-YELLOW,3136,7
4-YELLOW,3137,2
4-YELLOW,3138,6
4-YELLOW,3139,7
4-YELLOW,3140,3
4-YELLOW,3141,5
4-YELLOW,3142,6
4-YELLOW,3143,5
4-YELLOW,3144,6
4-YELLOW,3145,8
4-YELLOW,3146,8
4-YELLOW,3147,5
4-YELLOW,3148,6
4-YELLOW,3149,2
4-YELLOW,3150,8
4-YELLOW,3151,9
4-YELLOW,3152,3
4-YELLOW,3153,5
4-YELLOW,3154,6
4-YELLOW,3155,5
4-YELLOW,3156,10
4-YELLOW,3157,3
4-YELLOW,3158,7
4-YELLOW,3159,6
4-YELLOW,3160,5
4-YELLOW,3161,3
4-YELLOW,3162,5
4-YELLOW,3163,6
4-YELLOW,3164,5
4-YELLOW,3165,5
4-YELLOW,3166,8
4-YELLOW,3167,3
4-YELLOW,3168,6
4-YELLOW,3169,3
4-YELLOW,3171,3
4-YELLOW,3172,5
4-YELLOW,3173,7
4-YELLOW,3174,9
4-YELLOW,3175,3
4-YELLOW,3176,9
4-YELLOW,3177,3
4-YELLOW,3178,4
4-YELLOW,3179,6
4-YELLOW,3180,10
4-YELLOW,3181,8
4-YELLOW,3182,5
4-YELLOW,3183,2
4-YELLOW,3184,6
4-YELLOW,3185,2
4-YELLOW,3186,6
4-YELLOW,3187,9
4-YELLOW,3188,7
4-YELLOW,3189,7
4-YELLOW,3190,4
4-YELLOW,3191,5
4-YELLOW,3192,6
4-YELLOW,3193,5
4-YELLOW,3194,6
4-YELLOW,3195,6
4-YELLOW,3196,3
4-YELLOW,3197,5
4-YELLOW,3198,6
4-YELLOW,3199,4
4-YELLOW,3200,8
4-YELLOW,3201,9
4-YELLOW,3202,8
4-YELLOW,3203,8
4-YELLOW,3204,5
4-YELLOW,3205,9
4-YELLOW,3206,11
4-YELLOW,3207,6
4-YELLOW,3208,4
4-YELLOW,3209,5
4-YELLOW,3210,6
4-YELLOW,3211,5
4-YELLOW,3212,4
4-YELLOW,3213,5
4-YELLOW,3214,4
4-YELLOW,3215,5
4-YELLOW,3216,6
4-YELLOW,3217,7
4-YELLOW,3218,6
4-YELLOW,3219,3
4-YELLOW,3220,5
4-YELLOW,3221,4
4-YELLOW,3222,10
4-YELLOW,3223,6
4-YELLOW,3224,5
4-YELLOW,3225,10
4-YELLOW,3226,6
4-YELLOW,3227,2
4-YELLOW,3228,5
4-YELLOW,3229,5
4-YELLOW,3230,7
4-YELLOW,3231,7
4-YELLOW,3232,2
4-YELLOW,3233,2
4-YELLOW,3234,9
4-YELLOW,3235,8
4-YELLOW,3236,7
4-YELLOW,3237,12
4-YELLOW,3238,8
4-YELLOW,3239,4
4-YELLOW,3240,9
4-YELLOW,3241,5
4-YELLOW,3242,7
4-YELLOW,3243,5
4-YELLOW,3244,6
4-YELLOW,3245,7
4-YELLOW,3246,6
4-YELLOW,3247,8
4-YELLOW,3248,3
4-YELLOW,3249,11
4-YELLOW,3250,5
4-YELLOW,3251,4
4-YELLOW,3252,4
4-YELLOW,3253,5
4-YELLOW,3254,7
4-YELLOW,3255,4
4-YELLOW,3256,5
4-YELLOW,3257,7
4-YELLOW,3258,2
4-YELLOW,3259,9
4-YELLOW,3260,5
4-YELLOW,3261,3
4-YELLOW,3262,5
4-YELLOW,3263,7
4-YELLOW,3264,4
4-YELLOW,3265,7
4-YELLOW,3266,2
4-YELLOW,3267,13
4-YELLOW,3268,8
4-YELLOW,3269,6
4-YELLOW,3270,4
4-YELLOW,3271,6
4-YELLOW,3272,2
4-YELLOW,3273,7
4-YELLOW,3274,1
4-YELLOW,3275,5
4-YELLOW,3276,9
4-YELLOW,3277,4
4-YELLOW,3278,5
4-YELLOW,3279,5
4-YELLOW,3280,6
4-YELLOW,3281,9
4-YELLOW,3282,7
4-YELLOW,3283,4
4-YELLOW,3284,7
4-YELLOW,3285,4
4-YELLOW,3286,2
4-YELLOW,3287,4
4-YELLOW,3288,2
4-YELLOW,3289,11
4-YELLOW,3290,5
4-YELLOW,3291,5
4-YELLOW,3292,2
4-YELLOW,3293,8
4-YELLOW,3294,3
4-YELLOW,3295,1
4-YELLOW,3296,4
4-YELLOW,3297,6
4-YELLOW,3298,1
4-YELLOW,3299,4
4-YELLOW,3300,6
4-YELLOW,3301,6
4-YELLOW,3302,9
4-YELLOW,3303,3
4-YELLOW,3304,7
4-YELLOW,3305,4
4-YELLOW,3306,6
4-YELLOW,3307,6
4-YELLOW,3308,2
4-YELLOW,3309,4
4-YELLOW,3310,1
4-YELLOW,3311,2
4-YELLOW,3312,7
4-YELLOW,3313,6
4-YELLOW,3314,1
4-YELLOW,3315,5
4-YELLOW,3316,8
4-YELLOW,3317,4
4-YELLOW,3318,6
4-YELLOW,3319,1
4-YELLOW,3320,11
4-YELLOW,3321,9
4-YELLOW,3322,6
4-YELLOW,3323,7
4-YELLOW,3324,4
4-YELLOW,3325,9
4-YELLOW,3326,5
4-YELLOW,3327,6
4-YELLOW,3328,6
4-YELLOW,3329,3
4-YELLOW,3330,3
4-YELLOW,3331,7
4-YELLOW,3332,4
4-YELLOW,3333,6
4-YELLOW,3334,9
4-YELLOW,3335,3
4-YELLOW,3336,3
4-YELLOW,3337,5
4-YELLOW,3338,8
4-YELLOW,3339,9
4-YELLOW,3340,5
4-YELLOW,3341,8
4-YELLOW,3342,2
4-YELLOW,3343,7
4-YELLOW,3344,9
4-YELLOW,3345,10
4-YELLOW,3346,4
4-YELLOW,3347,6
4-YELLOW,3348,6
4-YELLOW,3349,7
4-YELLOW,3350,4
4-YELLOW,3351,7
4-YELLOW,3352,6
4-YELLOW,3353,3
4-YELLOW,3354,5
4-YELLOW,3355,3
4-YELLOW,3356,8
4-YELLOW,3357,7
4-YELLOW,3358,12
4-YELLOW,3359,4
4-YELLOW,3360,7
4-YELLOW,3361,9
4-YELLOW,3362,6
4-YELLOW,3363,5
4-YELLOW,3364,5
4-YELLOW,3365,5
4-YELLOW,3366,6
4-YELLOW,3367,4
4-YELLOW,3368,9
4-YELLOW,3369,9
4-YELLOW,3370,7
4-YELLOW,3371,6
4-YELLOW,3372,6
4-YELLOW,3373,5
4-YELLOW,3374,10
4-YELLOW,3375,5
4-YELLOW,3376,6
4-YELLOW,3377,11
4-YELLOW,3378,3
4-YELLOW,3379,5
4-YELLOW,3380,4
4-YELLOW,3381,10
4-YELLOW,3382,3
4-YELLOW,3383,7
4-YELLOW,3384,5
4-YELLOW,3385,6
4-YELLOW,3386,5
4-YELLOW,3387,2
4-YELLOW,3388,4
4-YELLOW,3389,4
4-YELLOW,3390,5
4-YELLOW,3391,2
4-YELLOW,3392,8
4-YELLOW,3393,4
4-YELLOW,3394,8
4-YELLOW,3395,7
4-YELLOW,3396,3
4-YELLOW,3397,2
4-YELLOW,3398,4
4-YELLOW,3399,7
4-YELLOW,3400,4
4-YELLOW,3401,3
4-YELLOW,3402,7
4-YELLOW,3403,9
4-YELLOW,3404,4
4-YELLOW,3405,3
4-YELLOW,3406,11
4-YELLOW,3407,6
4-YELLOW,3408,4
4-YELLOW,3409,5
4-YELLOW,3410,6
4-YELLOW,3411,7
4-YELLOW,3412,3
4-YELLOW,3413,2
4-YELLOW,3414,5
4-YELLOW,3415,5
4-YELLOW,3416,4
4-YELLOW,3417,3
4-YELLOW,3418,5
4-YELLOW,3419,7
4-YELLOW,3420,3
4-YELLOW,3421,3
4-YELLOW,3422,4
4-YELLOW,3423,3
4-YELLOW,3424,9
4-YELLOW,3425,10
4-YELLOW,3426,4
4-YELLOW,3427,6
4-YELLOW,3428,5
4-YELLOW,3429,3
4-YELLOW,3430,3
4-YELLOW,3431,7
4-YELLOW,3432,5
4-YELLOW,3433,6
4-YELLOW,3434,6
4-YELLOW,3435,3
4-YELLOW,3436,3
4-YELLOW,3437,2
4-YELLOW,3438,3
4-YELLOW,3439,2
4-YELLOW,3440,11
4-YELLOW,3441,3
4-YELLOW,3442,5
4-YELLOW,3443,3
4-YELLOW,3444,8
4-YELLOW,3445,5
4-YELLOW,3446,2
4-YELLOW,3447,6
4-YELLOW,3448,7
4-YELLOW,3449,4
4-YELLOW,3450,3
4-YELLOW,3451,3
4-YELLOW,3452,5
4-YELLOW,3453,5
4-YELLOW,3454,1
4-YELLOW,3455,6
4-YELLOW,3456,11
4-YELLOW,3457,3
4-YELLOW,3458,2
4-YELLOW,3459,4
4-YELLOW,3460,5
4-YELLOW,3461,4
4-YELLOW,3462,4
4-YELLOW,3463,4
4-YELLOW,3464,4
4-YELLOW,3465,4
4-YELLOW,3466,4
4-YELLOW,3467,4
4-YELLOW,3468,3
4-YELLOW,3469,9
4-YELLOW,3470,2
4-YELLOW,3471,2
4-YELLOW,3472,5
4-YELLOW,3473,8
4-YELLOW,3474,3
4-YELLOW,3475,6
4-YELLOW,3476,5
4-YELLOW,3477,4
4-YELLOW,3478,5
4-YELLOW,3479,5
4-YELLOW,3480,5
4-YELLOW,3481,4
4-YELLOW,3482,4
4-YELLOW,3483,2
4-YELLOW,3484,3
4-YELLOW,3485,7
4-YELLOW,3486,4
4-YELLOW,3487,3
4-YELLOW,3488,5
4-YELLOW,3489,4
4-YELLOW,3490,3
4-YELLOW,3491,7
4-YELLOW,3492,5
4-YELLOW,3493,7
4-YELLOW,3494,7
4-YELLOW,3495,9
4-YELLOW,3496,9
4-YELLOW,3497,9
4-YELLOW,3498,7
4-YELLOW,3499,7
4-YELLOW,3500,7
4-YELLOW,3501,4
4-YELLOW,3502,4
4-YELLOW,3503,1
4-YELLOW,3504,2
4-YELLOW,3505,4
4-YELLOW,3506,4
4-YELLOW,3507,8
4-YELLOW,3508,7
4-YELLOW,3509,5
4-YELLOW,3510,7
4-YELLOW,3511,5
4-YELLOW,3512,3
4-YELLOW,3513,7
4-YELLOW,3514,1
4-YELLOW,3515,2
4-YELLOW,3516,6
4-YELLOW,3517,6
4-YELLOW,3518,3
4-YELLOW,3519,2
4-YELLOW,3520,2
4-YELLOW,3521,4
4-YELLOW,3522,4
4-YELLOW,3523,2
4-YELLOW,3524,6
4-YELLOW,3525,6
4-YELLOW,3526,3
4-YELLOW,3527,2
4-YELLOW,3528,3
4-YELLOW,3529,6
4-YELLOW,3530,6
4-YELLOW,3531,3
4-YELLOW,3532,4
4-YELLOW,3533,3
4-YELLOW,3534,3
4-YELLOW,3535,7
4-YELLOW,3536,7
4-YELLOW,3537,5
4-YELLOW,3538,7
4-YELLOW,3539,7
4-YELLOW,3540,7
4-YELLOW,3541,6
4-YELLOW,3542,5
4-YELLOW,3543,4
4-YELLOW,3544,8
4-YELLOW,3545,1
4-YELLOW,3547,5
4-YELLOW,3548,4
4-YELLOW,3549,1
4-YELLOW,3550,2
4-YELLOW,3551,1
4-YELLOW,3552,5
4-YELLOW,3553,11
4-YELLOW,3554,7
4-YELLOW,3555,12
4-YELLOW,3556,2
4-YELLOW,3557,9
4-YELLOW,3558,3
4-YELLOW,3559,3
4-YELLOW,3560,2
4-YELLOW,3561,7
4-YELLOW,3562,4
4-YELLOW,3563,2
4-YELLOW,3564,5
4-YELLOW,3565,2
4-YELLOW,3566,3
4-YELLOW,3567,3
4-YELLOW,3568,5
4-YELLOW,3569,7
4-YELLOW,3570,6
4-YELLOW,3571,5
4-YELLOW,3572,5
4-YELLOW,3573,9
4-YELLOW,3574,5
4-YELLOW,3575,7
4-YELLOW,3576,4
4-YELLOW,3577,5
4-YELLOW,3578,8
4-YELLOW,3579,3
4-YELLOW,3580,4
4-YELLOW,3581,3
4-YELLOW,3582,6
4-YELLOW,3583,3
4-YELLOW,3584,3
4-YELLOW,3585,3
4-YELLOW,3586,4
4-YELLOW,3587,1
4-YELLOW,3588,7
4-YELLOW,3589,2
4-YELLOW,3590,4
4-YELLOW,3591,5
4-YELLOW,3592,2
4-YELLOW,3593,5
4-YELLOW,3594,4
4-YELLOW,3595,6
4-YELLOW,3596,4
4-YELLOW,3597,6
4-YELLOW,3598,6
4-YELLOW,3599,4
4-YELLOW,3600,8
4-YELLOW,3601,3
4-YELLOW,3602,3
4-YELLOW,3603,6
4-YELLOW,3604,9
4-YELLOW,3605,3
4-YELLOW,3606,9
4-YELLOW,3607,5
4-YELLOW,3608,3
4-YELLOW,3609,2
4-YELLOW,3610,6
4-YELLOW,3611,5
4-YELLOW,3612,1
4-YELLOW,3613,3
4-YELLOW,3614,3
4-YELLOW,3615,2
4-YELLOW,3616,7
4-YELLOW,3617,12
4-YELLOW,3618,6
4-YELLOW,3619,1
4-YELLOW,3620,2
4-YELLOW,3621,10
4-YELLOW,3622,3
4-YELLOW,3623,4
4-YELLOW,3624,3
4-YELLOW,3625,3
4-YELLOW,3626,5
4-YELLOW,3627,6
4-YELLOW,3628,4
4-YELLOW,3629,2
4-YELLOW,3630,6
4-YELLOW,3631,5
4-YELLOW,3632,4
4-YELLOW,3633,8
4-YELLOW,3634,5
4-YELLOW,3635,5
4-YELLOW,3636,5
4-YELLOW,3637,5
4-YELLOW,3638,9
4-YELLOW,3639,4
4-YELLOW,3640,7
4-YELLOW,3641,11
4-YELLOW,3642,10
4-YELLOW,3643,4
4-YELLOW,3644,2
4-YELLOW,3645,5
4-YELLOW,3646,5
4-YELLOW,3647,6
4-YELLOW,3648,6
4-YELLOW,3649,3
4-YELLOW,3650,2
4-YELLOW,3651,4
4-YELLOW,3652,2
4-YELLOW,3653,4
4-YELLOW,3654,8
4-YELLOW,3655,4
4-YELLOW,3656,7
4-YELLOW,3657,3
4-YELLOW,3658,4
4-YELLOW,3659,6
4-YELLOW,3660,3
4-YELLOW,3661,4
4-YELLOW,3662,5
4-YELLOW,3663,1
4-YELLOW,3664,1
4-YELLOW,3665,3
4-YELLOW,3666,5
4-YELLOW,3667,5
4-YELLOW,3668,2
4-YELLOW,3669,1
4-YELLOW,3670,5
4-YELLOW,3671,5
4-YELLOW,3672,4
4-YELLOW,3673,9
4-YELLOW,3674,4
4-YELLOW,3675,5
4-YELLOW,3676,4
4-YELLOW,3677,3
4-YELLOW,3678,2
4-YELLOW,3679,3
4-YELLOW,3680,7
4-YELLOW,3681,4
4-YELLOW,3682,3
4-YELLOW,3683,4
4-YELLOW,3684,6
4-YELLOW,3685,3
4-YELLOW,3686,2
4-YELLOW,3687,5
4-YELLOW,3688,2
4-YELLOW,3689,6
4-YELLOW,3690,4
4-YELLOW,3691,2
4-YELLOW,3692,6
4-YELLOW,3693,1
4-YELLOW,3694,5
4-YELLOW,3695,3
4-YELLOW,3696,7
4-YELLOW,3697,6
4-YELLOW,3698,2
4-YELLOW,3699,5
4-YELLOW,3700,7
4-YELLOW,3701,3
4-YELLOW,3702,4
4-YELLOW,3703,6
4-YELLOW,3704,4
4-YELLOW,3705,4
4-YELLOW,3706,6
4-YELLOW,3707,4
4-YELLOW,3708,5
4-YELLOW,3709,9
4-YELLOW,3710,4
4-YELLOW,3711,5
4-YELLOW,3712,2
4-YELLOW,3713,4
4-YELLOW,3714,2
4-YELLOW,3715,3
4-YELLOW,3717,5
4-YELLOW,3718,3
4-YELLOW,3719,2
4-YELLOW,3720,6
4-YELLOW,3721,5
4-YELLOW,3722,5
4-YELLOW,3723,4
4-YELLOW,3724,6
4-YELLOW,3725,2
4-YELLOW,3726,5
4-YELLOW,3727,5
4-YELLOW,3728,2
4-YELLOW,3729,4
4-YELLOW,3730,1
4-YELLOW,3731,3
4-YELLOW,3732,1
4-YELLOW,3733,7
4-YELLOW,3734,6
4-YELLOW,3735,4
4-YELLOW,3736,1
4-YELLOW,3737,4
4-YELLOW,3738,4
4-YELLOW,3739,1
4-YELLOW,3740,7
4-YELLOW,3741,6
4-YELLOW,3742,4
4-YELLOW,3743,3
4-YELLOW,3744,2
4-YELLOW,3745,7
4-YELLOW,3746,7
4-YELLOW,3747,9
4-YELLOW,3748,6
4-YELLOW,3749,7
4-YELLOW,3750,4
4-YELLOW,3751,12
4-YELLOW,3752,7
4-YELLOW,3753,3
4-YELLOW,3754,6
4-YELLOW,3755,4
4-YELLOW,3756,3
4-YELLOW,3757,3
4-YELLOW,3758,6
4-YELLOW,3759,4
4-YELLOW,3760,3
4-YELLOW,3761,4
4-YELLOW,3762,3
4-YELLOW,3763,2
4-YELLOW,3764,5
4-YELLOW,3765,2
4-YELLOW,3766,3
4-YELLOW,3767,3
4-YELLOW,3768,4
4-YELLOW,3769,6
4-YELLOW,3770,6
4-YELLOW,3771,3
4-YELLOW,3772,4
4-YELLOW,3773,3
4-YELLOW,3774,3
4-YELLOW,3775,6
4-YELLOW,3776,2
4-YELLOW,3777,6
4-YELLOW,3778,3
4-YELLOW,3779,6
4-YELLOW,3780,5
4-YELLOW,3781,2
4-YELLOW,3782,1
4-YELLOW,3783,3
4-YELLOW,3784,2
4-YELLOW,3785,5
4-YELLOW,3786,6
4-YELLOW,3787,3
4-YELLOW,3788,3
4-YELLOW,3789,5
4-YELLOW,3790,4
4-YELLOW,3791,5
4-YELLOW,3792,2
4-YELLOW,3793,4
4-YELLOW,3794,2
4-YELLOW,3795,6
4-YELLOW,3796,8
4-YELLOW,3797,4
4-YELLOW,3798,5
4-YELLOW,3799,8
4-YELLOW,3800,8
4-YELLOW,3801,2
4-YELLOW,3802,5
4-YELLOW,3803,7
4-YELLOW,3804,6
4-YELLOW,3805,1
4-YELLOW,3806,2
4-YELLOW,3807,2
4-YELLOW,3808,6
4-YELLOW,3809,4
4-YELLOW,3810,4
4-YELLOW,3811,7
4-YELLOW,3812,3
4-YELLOW,3813,4
4-YELLOW,3814,2
4-YELLOW,3815,1
4-YELLOW,3816,6
4-YELLOW,3817,4
4-YELLOW,3818,4
4-YELLOW,3819,6
4-YELLOW,3820,2
4-YELLOW,3821,3
4-YELLOW,3822,4
4-YELLOW,3823,5
4-YELLOW,3824,3
4-YELLOW,3825,5
4-YELLOW,3826,9
4-YELLOW,3827,4
4-YELLOW,3828,8
4-YELLOW,3829,3
4-YELLOW,3830,5
4-YELLOW,3831,4
4-YELLOW,3832,9
4-YELLOW,3833,1
4-YELLOW,3834,3
4-YELLOW,3835,2
4-YELLOW,3836,3
4-YELLOW,3837,4
4-YELLOW,3838,6
4-YELLOW,3839,3
4-YELLOW,3840,2
4-YELLOW,3841,3
4-YELLOW,3842,3
4-YELLOW,3843,5
4-YELLOW,3844,2
4-YELLOW,3845,6
4-YELLOW,3846,4
4-YELLOW,3847,8
4-YELLOW,3848,3
4-YELLOW,3849,5
4-YELLOW,3850,5
4-YELLOW,3851,4
4-YELLOW,3852,4
4-YELLOW,3853,4
4-YELLOW,3854,4
4-YELLOW,3855,9
4-YELLOW,3856,1
4-YELLOW,3857,5
4-YELLOW,3858,2
4-YELLOW,3859,8
4-YELLOW,3860,2
4-YELLOW,3861,1
4-YELLOW,3862,6
4-YELLOW,3863,7
4-YELLOW,3864,5
4-YELLOW,3865,5
4-YELLOW,3866,2
4-YELLOW,3867,4
4-YELLOW,3868,4
4-YELLOW,3869,2
4-YELLOW,3870,5
4-YELLOW,3871,4
4-YELLOW,3872,2
4-YELLOW,3873,4
4-YELLOW,3874,6
4-YELLOW,3875,3
4-YELLOW,3876,7
4-YELLOW,3877,1
4-YELLOW,3879,1
4-YELLOW,3880,5
4-YELLOW,3881,5
4-YELLOW,3882,3
4-YELLOW,3883,8
4-YELLOW,3884,3
4-YELLOW,3885,7
4-YELLOW,3886,3
4-YELLOW,3887,2
4-YELLOW,3888,3
4-YELLOW,3889,4
4-YELLOW,3890,3
4-YELLOW,3891,3
4-YELLOW,3892,3
4-YELLOW,3893,2
4-YELLOW,3894,2
4-YELLOW,3895,6
4-YELLOW,3896,5
4-YELLOW,3897,7
4-YELLOW,3898,3
4-YELLOW,3899,1
4-YELLOW,3900,5
4-YELLOW,3901,4
4-YELLOW,3902,4
4-YELLOW,3903,4
4-YELLOW,3904,6
4-YELLOW,3905,5
4-YELLOW,3906,7
4-YELLOW,3907,2
4-YELLOW,3908,1
4-YELLOW,3909,4
4-YELLOW,3910,4
4-YELLOW,3911,2
4-YELLOW,3912,3
4-YELLOW,3913,3
4-YELLOW,3914,4
4-YELLOW,3915,4
4-YELLOW,3916,4
4-YELLOW,3917,8
4-YELLOW,3918,5
4-YELLOW,3919,5
4-YELLOW,3920,6
4-YELLOW,3921,7
4-YELLOW,3922,3
4-YELLOW,3923,3
4-YELLOW,3924,5
4-YELLOW,3925,2
4-YELLOW,3926,2
4-YELLOW,3927,4
4-YELLOW,3928,4
4-YELLOW,3929,10
4-YELLOW,3930,4
4-YELLOW,3931,4
4-YELLOW,3932,5
4-YELLOW,3933,2
4-YELLOW,3934,5
4-YELLOW,3935,3
4-YELLOW,3936,1
4-YELLOW,3937,3
4-YELLOW,3938,6
4-YELLOW,3939,4
4-YELLOW,3940,4
4-YELLOW,3941,2
4-YELLOW,3942,5
4-YELLOW,3943,7
4-YELLOW,3944,7
4-YELLOW,3945,4
4-YELLOW,3946,3
4-YELLOW,3947,6
4-YELLOW,3948,6
4-YELLOW,3949,1
4-YELLOW,3950,5
4-YELLOW,3951,4
4-YELLOW,3952,4
4-YELLOW,3953,4
4-YELLOW,3954,4
4-YELLOW,3955,2
4-YELLOW,3956,6
4-YELLOW,3957,2
4-YELLOW,3958,8
4-YELLOW,3959,4
4-YELLOW,3960,4
4-YELLOW,3961,5
4-YELLOW,3962,4
4-YELLOW,3963,6
4-YELLOW,3964,1
4-YELLOW,3965,5
4-YELLOW,3966,8
4-YELLOW,3967,2
4-YELLOW,3968,4
4-YELLOW,3969,3
4-YELLOW,3970,1
4-YELLOW,3971,2
4-YELLOW,3972,6
4-YELLOW,3973,3
4-YELLOW,3974,4
4-YELLOW,3975,4
4-YELLOW,3976,4
4-YELLOW,3977,4
4-YELLOW,3978,5
4-YELLOW,3979,1
4-YELLOW,3980,4
4-YELLOW,3981,3
4-YELLOW,3982,4
4-YELLOW,3983,4
4-YELLOW,3984,2
4-YELLOW,3985,6
4-YELLOW,3986,3
4-YELLOW,3987,3
4-YELLOW,3988,1
4-YELLOW,3989,3
4-YELLOW,3990,1
4-YELLOW,3991,5
4-YELLOW,3992,3
4-YELLOW,3993,3
4-YELLOW,3994,3
4-YELLOW,3995,4
4-YELLOW,3996,4
4-YELLOW,3997,3
4-YELLOW,3998,6
4-YELLOW,3999,7
4-YELLOW,4000,6
4-YELLOW,4001,3
4-YELLOW,4002,3
4-YELLOW,4003,3
4-YELLOW,4004,7
4-YELLOW,4005,2
4-YELLOW,4006,6
4-YELLOW,4007,7
4-YELLOW,4008,4
4-YELLOW,4009,2
4-YELLOW,4010,3
4-YELLOW,4011,4
4-YELLOW,4012,2
4-YELLOW,4013,4
4-YELLOW,4014,2
4-YELLOW,4015,3
4-YELLOW,4016,4
4-YELLOW,4017,4
4-YELLOW,4018,5
4-YELLOW,4019,1
4-YELLOW,4020,2
4-YELLOW,4021,4
4-YELLOW,4022,5
4-YELLOW,4023,4
4-YELLOW,4024,2
4-YELLOW,4025,3
4-YELLOW,4026,4
4-YELLOW,4027,3
4-YELLOW,4028,3
4-YELLOW,4029,5
4-YELLOW,4030,8
4-YELLOW,4031,2
4-YELLOW,4032,6
4-YELLOW,4033,3
4-YELLOW,4034,10
4-YELLOW,4035,3
4-YELLOW,4036,5
4-YELLOW,4037,5
4-YELLOW,4038,5
4-YELLOW,4039,7
4-YELLOW,4040,2
4-YELLOW,4041,5
4-YELLOW,4042,5
4-YELLOW,4043,4
4-YELLOW,4044,7
4-YELLOW,4045,5
4-YELLOW,4046,3
4-YELLOW,4047,1
4-YELLOW,4048,5
4-YELLOW,4049,2
4-YELLOW,4050,3
4-YELLOW,4051,1
4-YELLOW,4052,4
4-YELLOW,4053,5
4-YELLOW,4054,5
4-YELLOW,4055,3
4-YELLOW,4056,2
4-YELLOW,4057,3
4-YELLOW,4058,5
4-YELLOW,4059,1
4-YELLOW,4060,5
4-YELLOW,4061,2
4-YELLOW,4062,2
4-YELLOW,4063,5
4-YELLOW,4064,3
4-YELLOW,4065,6
4-YELLOW,4066,1
4-YELLOW,4067,4
4-YELLOW,4068,1
4-YELLOW,4070,3
4-YELLOW,4071,1
4-YELLOW,4072,2
4-YELLOW,4073,5
4-YELLOW,4074,4
4-YELLOW,4075,5
4-YELLOW,4076,4
4-YELLOW,4077,1
4-YELLOW,4078,3
4-YELLOW,4079,4
4-YELLOW,4080,1
4-YELLOW,4081,3
4-YELLOW,4082,4
4-YELLOW,4083,4
4-YELLOW,4084,4
4-YELLOW,4085,2
4-YELLOW,4086,5
4-YELLOW,4087,2
4-YELLOW,4088,4
4-YELLOW,4089,5
4-YELLOW,4090,6
4-YELLOW,4091,4
4-YELLOW,4092,2
4-YELLOW,4093,7
4-YELLOW,4094,9
4-YELLOW,4095,2
4-YELLOW,4096,4
4-YELLOW,4097,3
4-YELLOW,4098,7
4-YELLOW,4099,4
4-YELLOW,4100,5
4-YELLOW,4101,1
4-YELLOW,4102,2
4-YELLOW,4103,2
4-YELLOW,4104,4
4-YELLOW,4105,3
4-YELLOW,4106,2
4-YELLOW,4107,3
4-YELLOW,4108,2
4-YELLOW,4109,4
4-YELLOW,4110,6
4-YELLOW,4111,2
4-YELLOW,4112,3
4-YELLOW,4113,7
4-YELLOW,4114,1
4-YELLOW,4115,4
4-YELLOW,4116,3
4-YELLOW,4117,3
4-YELLOW,4118,3
4-YELLOW,4119,5
4-YELLOW,4120,6
4-YELLOW,4121,3
4-YELLOW,4122,3
4-YELLOW,4123,2
4-YELLOW,4124,5
4-YELLOW,4126,5
4-YELLOW,4127,5
4-YELLOW,4128,2
4-YELLOW,4129,9
4-YELLOW,4130,5
4-YELLOW,4131,2
4-YELLOW,4132,1
4-YELLOW,4133,3
4-YELLOW,4134,2
4-YELLOW,4135,3
4-YELLOW,4136,2
4-YELLOW,4137,4
4-YELLOW,4139,2
4-YELLOW,4140,3
4-YELLOW,4141,4
4-YELLOW,4142,3
4-YELLOW,4143,4
4-YELLOW,4144,2
4-YELLOW,4145,9
4-YELLOW,4146,4
4-YELLOW,4147,3
4-YELLOW,4148,4
4-YELLOW,4149,5
4-YELLOW,4150,1
4-YELLOW,4151,2
4-YELLOW,4152,2
4-YELLOW,4153,1
4-YELLOW,4154,3
4-YELLOW,4155,3
4-YELLOW,4156,3
4-YELLOW,4158,3
4-YELLOW,4159,5
4-YELLOW,4160,5
4-YELLOW,4161,5
4-YELLOW,4162,4
4-YELLOW,4163,4
4-YELLOW,4164,2
4-YELLOW,4165,4
4-YELLOW,4166,4
4-YELLOW,4167,1
4-YELLOW,4168,3
4-YELLOW,4169,1
4-YELLOW,4170,3
4-YELLOW,4171,5
4-YELLOW,4172,2
4-YELLOW,4173,3
4-YELLOW,4174,2
4-YELLOW,4175,5
4-YELLOW,4176,3
4-YELLOW,4177,4
4-YELLOW,4178,2
4-YELLOW,4179,3
4-YELLOW,4180,6
4-YELLOW,4181,2
4-YELLOW,4182,3
4-YELLOW,4183,6
4-YELLOW,4184,2
4-YELLOW,4185,5
4-YELLOW,4186,2
4-YELLOW,4187,3
4-YELLOW,4188,1
4-YELLOW,4189,2
4-YELLOW,4190,3
4-YELLOW,4191,6
4-YELLOW,4192,5
4-YELLOW,4193,10
4-YELLOW,4194,5
4-YELLOW,4195,3
4-YELLOW,4196,5
4-YELLOW,4197,7
4-YELLOW,4198,4
4-YELLOW,4199,4
4-YELLOW,4200,2
4-YELLOW,4201,2
4-YELLOW,4202,4
4-YELLOW,4203,4
4-YELLOW,4204,4
4-YELLOW,4206,4
4-YELLOW,4208,7
4-YELLOW,4209,5
4-YELLOW,4210,5
4-YELLOW,4211,5
4-YELLOW,4212,5
4-YELLOW,4214,1
4-YELLOW,4215,4
4-YELLOW,4216,5
4-YELLOW,4217,4
4-YELLOW,4218,5
4-YELLOW,4219,5
4-YELLOW,4220,3
4-YELLOW,4221,1
4-YELLOW,4222,5
4-YELLOW,4223,10
4-YELLOW,4224,1
4-YELLOW,4225,6
4-YELLOW,4226,7
4-YELLOW,4227,2
4-YELLOW,4228,5
4-YELLOW,4229,2
4-YELLOW,4230,3
4-YELLOW,4231,4
4-YELLOW,4232,2
4-YELLOW,4233,1
4-YELLOW,4234,4
4-YELLOW,4235,5
4-YELLOW,4236,3
4-YELLOW,4238,3
4-YELLOW,4239,3
4-YELLOW,4240,5
4-YELLOW,4241,4
4-YELLOW,4243,3
4-YELLOW,4244,3
4-YELLOW,4245,3
4-YELLOW,4246,6
4-YELLOW,4247,3
4-YELLOW,4248,3
4-YELLOW,4249,7
4-YELLOW,4250,3
4-YELLOW,4251,6
4-YELLOW,4252,3
4-YELLOW,4253,3
4-YELLOW,4254,1
4-YELLOW,4255,3
4-YELLOW,4256,6
4-YELLOW,4257,2
4-YELLOW,4258,4
4-YELLOW,4259,6
4-YELLOW,4260,6
4-YELLOW,4261,5
4-YELLOW,4262,2
4-YELLOW,4263,5
4-YELLOW,4264,4
4-YELLOW,4265,4
4-YELLOW,4266,3
4-YELLOW,4267,10
4-YELLOW,4268,3
4-YELLOW,4269,3
4-YELLOW,4270,5
4-YELLOW,4271,3
4-YELLOW,4272,5
4-YELLOW,4273,4
4-YELLOW,4274,2
4-YELLOW,4275,6
4-YELLOW,4276,5
4-YELLOW,4277,6
4-YELLOW,4278,1
4-YELLOW,4279,7
4-YELLOW,4281,5
4-YELLOW,4282,4
4-YELLOW,4283,5
4-YELLOW,4285,5
4-YELLOW,4286,3
4-YELLOW,4287,3
4-YELLOW,4288,4
4-YELLOW,4289,5
4-YELLOW,4290,4
4-YELLOW,4291,3
4-YELLOW,4292,5
4-YELLOW,4293,4
4-YELLOW,4294,3
4-YELLOW,4295,3
4-YELLOW,4296,4
4-YELLOW,4297,4
4-YELLOW,4298,2
4-YELLOW,4299,4
4-YELLOW,4300,6
4-YELLOW,4301,4
4-YELLOW,4302,3
4-YELLOW,4303,2
4-YELLOW,4304,3
4-YELLOW,4305,2
4-YELLOW,4306,1
4-YELLOW,4307,4
4-YELLOW,4308,3
4-YELLOW,4309,4
4-YELLOW,4310,2
4-YELLOW,4311,4
4-YELLOW,4312,2
4-YELLOW,4313,2
4-YELLOW,4314,5
4-YELLOW,4315,2
4-YELLOW,4316,3
4-YELLOW,4317,3
4-YELLOW,4318,2
4-YELLOW,4319,3
4-YELLOW,4320,3
4-YELLOW,4321,4
4-YELLOW,4322,4
4-YELLOW,4323,3
4-YELLOW,4324,1
4-YELLOW,4325,1
4-YELLOW,4326,5
4-YELLOW,4327,5
4-YELLOW,4328,3
4-YELLOW,4329,1
4-YELLOW,4330,3
4-YELLOW,4331,4
4-YELLOW,4332,6
4-YELLOW,4333,4
4-YELLOW,4335,6
4-YELLOW,4336,3
4-YELLOW,4337,3
4-YELLOW,4338,2
4-YELLOW,4339,3
4-YELLOW,4340,3
4-YELLOW,4342,4
4-YELLOW,4343,2
4-YELLOW,4344,2
4-YELLOW,4345,3
4-YELLOW,4346,4
4-YELLOW,4347,1
4-YELLOW,4348,3
4-YELLOW,4349,2
4-YELLOW,4350,5
4-YELLOW,4351,2
4-YELLOW,4352,2
4-YELLOW,4353,4
4-YELLOW,4354,4
4-YELLOW,4355,2
4-YELLOW,4356,6
4-YELLOW,4357,5
4-YELLOW,4358,4
4-YELLOW,4359,1
4-YELLOW,4360,4
4-YELLOW,4361,1
4-YELLOW,4362,4
4-YELLOW,4363,4
4-YELLOW,4364,6
4-YELLOW,4365,5
4-YELLOW,4366,3
4-YELLOW,4367,2
4-YELLOW,4368,1
4-YELLOW,4369,2
4-YELLOW,4370,4
4-YELLOW,4371,5
4-YELLOW,4372,3
4-YELLOW,4373,3
4-YELLOW,4374,2
4-YELLOW,4375,1
4-YELLOW,4376,4
4-YELLOW,4377,4
4-YELLOW,4378,3
4-YELLOW,4379,3
4-YELLOW,4380,1
4-YELLOW,4381,2
4-YELLOW,4382,3
4-YELLOW,4383,4
4-YELLOW,4384,2
4-YELLOW,4385,4
4-YELLOW,4386,1
4-YELLOW,4387,1
4-YELLOW,4388,3
4-YELLOW,4389,5
4-YELLOW,4390,3
4-YELLOW,4391,1
4-YELLOW,4392,3
4-YELLOW,4393,6
4-YELLOW,4394,1
4-YELLOW,4395,4
4-YELLOW,4396,3
4-YELLOW,4397,2
4-YELLOW,4398,5
4-YELLOW,4399,3
4-YELLOW,4400,2
4-YELLOW,4401,3
4-YELLOW,4402,2
4-YELLOW,4403,4
4-YELLOW,4404,5
4-YELLOW,4405,5
4-YELLOW,4406,5
4-YELLOW,4407,2
4-YELLOW,4408,3
4-YELLOW,4409,2
4-YELLOW,4410,1
4-YELLOW,4411,5
4-YELLOW,4412,3
4-YELLOW,4413,6
4-YELLOW,4414,7
4-YELLOW,4415,3
4-YELLOW,4416,3
4-YELLOW,4418,5
4-YELLOW,4419,2
4-YELLOW,4420,6
4-YELLOW,4421,3
4-YELLOW,4422,4
4-YELLOW,4423,3
4-YELLOW,4424,6
4-YELLOW,4425,2
4-YELLOW,4426,7
4-YELLOW,4428,8
4-YELLOW,4429,3
4-YELLOW,4430,2
4-YELLOW,4431,1
4-YELLOW,4432,2
4-YELLOW,4433,6
4-YELLOW,4434,5
4-YELLOW,4435,5
4-YELLOW,4436,3
4-YELLOW,4437,4
4-YELLOW,4439,5
4-YELLOW,4440,1
4-YELLOW,4441,3
4-YELLOW,4442,7
4-YELLOW,4443,2
4-YELLOW,4444,2
4-YELLOW,4445,2
4-YELLOW,4446,4
4-YELLOW,4447,7
4-YELLOW,4448,1
4-YELLOW,4449,3
4-YELLOW,4450,1
4-YELLOW,4451,2
4-YELLOW,4452,6
4-YELLOW,4453,4
4-YELLOW,4454,8
4-YELLOW,4455,3
4-YELLOW,4456,3
4-YELLOW,4457,3
4-YELLOW,4458,2
4-YELLOW,4459,2
4-YELLOW,4460,4
4-YELLOW,4461,2
4-YELLOW,4462,2
4-YELLOW,4463,2
4-YELLOW,4464,4
4-YELLOW,4465,3
4-YELLOW,4466,2
4-YELLOW,4468,2
4-YELLOW,4469,1
4-YELLOW,4470,3
4-YELLOW,4471,3
4-YELLOW,4472,2
4-YELLOW,4473,4
4-YELLOW,4474,1
4-YELLOW,4475,3
4-YELLOW,4476,4
4-YELLOW,4477,2
4-YELLOW,4478,1
4-YELLOW,4479,2
4-YELLOW,4480,4
4-YELLOW,4481,2
4-YELLOW,4482,7
4-YELLOW,4483,2
4-YELLOW,4484,3
4-YELLOW,4485,6
4-YELLOW,4486,5
4-YELLOW,4487,5
4-YELLOW,4489,5
4-YELLOW,4490,5
4-YELLOW,4491,3
4-YELLOW,4492,4
4-YELLOW,4493,4
4-YELLOW,4494,1
4-YELLOW,4495,4
4-YELLOW,4496,2
4-YELLOW,4497,2
4-YELLOW,4498,2
4-YELLOW,4499,3
4-YELLOW,4500,6
4-YELLOW,4501,2
4-YELLOW,4502,3
4-YELLOW,4503,3
4-YELLOW,4504,3
4-YELLOW,4505,2
4-YELLOW,4506,1
4-YELLOW,4507,5
4-YELLOW,4508,2
4-YELLOW,4509,4
4-YELLOW,4510,3
4-YELLOW,4511,7
4-YELLOW,4512,3
4-YELLOW,4513,4
4-YELLOW,4514,1
4-YELLOW,4515,1
4-YELLOW,4516,6
4-YELLOW,4517,1
4-YELLOW,4518,1
4-YELLOW,4519,3
4-YELLOW,4520,3
4-YELLOW,4521,1
4-YELLOW,4522,2
4-YELLOW,4523,4
4-YELLOW,4524,3
4-YELLOW,4525,6
4-YELLOW,4526,3
4-YELLOW,4527,2
4-YELLOW,4528,3
4-YELLOW,4529,3
4-YELLOW,4530,5
4-YELLOW,4531,1
4-YELLOW,4532,3
4-YELLOW,4533,4
4-YELLOW,4535,2
4-YELLOW,4536,4
4-YELLOW,4537,3
4-YELLOW,4538,4
4-YELLOW,4539,3
4-YELLOW,4540,3
4-YELLOW,4542,3
4-YELLOW,4543,3
4-YELLOW,4545,8
4-YELLOW,4546,2
4-YELLOW,4547,1
4-YELLOW,4548,4
4-YELLOW,4550,2
4-YELLOW,4551,6
4-YELLOW,4552,3
4-YELLOW,4553,3
4-YELLOW,4554,1
4-YELLOW,4555,1
4-YELLOW,4556,1
4-YELLOW,4557,3
4-YELLOW,4558,2
4-YELLOW,4560,1
4-YELLOW,4561,5
4-YELLOW,4562,4
4-YELLOW,4563,3
4-YELLOW,4564,5
4-YELLOW,4565,3
4-YELLOW,4566,3
4-YELLOW,4567,6
4-YELLOW,4568,6
4-YELLOW,4569,1
4-YELLOW,4570,3
4-YELLOW,4571,1
4-YELLOW,4572,1
4-YELLOW,4573,1
4-YELLOW,4574,5
4-YELLOW,4575,2
4-YELLOW,4576,5
4-YELLOW,4577,1
4-YELLOW,4578,1
4-YELLOW,4579,3
4-YELLOW,4580,4
4-YELLOW,4581,3
4-YELLOW,4582,2
4-YELLOW,4583,2
4-YELLOW,4584,3
4-YELLOW,4585,5
4-YELLOW,4586,5
4-YELLOW,4587,2
4-YELLOW,4588,3
4-YELLOW,4591,4
4-YELLOW,4592,3
4-YELLOW,4593,6
4-YELLOW,4594,3
4-YELLOW,4595,5
4-YELLOW,4596,3
4-YELLOW,4598,2
4-YELLOW,4599,1
4-YELLOW,4600,4
4-YELLOW,4601,4
4-YELLOW,4602,4
4-YELLOW,4603,4
4-YELLOW,4604,4
4-YELLOW,4605,4
4-YELLOW,4606,2
4-YELLOW,4607,5
4-YELLOW,4608,3
4-YELLOW,4609,4
4-YELLOW,4610,4
4-YELLOW,4611,4
4-YELLOW,4612,3
4-YELLOW,4613,1
4-YELLOW,4614,4
4-YELLOW,4615,4
4-YELLOW,4616,5
4-YELLOW,4617,1
4-YELLOW,4618,2
4-YELLOW,4619,3
4-YELLOW,4620,1
4-YELLOW,4621,4
4-YELLOW,4623,5
4-YELLOW,4624,3
4-YELLOW,4625,1
4-YELLOW,4626,2
4-YELLOW,4627,1
4-YELLOW,4628,2
4-YELLOW,4629,1
4-YELLOW,4630,1
4-YELLOW,4631,3
4-YELLOW,4632,1
4-YELLOW,4633,2
4-YELLOW,4634,6
4-YELLOW,4635,3
4-YELLOW,4636,4
4-YELLOW,4637,2
4-YELLOW,4638,3
4-YELLOW,4639,3
4-YELLOW,4640,1
4-YELLOW,4641,4
4-YELLOW,4642,2
4-YELLOW,4643,2
4-YELLOW,4644,6
4-YELLOW,4645,4
4-YELLOW,4646,1
4-YELLOW,4647,2
4-YELLOW,4648,5
4-YELLOW,4649,5
4-YELLOW,4650,2
4-YELLOW,4651,3
4-YELLOW,4652,3
4-YELLOW,4653,5
4-YELLOW,4654,2
4-YELLOW,4655,2
4-YELLOW,4656,2
4-YELLOW,4657,3
4-YELLOW,4658,3
4-YELLOW,4659,4
4-YELLOW,4660,4
4-YELLOW,4661,4
4-YELLOW,4662,1
4-YELLOW,4663,2
4-YELLOW,4665,1
4-YELLOW,4666,5
4-YELLOW,4667,3
4-YELLOW,4668,1
4-YELLOW,4669,4
4-YELLOW,4670,3
4-YELLOW,4671,2
4-YELLOW,4672,5
4-YELLOW,4673,6
4-YELLOW,4674,3
4-YELLOW,4675,4
4-YELLOW,4676,3
4-YELLOW,4677,3
4-YELLOW,4678,1
4-YELLOW,4679,3
4-YELLOW,4681,4
4-YELLOW,4682,1
4-YELLOW,4683,2
4-YELLOW,4684,3
4-YELLOW,4685,1
4-YELLOW,4686,2
4-YELLOW,4687,4
4-YELLOW,4688,2
4-YELLOW,4689,4
4-YELLOW,4690,4
4-YELLOW,4691,2
4-YELLOW,4692,4
4-YELLOW,4693,4
4-YELLOW,4694,1
4-YELLOW,4695,2
4-YELLOW,4696,1
4-YELLOW,4697,1
4-YELLOW,4698,4
4-YELLOW,4699,2
4-YELLOW,4700,4
4-YELLOW,4701,3
4-YELLOW,4702,5
4-YELLOW,4703,1
4-YELLOW,4704,2
4-YELLOW,4705,2
4-YELLOW,4706,3
4-YELLOW,4707,1
4-YELLOW,4708,3
4-YELLOW,4710,1
4-YELLOW,4711,2
4-YELLOW,4712,2
4-YELLOW,4713,3
4-YELLOW,4714,4
4-YELLOW,4715,2
4-YELLOW,4716,2
4-YELLOW,4717,2
4-YELLOW,4718,2
4-YELLOW,4720,4
4-YELLOW,4721,2
4-YELLOW,4722,4
4-YELLOW,4723,2
4-YELLOW,4725,3
4-YELLOW,4727,4
4-YELLOW,4728,2
4-YELLOW,4730,2
4-YELLOW,4732,1
4-YELLOW,4733,2
4-YELLOW,4734,3
4-YELLOW,4735,1
4-YELLOW,4736,7
4-YELLOW,4737,3
4-YELLOW,4739,1
4-YELLOW,4740,4
4-YELLOW,4741,1
4-YELLOW,4742,1
4-YELLOW,4743,5
4-YELLOW,4744,1
4-YELLOW,4745,4
4-YELLOW,4746,1
4-YELLOW,4747,1
4-YELLOW,4748,1
4-YELLOW,4750,2
4-YELLOW,4751,4
4-YELLOW,4752,3
4-YELLOW,4753,2
4-YELLOW,4754,2
4-YELLOW,4755,3
4-YELLOW,4756,4
4-YELLOW,4757,3
4-YELLOW,4758,2
4-YELLOW,4759,4
4-YELLOW,4763,3
4-YELLOW,4764,4
4-YELLOW,4765,2
4-YELLOW,4766,2
4-YELLOW,4767,1
4-YELLOW,4770,4
4-YELLOW,4771,4
4-YELLOW,4772,8
4-YELLOW,4773,2
4-YELLOW,4774,4
4-YELLOW,4776,3
4-YELLOW,4777,1
4-YELLOW,4778,3
4-YELLOW,4779,2
4-YELLOW,4780,5
4-YELLOW,4781,4
4-YELLOW,4782,3
4-YELLOW,4784,2
4-YELLOW,4785,3
4-YELLOW,4786,3
4-YELLOW,4787,3
4-YELLOW,4788,4
4-YELLOW,4789,1
4-YELLOW,4790,3
4-YELLOW,4791,5
4-YELLOW,4792,2
4-YELLOW,4793,2
4-YELLOW,4794,2
4-YELLOW,4795,3
4-YELLOW,4796,4
4-YELLOW,4797,5
4-YELLOW,4798,2
4-YELLOW,4799,1
4-YELLOW,4800,1
4-YELLOW,4801,2
4-YELLOW,4803,3
4-YELLOW,4804,4
4-YELLOW,4805,2
4-YELLOW,4806,3
4-YELLOW,4807,2
4-YELLOW,4808,1
4-YELLOW,4809,2
4-YELLOW,4810,4
4-YELLOW,4811,3
4-YELLOW,4812,3
4-YELLOW,4813,3
4-YELLOW,4814,2
4-YELLOW,4815,4
4-YELLOW,4816,1
4-YELLOW,4817,1
4-YELLOW,4818,3
4-YELLOW,4819,5
4-YELLOW,4820,3
4-YELLOW,4821,3
4-YELLOW,4822,4
4-YELLOW,4823,1
4-YELLOW,4824,2
4-YELLOW,4825,2
4-YELLOW,4826,1
4-YELLOW,4827,3
4-YELLOW,4828,2
4-YELLOW,4829,2
4-YELLOW,4830,1
4-YELLOW,4831,5
4-YELLOW,4832,1
4-YELLOW,4833,4
4-YELLOW,4834,3
4-YELLOW,4835,2
4-YELLOW,4836,2
4-YELLOW,4837,3
4-YELLOW,4838,1
4-YELLOW,4840,1
4-YELLOW,4841,3
4-YELLOW,4842,2
4-YELLOW,4843,1
4-YELLOW,4845,2
4-YELLOW,4846,2
4-YELLOW,4847,2
4-YELLOW,4848,3
4-YELLOW,4849,1
4-YELLOW,4850,3
4-YELLOW,4851,1
4-YELLOW,4852,4
4-YELLOW,4853,2
4-YELLOW,4854,4
4-YELLOW,4855,4
4-YELLOW,4856,4
4-YELLOW,4857,4
4-YELLOW,4858,3
4-YELLOW,4859,1
4-YELLOW,4860,4
4-YELLOW,4861,2
4-YELLOW,4862,4
4-YELLOW,4863,5
4-YELLOW,4864,1
4-YELLOW,4865,1
4-YELLOW,4866,6
4-YELLOW,4867,2
4-YELLOW,4868,3
4-YELLOW,4869,1
4-YELLOW,4870,3
4-YELLOW,4871,2
4-YELLOW,4872,1
4-YELLOW,4873,4
4-YELLOW,4874,1
4-YELLOW,4875,2
4-YELLOW,4876,2
4-YELLOW,4877,2
4-YELLOW,4878,1
4-YELLOW,4879,3
4-YELLOW,4880,4
4-YELLOW,4881,3
4-YELLOW,4882,3
4-YELLOW,4883,5
4-YELLOW,4885,2
4-YELLOW,4886,2
4-YELLOW,4887,3
4-YELLOW,4888,1
4-YELLOW,4889,5
4-YELLOW,4890,3
4-YELLOW,4891,3
4-YELLOW,4892,2
4-YELLOW,4893,4
4-YELLOW,4894,4
4-YELLOW,4895,5
4-YELLOW,4896,3
4-YELLOW,4898,3
4-YELLOW,4899,3
4-YELLOW,4900,3
4-YELLOW,4901,1
4-YELLOW,4902,3
4-YELLOW,4903,3
4-YELLOW,4904,1
4-YELLOW,4905,2
4-YELLOW,4906,3
4-YELLOW,4907,3
4-YELLOW,4908,3
4-YELLOW,4909,3
4-YELLOW,4910,2
4-YELLOW,4911,3
4-YELLOW,4912,1
4-YELLOW,4913,1
4-YELLOW,4914,2
4-YELLOW,4915,3
4-YELLOW,4916,1
4-YELLOW,4917,8
4-YELLOW,4918,2
4-YELLOW,4919,1
4-YELLOW,4920,2
4-YELLOW,4921,2
4-YELLOW,4922,2
4-YELLOW,4923,2
4-YELLOW,4924,3
4-YELLOW,4925,2
4-YELLOW,4927,2
4-YELLOW,4928,4
4-YELLOW,4929,2
4-YELLOW,4930,2
4-YELLOW,4931,2
4-YELLOW,4932,1
4-YELLOW,4933,2
4-YELLOW,4934,1
4-YELLOW,4935,3
4-YELLOW,4936,2
4-YELLOW,4937,1
4-YELLOW,4938,3
4-YELLOW,4939,4
4-YELLOW,4940,1
4-YELLOW,4941,1
4-YELLOW,4943,2
4-YELLOW,4944,1
4-YELLOW,4945,2
4-YELLOW,4946,3
4-YELLOW,4947,3
4-YELLOW,4949,1
4-YELLOW,4950,5
4-YELLOW,4951,3
4-YELLOW,4952,1
4-YELLOW,4953,5
4-YELLOW,4954,3
4-YELLOW,4955,1
4-YELLOW,4957,1
4-YELLOW,4958,3
4-YELLOW,4959,5
4-YELLOW,4960,3
4-YELLOW,4961,5
4-YELLOW,4962,4
4-YELLOW,4963,3
4-YELLOW,4964,2
4-YELLOW,4965,1
4-YELLOW,4967,4
4-YELLOW,4968,1
4-YELLOW,4969,2
4-YELLOW,4970,2
4-YELLOW,4971,2
4-YELLOW,4972,2
4-YELLOW,4973,2
4-YELLOW,4974,4
4-YELLOW,4975,2
4-YELLOW,4976,1
4-YELLOW,4977,1
4-YELLOW,4978,2
4-YELLOW,4979,2
4-YELLOW,4981,1
4-YELLOW,4982,2
4-YELLOW,4983,1
4-YELLOW,4984,1
4-YELLOW,4985,1
4-YELLOW,4986,1
4-YELLOW,4987,6
4-YELLOW,4988,6
4-YELLOW,4989,2
4-YELLOW,4991,3
4-YELLOW,4992,3
4-YELLOW,4993,3
4-YELLOW,4994,2
4-YELLOW,4996,2
4-YELLOW,4997,3
4-YELLOW,4998,3
4-YELLOW,4999,3
4-YELLOW,5000,3
4-YELLOW,5001,1
4-YELLOW,5002,4
4-YELLOW,5003,1
4-YELLOW,5004,1
4-YELLOW,5005,6
4-YELLOW,5006,3
4-YELLOW,5007,4
4-YELLOW,5008,5
4-YELLOW,5009,3
4-YELLOW,5010,2
4-YELLOW,5011,2
4-YELLOW,5012,4
4-YELLOW,5014,2
4-YELLOW,5015,2
4-YELLOW,5016,1
4-YELLOW,5017,4
4-YELLOW,5018,4
4-YELLOW,5019,2
4-YELLOW,5020,3
4-YELLOW,5021,4
4-YELLOW,5022,1
4-YELLOW,5023,4
4-YELLOW,5024,2
4-YELLOW,5025,1
4-YELLOW,5026,3
4-YELLOW,5027,3
4-YELLOW,5028,2
4-YELLOW,5030,2
4-YELLOW,5031,1
4-YELLOW,5032,1
4-YELLOW,5033,1
4-YELLOW,5034,1
4-YELLOW,5036,2
4-YELLOW,5037,1
4-YELLOW,5038,2
4-YELLOW,5039,5
4-YELLOW,5040,4
4-YELLOW,5041,6
4-YELLOW,5042,1
4-YELLOW,5043,5
4-YELLOW,5044,3
4-YELLOW,5045,2
4-YELLOW,5046,3
4-YELLOW,5047,3
4-YELLOW,5048,4
4-YELLOW,5049,2
4-YELLOW,5050,1
4-YELLOW,5051,4
4-YELLOW,5052,4
4-YELLOW,5053,6
4-YELLOW,5054,3
4-YELLOW,5055,2
4-YELLOW,5056,2
4-YELLOW,5057,5
4-YELLOW,5058,1
4-YELLOW,5059,4
4-YELLOW,5060,4
4-YELLOW,5061,2
4-YELLOW,5062,5
4-YELLOW,5063,2
4-YELLOW,5064,3
4-YELLOW,5065,2
4-YELLOW,5067,4
4-YELLOW,5069,5
4-YELLOW,5070,1
4-YELLOW,5071,1
4-YELLOW,5073,2
4-YELLOW,5075,3
4-YELLOW,5076,3
4-YELLOW,5077,3
4-YELLOW,5078,1
4-YELLOW,5079,2
4-YELLOW,5080,1
4-YELLOW,5081,3
4-YELLOW,5082,3
4-YELLOW,5083,3
4-YELLOW,5085,1
4-YELLOW,5086,3
4-YELLOW,5087,5
4-YELLOW,5088,2
4-YELLOW,5089,2
4-YELLOW,5090,1
4-YELLOW,5091,2
4-YELLOW,5092,6
4-YELLOW,5093,3
4-YELLOW,5094,2
4-YELLOW,5095,3
4-YELLOW,5096,1
4-YELLOW,5097,4
4-YELLOW,5098,1
4-YELLOW,5100,6
4-YELLOW,5101,2
4-YELLOW,5102,1
4-YELLOW,5103,2
4-YELLOW,5104,3
4-YELLOW,5105,1
4-YELLOW,5106,2
4-YELLOW,5107,2
4-YELLOW,5109,3
4-YELLOW,5110,4
4-YELLOW,5111,1
4-YELLOW,5112,1
4-YELLOW,5113,2
4-YELLOW,5114,2
4-YELLOW,5115,1
4-YELLOW,5117,6
4-YELLOW,5118,2
4-YELLOW,5120,2
4-YELLOW,5121,2
4-YELLOW,5122,5
4-YELLOW,5123,1
4-YELLOW,5124,4
4-YELLOW,5125,3
4-YELLOW,5126,1
4-YELLOW,5127,2
4-YELLOW,5129,4
4-YELLOW,5130,2
4-YELLOW,5131,3
4-YELLOW,5132,3
4-YELLOW,5133,3
4-YELLOW,5135,1
4-YELLOW,5136,1
4-YELLOW,5137,1
4-YELLOW,5138,2
4-YELLOW,5139,2
4-YELLOW,5140,2
4-YELLOW,5141,3
4-YELLOW,5142,1
4-YELLOW,5143,3
4-YELLOW,5144,6
4-YELLOW,5145,2
4-YELLOW,5146,5
4-YELLOW,5147,2
4-YELLOW,5148,2
4-YELLOW,5149,5
4-YELLOW,5150,1
4-YELLOW,5151,4
4-YELLOW,5152,2
4-YELLOW,5153,1
4-YELLOW,5154,1
4-YELLOW,5156,2
4-YELLOW,5157,1
4-YELLOW,5158,1
4-YELLOW,5160,1
4-YELLOW,5161,1
4-YELLOW,5162,1
4-YELLOW,5164,3
4-YELLOW,5165,4
4-YELLOW,5166,2
4-YELLOW,5167,2
4-YELLOW,5170,2
4-YELLOW,5171,2
4-YELLOW,5173,5
4-YELLOW,5174,5
4-YELLOW,5175,2
4-YELLOW,5176,3
4-YELLOW,5177,1
4-YELLOW,5178,1
4-YELLOW,5179,3
4-YELLOW,5180,4
4-YELLOW,5181,6
4-YELLOW,5182,3
4-YELLOW,5183,3
4-YELLOW,5184,1
4-YELLOW,5185,2
4-YELLOW,5186,2
4-YELLOW,5187,2
4-YELLOW,5188,4
4-YELLOW,5189,1
4-YELLOW,5190,4
4-YELLOW,5191,1
4-YELLOW,5192,5
4-YELLOW,5193,3
4-YELLOW,5194,1
4-YELLOW,5195,3
4-YELLOW,5196,3
4-YELLOW,5197,4
4-YELLOW,5198,4
4-YELLOW,5199,3
4-YELLOW,5200,2
4-YELLOW,5201,3
4-YELLOW,5202,3
4-YELLOW,5204,3
4-YELLOW,5205,2
4-YELLOW,5206,2
4-YELLOW,5207,3
4-YELLOW,5208,1
4-YELLOW,5209,4
4-YELLOW,5210,4
4-YELLOW,5211,1
4-YELLOW,5212,2
4-YELLOW,5213,2
4-YELLOW,5215,4
4-YELLOW,5216,4
4-YELLOW,5218,5
4-YELLOW,5219,2
4-YELLOW,5220,1
4-YELLOW,5221,2
4-YELLOW,5222,1
4-YELLOW,5223,2
4-YELLOW,5224,3
4-YELLOW,5226,4
4-YELLOW,5227,3
4-YELLOW,5228,3
4-YELLOW,5229,3
4-YELLOW,5230,4
4-YELLOW,5232,1
4-YELLOW,5233,3
4-YELLOW,5234,5
4-YELLOW,5235,1
4-YELLOW,5237,3
4-YELLOW,5238,2
4-YELLOW,5239,1
4-YELLOW,5240,3
4-YELLOW,5241,3
4-YELLOW,5242,1
4-YELLOW,5243,4
4-YELLOW,5244,2
4-YELLOW,5245,1
4-YELLOW,5246,4
4-YELLOW,5247,2
4-YELLOW,5248,3
4-YELLOW,5249,1
4-YELLOW,5250,1
4-YELLOW,5251,1
4-YELLOW,5252,4
4-YELLOW,5253,3
4-YELLOW,5254,4
4-YELLOW,5255,2
4-YELLOW,5256,3
4-YELLOW,5257,2
4-YELLOW,5258,3
4-YELLOW,5259,2
4-YELLOW,5260,2
4-YELLOW,5261,2
4-YELLOW,5262,3
4-YELLOW,5263,5
4-YELLOW,5264,5
4-YELLOW,5265,3
4-YELLOW,5266,3
4-YELLOW,5267,5
4-YELLOW,5268,2
4-YELLOW,5270,1
4-YELLOW,5271,4
4-YELLOW,5272,3
4-YELLOW,5273,1
4-YELLOW,5274,2
4-YELLOW,5275,1
4-YELLOW,5276,3
4-YELLOW,5277,2
4-YELLOW,5278,4
4-YELLOW,5279,3
4-YELLOW,5280,2
4-YELLOW,5281,2
4-YELLOW,5283,2
4-YELLOW,5284,2
4-YELLOW,5285,1
4-YELLOW,5286,2
4-YELLOW,5287,4
4-YELLOW,5288,3
4-YELLOW,5289,4
4-YELLOW,5291,1
4-YELLOW,5292,5
4-YELLOW,5293,2
4-YELLOW,5295,3
4-YELLOW,5297,3
4-YELLOW,5298,3
4-YELLOW,5299,3
4-YELLOW,5300,5
4-YELLOW,5301,2
4-YELLOW,5302,2
4-YELLOW,5303,3
4-YELLOW,5304,1
4-YELLOW,5305,4
4-YELLOW,5306,2
4-YELLOW,5307,1
4-YELLOW,5308,3
4-YELLOW,5309,3
4-YELLOW,5310,6
4-YELLOW,5311,2
4-YELLOW,5312,2
4-YELLOW,5313,4
4-YELLOW,5314,1
4-YELLOW,5315,2
4-YELLOW,5316,3
4-YELLOW,5317,2
4-YELLOW,5318,2
4-YELLOW,5319,4
4-YELLOW,5320,3
4-YELLOW,5321,3
4-YELLOW,5322,2
4-YELLOW,5324,3
4-YELLOW,5326,2
4-YELLOW,5327,1
4-YELLOW,5328,3
4-YELLOW,5329,3
4-YELLOW,5330,3
4-YELLOW,5331,3
4-YELLOW,5332,5
4-YELLOW,5333,1
4-YELLOW,5334,3
4-YELLOW,5335,1
4-YELLOW,5336,1
4-YELLOW,5337,1
4-YELLOW,5338,1
4-YELLOW,5339,1
4-YELLOW,5340,2
4-YELLOW,5341,4
4-YELLOW,5342,2
4-YELLOW,5343,2
4-YELLOW,5344,1
4-YELLOW,5345,2
4-YELLOW,5346,2
4-YELLOW,5347,3
4-YELLOW,5348,2
4-YELLOW,5350,2
4-YELLOW,5351,3
4-YELLOW,5352,4
4-YELLOW,5353,1
4-YELLOW,5354,4
4-YELLOW,5355,2
4-YELLOW,5357,2
4-YELLOW,5360,1
4-YELLOW,5361,5
4-YELLOW,5362,2
4-YELLOW,5363,3
4-YELLOW,5365,4
4-YELLOW,5366,1
4-YELLOW,5367,1
4-YELLOW,5368,3
4-YELLOW,5369,3
4-YELLOW,5370,3
4-YELLOW,5371,1
4-YELLOW,5372,2
4-YELLOW,5375,1
4-YELLOW,5376,4
4-YELLOW,5377,5
4-YELLOW,5378,3
4-YELLOW,5379,1
4-YELLOW,5380,1
4-YELLOW,5381,3
4-YELLOW,5382,1
4-YELLOW,5383,3
4-YELLOW,5384,3
4-YELLOW,5385,5
4-YELLOW,5387,1
4-YELLOW,5388,3
4-YELLOW,5390,2
4-YELLOW,5391,4
4-YELLOW,5392,2
4-YELLOW,5393,2
4-YELLOW,5394,2
4-YELLOW,5395,4
4-YELLOW,5396,1
4-YELLOW,5397,2
4-YELLOW,5398,2
4-YELLOW,5399,1
4-YELLOW,5400,2
4-YELLOW,5401,1
4-YELLOW,5402,3
4-YELLOW,5403,2
4-YELLOW,5404,2
4-YELLOW,5405,4
4-YELLOW,5406,3
4-YELLOW,5407,3
4-YELLOW,5409,1
4-YELLOW,5410,1
4-YELLOW,5411,1
4-YELLOW,5412,3
4-YELLOW,5413,2
4-YELLOW,5414,6
4-YELLOW,5415,1
4-YELLOW,5417,2
4-YELLOW,5418,3
4-YELLOW,5419,6
4-YELLOW,5420,4
4-YELLOW,5422,1
4-YELLOW,5424,2
4-YELLOW,5425,1
4-YELLOW,5426,3
4-YELLOW,5427,1
4-YELLOW,5428,3
4-YELLOW,5429,2
4-YELLOW,5430,3
4-YELLOW,5431,2
4-YELLOW,5433,2
4-YELLOW,5435,1
4-YELLOW,5436,2
4-YELLOW,5437,2
4-YELLOW,5438,4
4-YELLOW,5439,3
4-YELLOW,5440,4
4-YELLOW,5441,1
4-YELLOW,5442,5
4-YELLOW,5443,2
4-YELLOW,5444,1
4-YELLOW,5445,1
4-YELLOW,5446,1
4-YELLOW,5448,2
4-YELLOW,5449,3
4-YELLOW,5450,1
4-YELLOW,5451,3
4-YELLOW,5452,2
4-YELLOW,5453,2
4-YELLOW,5454,2
4-YELLOW,5455,2
4-YELLOW,5457,1
4-YELLOW,5458,4
4-YELLOW,5459,2
4-YELLOW,5460,4
4-YELLOW,5461,1
4-YELLOW,5462,2
4-YELLOW,5463,2
4-YELLOW,5464,3
4-YELLOW,5466,1
4-YELLOW,5467,2
4-YELLOW,5468,1
4-YELLOW,5469,2
4-YELLOW,5470,2
4-YELLOW,5471,1
4-YELLOW,5472,1
4-YELLOW,5474,1
4-YELLOW,5475,4
4-YELLOW,5476,1
4-YELLOW,5477,1
4-YELLOW,5478,2
4-YELLOW,5479,2
4-YELLOW,5481,3
4-YELLOW,5483,3
4-YELLOW,5484,2
4-YELLOW,5486,2
4-YELLOW,5487,2
4-YELLOW,5488,1
4-YELLOW,5489,3
4-YELLOW,5490,1
4-YELLOW,5491,1
4-YELLOW,5492,4
4-YELLOW,5493,4
4-YELLOW,5495,1
4-YELLOW,5496,1
4-YELLOW,5497,2
4-YELLOW,5498,3
4-YELLOW,5499,2
4-YELLOW,5500,2
4-YELLOW,5501,2
4-YELLOW,5502,3
4-YELLOW,5503,3
4-YELLOW,5504,2
4-YELLOW,5505,4
4-YELLOW,5506,4
4-YELLOW,5507,5
4-YELLOW,5508,2
4-YELLOW,5509,1
4-YELLOW,5510,2
4-YELLOW,5513,3
4-YELLOW,5514,1
4-YELLOW,5515,2
4-YELLOW,5516,2
4-YELLOW,5517,2
4-YELLOW,5518,2
4-YELLOW,5520,1
4-YELLOW,5521,3
4-YELLOW,5523,6
4-YELLOW,5524,2
4-YELLOW,5525,2
4-YELLOW,5526,1
4-YELLOW,5527,1
4-YELLOW,5528,2
4-YELLOW,5529,2
4-YELLOW,5530,1
4-YELLOW,5531,4
4-YELLOW,5532,1
4-YELLOW,5535,4
4-YELLOW,5536,1
4-YELLOW,5537,8
4-YELLOW,5538,3
4-YELLOW,5540,2
4-YELLOW,5541,5
4-YELLOW,5542,2
4-YELLOW,5543,2
4-YELLOW,5544,1
4-YELLOW,5546,2
4-YELLOW,5547,1
4-YELLOW,5548,3
4-YELLOW,5549,1
4-YELLOW,5551,2
4-YELLOW,5552,1
4-YELLOW,5553,4
4-YELLOW,5554,1
4-YELLOW,5555,1
4-YELLOW,5557,3
4-YELLOW,5558,2
4-YELLOW,5559,2
4-YELLOW,5560,3
4-YELLOW,5561,1
4-YELLOW,5562,2
4-YELLOW,5563,2
4-YELLOW,5564,2
4-YELLOW,5565,2
4-YELLOW,5566,3
4-YELLOW,5567,3
4-YELLOW,5568,2
4-YELLOW,5569,1
4-YELLOW,5570,2
4-YELLOW,5571,3
4-YELLOW,5572,3
4-YELLOW,5573,4
4-YELLOW,5574,3
4-YELLOW,5577,3
4-YELLOW,5580,2
4-YELLOW,5582,6
4-YELLOW,5583,2
4-YELLOW,5584,5
4-YELLOW,5585,4
4-YELLOW,5588,2
4-YELLOW,5589,3
4-YELLOW,5590,3
4-YELLOW,5591,2
4-YELLOW,5592,2
4-YELLOW,5595,3
4-YELLOW,5597,2
4-YELLOW,5598,1
4-YELLOW,5599,2
4-YELLOW,5600,1
4-YELLOW,5602,2
4-YELLOW,5603,3
4-YELLOW,5605,1
4-YELLOW,5606,1
4-YELLOW,5607,1
4-YELLOW,5608,1
4-YELLOW,5609,1
4-YELLOW,5610,2
4-YELLOW,5611,1
4-YELLOW,5612,3
4-YELLOW,5614,2
4-YELLOW,5616,3
4-YELLOW,5617,1
4-YELLOW,5618,1
4-YELLOW,5619,2
4-YELLOW,5620,2
4-YELLOW,5622,2
4-YELLOW,5623,1
4-YELLOW,5625,1
4-YELLOW,5626,4
4-YELLOW,5627,2
4-YELLOW,5629,3
4-YELLOW,5630,3
4-YELLOW,5631,1
4-YELLOW,5632,1
4-YELLOW,5633,3
4-YELLOW,5634,3
4-YELLOW,5636,3
4-YELLOW,5639,1
4-YELLOW,5640,3
4-YELLOW,5641,1
4-YELLOW,5642,3
4-YELLOW,5643,2
4-YELLOW,5645,1
4-YELLOW,5646,2
4-YELLOW,5647,3
4-YELLOW,5649,2
4-YELLOW,5650,4
4-YELLOW,5651,2
4-YELLOW,5652,1
4-YELLOW,5653,2
4-YELLOW,5654,1
4-YELLOW,5655,3
4-YELLOW,5656,1
4-YELLOW,5657,1
4-YELLOW,5658,3
4-YELLOW,5659,4
4-YELLOW,5660,1
4-YELLOW,5661,1
4-YELLOW,5662,2
4-YELLOW,5663,1
4-YELLOW,5664,1
4-YELLOW,5666,2
4-YELLOW,5667,6
4-YELLOW,5669,1
4-YELLOW,5670,2
4-YELLOW,5672,3
4-YELLOW,5673,2
4-YELLOW,5674,1
4-YELLOW,5675,1
4-YELLOW,5676,2
4-YELLOW,5677,3
4-YELLOW,5678,1
4-YELLOW,5679,5
4-YELLOW,5680,1
4-YELLOW,5682,1
4-YELLOW,5683,2
4-YELLOW,5685,1
4-YELLOW,5686,3
4-YELLOW,5687,2
4-YELLOW,5688,1
4-YELLOW,5689,3
4-YELLOW,5691,2
4-YELLOW,5692,1
4-YELLOW,5693,2
4-YELLOW,5694,4
4-YELLOW,5695,2
4-YELLOW,5696,3
4-YELLOW,5697,3
4-YELLOW,5698,5
4-YELLOW,5700,1
4-YELLOW,5701,2
4-YELLOW,5703,3
4-YELLOW,5704,2
4-YELLOW,5705,3
4-YELLOW,5706,1
4-YELLOW,5707,3
4-YELLOW,5708,3
4-YELLOW,5709,2
4-YELLOW,5710,2
4-YELLOW,5711,4
4-YELLOW,5712,2
4-YELLOW,5713,2
4-YELLOW,5714,4
4-YELLOW,5715,1
4-YELLOW,5716,1
4-YELLOW,5717,3
4-YELLOW,5719,2
4-YELLOW,5720,1
4-YELLOW,5721,1
4-YELLOW,5722,1
4-YELLOW,5723,2
4-YELLOW,5725,3
4-YELLOW,5726,2
4-YELLOW,5727,2
4-YELLOW,5728,6
4-YELLOW,5729,1
4-YELLOW,5730,2
4-YELLOW,5731,1
4-YELLOW,5732,2
4-YELLOW,5733,2
4-YELLOW,5734,3
4-YELLOW,5735,2
4-YELLOW,5738,3
4-YELLOW,5739,1
4-YELLOW,5740,1
4-YELLOW,5741,2
4-YELLOW,5742,4
4-YELLOW,5743,4
4-YELLOW,5744,2
4-YELLOW,5748,2
4-YELLOW,5749,3
4-YELLOW,5750,1
4-YELLOW,5752,1
4-YELLOW,5753,1
4-YELLOW,5754,3
4-YELLOW,5755,2
4-YELLOW,5756,4
4-YELLOW,5757,1
4-YELLOW,5758,2
4-YELLOW,5759,1
4-YELLOW,5761,1
4-YELLOW,5762,1
4-YELLOW,5763,1
4-YELLOW,5764,2
4-YELLOW,5765,2
4-YELLOW,5766,2
4-YELLOW,5767,2
4-YELLOW,5768,1
4-YELLOW,5769,1
4-YELLOW,5770,1
4-YELLOW,5771,3
4-YELLOW,5772,1
4-YELLOW,5774,1
4-YELLOW,5775,1
4-YELLOW,5777,1
4-YELLOW,5778,3
4-YELLOW,5779,1
4-YELLOW,5780,1
4-YELLOW,5783,1
4-YELLOW,5784,4
4-YELLOW,5785,1
4-YELLOW,5787,3
4-YELLOW,5789,1
4-YELLOW,5790,1
4-YELLOW,5791,1
4-YELLOW,5793,1
4-YELLOW,5797,3
4-YELLOW,5798,2
4-YELLOW,5800,2
4-YELLOW,5801,1
4-YELLOW,5802,3
4-YELLOW,5804,1
4-YELLOW,5805,5
4-YELLOW,5806,1
4-YELLOW,5808,2
4-YELLOW,5810,1
4-YELLOW,5811,3
4-YELLOW,5812,3
4-YELLOW,5814,2
4-YELLOW,5815,1
4-YELLOW,5816,4
4-YELLOW,5817,1
4-YELLOW,5818,2
4-YELLOW,5819,1
4-YELLOW,5820,3
4-YELLOW,5821,3
4-YELLOW,5822,2
4-YELLOW,5823,2
4-YELLOW,5824,1
4-YELLOW,5825,2
4-YELLOW,5826,2
4-YELLOW,5828,6
4-YELLOW,5830,2
4-YELLOW,5831,2
4-YELLOW,5833,1
4-YELLOW,5834,1
4-YELLOW,5837,1
4-YELLOW,5838,4
4-YELLOW,5839,5
4-YELLOW,5840,2
4-YELLOW,5841,1
4-YELLOW,5843,2
4-YELLOW,5844,1
4-YELLOW,5846,4
4-YELLOW,5847,5
4-YELLOW,5848,3
4-YELLOW,5849,1
4-YELLOW,5852,2
4-YELLOW,5853,1
4-YELLOW,5854,5
4-YELLOW,5855,2
4-YELLOW,5856,2
4-YELLOW,5857,2
4-YELLOW,5858,1
4-YELLOW,5859,1
4-YELLOW,5860,2
4-YELLOW,5861,2
4-YELLOW,5862,1
4-YELLOW,5863,3
4-YELLOW,5865,1
4-YELLOW,5866,5
4-YELLOW,5867,1
4-YELLOW,5870,3
4-YELLOW,5871,2
4-YELLOW,5872,2
4-YELLOW,5874,2
4-YELLOW,5875,1
4-YELLOW,5876,1
4-YELLOW,5878,2
4-YELLOW,5879,3
4-YELLOW,5880,2
4-YELLOW,5881,3
4-YELLOW,5882,2
4-YELLOW,5883,2
4-YELLOW,5886,1
4-YELLOW,5887,1
4-YELLOW,5889,1
4-YELLOW,5890,2
4-YELLOW,5891,2
4-YELLOW,5892,3
4-YELLOW,5893,3
4-YELLOW,5894,1
4-YELLOW,5895,1
4-YELLOW,5896,3
4-YELLOW,5897,3
4-YELLOW,5898,1
4-YELLOW,5900,2
4-YELLOW,5901,1
4-YELLOW,5903,3
4-YELLOW,5907,2
4-YELLOW,5908,2
4-YELLOW,5909,1
4-YELLOW,5910,1
4-YELLOW,5911,2
4-YELLOW,5912,5
4-YELLOW,5913,3
4-YELLOW,5915,2
4-YELLOW,5916,2
4-YELLOW,5917,2
4-YELLOW,5920,4
4-YELLOW,5921,1
4-YELLOW,5922,1
4-YELLOW,5923,1
4-YELLOW,5925,1
4-YELLOW,5926,1
4-YELLOW,5927,2
4-YELLOW,5928,3
4-YELLOW,5929,1
4-YELLOW,5930,2
4-YELLOW,5931,3
4-YELLOW,5932,3
4-YELLOW,5933,1
4-YELLOW,5934,1
4-YELLOW,5935,2
4-YELLOW,5937,2
4-YELLOW,5938,3
4-YELLOW,5940,1
4-YELLOW,5941,1
4-YELLOW,5942,3
4-YELLOW,5943,1
4-YELLOW,5944,1
4-YELLOW,5945,1
4-YELLOW,5946,3
4-YELLOW,5947,1
4-YELLOW,5949,5
4-YELLOW,5950,1
4-YELLOW,5951,2
4-YELLOW,5953,1
4-YELLOW,5955,3
4-YELLOW,5957,2
4-YELLOW,5958,2
4-YELLOW,5959,3
4-YELLOW,5961,2
4-YELLOW,5962,2
4-YELLOW,5964,2
4-YELLOW,5967,2
4-YELLOW,5968,2
4-YELLOW,5969,1
4-YELLOW,5970,2
4-YELLOW,5971,2
4-YELLOW,5972,1
4-YELLOW,5973,1
4-YELLOW,5974,3
4-YELLOW,5975,1
4-YELLOW,5976,2
4-YELLOW,5979,1
4-YELLOW,5980,2
4-YELLOW,5981,2
4-YELLOW,5982,2
4-YELLOW,5984,1
4-YELLOW,5985,2
4-YELLOW,5986,2
4-YELLOW,5987,2
4-YELLOW,5988,1
4-YELLOW,5989,1
4-YELLOW,5991,3
4-YELLOW,5993,2
4-YELLOW,5994,4
4-YELLOW,5997,1
4-YELLOW,5998,1
4-YELLOW,6000,3
4-YELLOW,6003,1
4-YELLOW,6004,1
4-YELLOW,6005,1
4-YELLOW,6006,2
4-YELLOW,6008,3
4-YELLOW,6009,2
4-YELLOW,6010,1
4-YELLOW,6011,1
4-YELLOW,6013,3
4-YELLOW,6015,2
4-YELLOW,6016,1
4-YELLOW,6017,2
4-YELLOW,6018,2
4-YELLOW,6019,3
4-YELLOW,6020,5
4-YELLOW,6022,2
4-YELLOW,6024,2
4-YELLOW,6025,1
4-YELLOW,6026,2
4-YELLOW,6027,1
4-YELLOW,6029,1
4-YELLOW,6031,1
4-YELLOW,6032,2
4-YELLOW,6033,2
4-YELLOW,6034,1
4-YELLOW,6035,2
4-YELLOW,6037,1
4-YELLOW,6038,2
4-YELLOW,6039,4
4-YELLOW,6040,1
4-YELLOW,6041,5
4-YELLOW,6042,3
4-YELLOW,6044,2
4-YELLOW,6045,1
4-YELLOW,6046,1
4-YELLOW,6047,2
4-YELLOW,6048,1
4-YELLOW,6049,3
4-YELLOW,6050,3
4-YELLOW,6052,1
4-YELLOW,6054,1
4-YELLOW,6055,2
4-YELLOW,6057,2
4-YELLOW,6058,3
4-YELLOW,6059,2
4-YELLOW,6060,3
4-YELLOW,6062,1
4-YELLOW,6064,2
4-YELLOW,6065,1
4-YELLOW,6067,1
4-YELLOW,6070,1
4-YELLOW,6071,1
4-YELLOW,6072,2
4-YELLOW,6073,1
4-YELLOW,6074,2
4-YELLOW,6075,2
4-YELLOW,6076,3
4-YELLOW,6077,3
4-YELLOW,6079,2
4-YELLOW,6080,1
4-YELLOW,6081,2
4-YELLOW,6083,2
4-YELLOW,6084,3
4-YELLOW,6085,3
4-YELLOW,6086,1
4-YELLOW,6088,1
4-YELLOW,6089,2
4-YELLOW,6090,1
4-YELLOW,6092,1
4-YELLOW,6093,1
4-YELLOW,6094,1
4-YELLOW,6097,1
4-YELLOW,6098,4
4-YELLOW,6099,1
4-YELLOW,6101,1
4-YELLOW,6103,1
4-YELLOW,6105,4
4-YELLOW,6106,2
4-YELLOW,6107,2
4-YELLOW,6108,1
4-YELLOW,6109,4
4-YELLOW,6113,3
4-YELLOW,6115,1
4-YELLOW,6117,1
4-YELLOW,6119,1
4-YELLOW,6120,3
4-YELLOW,6121,1
4-YELLOW,6124,3
4-YELLOW,6125,2
4-YELLOW,6126,2
4-YELLOW,6127,2
4-YELLOW,6128,3
4-YELLOW,6129,2
4-YELLOW,6130,2
4-YELLOW,6131,3
4-YELLOW,6132,1
4-YELLOW,6134,1
4-YELLOW,6135,2
4-YELLOW,6137,1
4-YELLOW,6138,2
4-YELLOW,6140,3
4-YELLOW,6141,1
4-YELLOW,6142,2
4-YELLOW,6146,3
4-YELLOW,6147,2
4-YELLOW,6149,2
4-YELLOW,6150,2
4-YELLOW,6153,2
4-YELLOW,6155,1
4-YELLOW,6156,2
4-YELLOW,6157,2
4-YELLOW,6158,3
4-YELLOW,6159,1
4-YELLOW,6160,1
4-YELLOW,6161,2
4-YELLOW,6165,2
4-YELLOW,6166,1
4-YELLOW,6167,1
4-YELLOW,6168,5
4-YELLOW,6169,1
4-YELLOW,6171,1
4-YELLOW,6172,1
4-YELLOW,6173,2
4-YELLOW,6176,2
4-YELLOW,6177,1
4-YELLOW,6178,2
4-YELLOW,6179,2
4-YELLOW,6180,6
4-YELLOW,6181,1
4-YELLOW,6182,2
4-YELLOW,6184,1
4-YELLOW,6187,2
4-YELLOW,6188,1
4-YELLOW,6189,1
4-YELLOW,6191,1
4-YELLOW,6192,1
4-YELLOW,6193,1
4-YELLOW,6198,3
4-YELLOW,6200,3
4-YELLOW,6201,4
4-YELLOW,6202,2
4-YELLOW,6204,1
4-YELLOW,6205,2
4-YELLOW,6207,1
4-YELLOW,6208,2
4-YELLOW,6209,4
4-YELLOW,6210,2
4-YELLOW,6211,1
4-YELLOW,6212,3
4-YELLOW,6215,2
4-YELLOW,6216,3
4-YELLOW,6217,1
4-YELLOW,6218,2
4-YELLOW,6219,2
4-YELLOW,6220,1
4-YELLOW,6221,1
4-YELLOW,6222,2
4-YELLOW,6223,1
4-YELLOW,6225,2
4-YELLOW,6226,1
4-YELLOW,6227,2
4-YELLOW,6228,2
4-YELLOW,6230,1
4-YELLOW,6231,1
4-YELLOW,6232,2
4-YELLOW,6233,2
4-YELLOW,6234,1
4-YELLOW,6235,1
4-YELLOW,6236,2
4-YELLOW,6237,2
4-YELLOW,6239,1
4-YELLOW,6240,1
4-YELLOW,6241,1
4-YELLOW,6242,2
4-YELLOW,6243,1
4-YELLOW,6244,4
4-YELLOW,6246,1
4-YELLOW,6247,1
4-YELLOW,6248,2
4-YELLOW,6249,4
4-YELLOW,6250,1
4-YELLOW,6251,1
4-YELLOW,6252,1
4-YELLOW,6253,1
4-YELLOW,6254,1
4-YELLOW,6255,1
4-YELLOW,6256,1
4-YELLOW,6258,3
4-YELLOW,6259,1
4-YELLOW,6261,2
4-YELLOW,6262,2
4-YELLOW,6264,3
4-YELLOW,6265,4
4-YELLOW,6269,2
4-YELLOW,6270,2
4-YELLOW,6271,1
4-YELLOW,6272,1
4-YELLOW,6273,1
4-YELLOW,6274,1
4-YELLOW,6275,1
4-YELLOW,6276,2
4-YELLOW,6277,1
4-YELLOW,6278,4
4-YELLOW,6279,3
4-YELLOW,6281,2
4-YELLOW,6282,1
4-YELLOW,6283,1
4-YELLOW,6284,1
4-YELLOW,6285,3
4-YELLOW,6286,2
4-YELLOW,6287,2
4-YELLOW,6288,2
4-YELLOW,6289,2
4-YELLOW,6292,3
4-YELLOW,6293,2
4-YELLOW,6295,3
4-YELLOW,6296,1
4-YELLOW,6297,1
4-YELLOW,6298,3
4-YELLOW,6299,1
4-YELLOW,6300,1
4-YELLOW,6301,2
4-YELLOW,6302,4
4-YELLOW,6303,2
4-YELLOW,6304,3
4-YELLOW,6305,2
4-YELLOW,6306,2
4-YELLOW,6307,1
4-YELLOW,6309,2
4-YELLOW,6310,3
4-YELLOW,6311,1
4-YELLOW,6312,1
4-YELLOW,6313,2
4-YELLOW,6315,2
4-YELLOW,6316,1
4-YELLOW,6317,1
4-YELLOW,6318,2
4-YELLOW,6319,1
4-YELLOW,6320,3
4-YELLOW,6321,2
4-YELLOW,6324,1
4-YELLOW,6325,2
4-YELLOW,6327,2
4-YELLOW,6328,1
4-YELLOW,6330,1
4-YELLOW,6331,3
4-YELLOW,6332,1
4-YELLOW,6335,3
4-YELLOW,6337,1
4-YELLOW,6338,2
4-YELLOW,6339,2
4-YELLOW,6340,1
4-YELLOW,6342,1
4-YELLOW,6343,1
4-YELLOW,6344,2
4-YELLOW,6345,1
4-YELLOW,6346,1
4-YELLOW,6348,3
4-YELLOW,6350,2
4-YELLOW,6351,2
4-YELLOW,6352,5
4-YELLOW,6353,2
4-YELLOW,6355,2
4-YELLOW,6356,4
4-YELLOW,6358,1
4-YELLOW,6359,5
4-YELLOW,6361,2
4-YELLOW,6364,3
4-YELLOW,6365,3
4-YELLOW,6366,2
4-YELLOW,6367,1
4-YELLOW,6368,1
4-YELLOW,6369,4
4-YELLOW,6370,1
4-YELLOW,6371,2
4-YELLOW,6372,1
4-YELLOW,6373,3
4-YELLOW,6375,1
4-YELLOW,6376,1
4-YELLOW,6377,2
4-YELLOW,6378,1
4-YELLOW,6379,1
4-YELLOW,6380,3
4-YELLOW,6381,1
4-YELLOW,6382,1
4-YELLOW,6383,1
4-YELLOW,6384,1
4-YELLOW,6385,1
4-YELLOW,6386,2
4-YELLOW,6387,1
4-YELLOW,6389,1
4-YELLOW,6392,2
4-YELLOW,6393,1
4-YELLOW,6394,1
4-YELLOW,6395,1
4-YELLOW,6396,2
4-YELLOW,6397,3
4-YELLOW,6398,1
4-YELLOW,6400,1
4-YELLOW,6401,1
4-YELLOW,6402,1
4-YELLOW,6403,1
4-YELLOW,6404,3
4-YELLOW,6405,1
4-YELLOW,6406,1
4-YELLOW,6408,2
4-YELLOW,6409,1
4-YELLOW,6411,1
4-YELLOW,6412,2
4-YELLOW,6413,3
4-YELLOW,6414,3
4-YELLOW,6415,1
4-YELLOW,6417,2
4-YELLOW,6418,4
4-YELLOW,6419,2
4-YELLOW,6420,1
4-YELLOW,6422,3
4-YELLOW,6424,4
4-YELLOW,6425,2
4-YELLOW,6427,6
4-YELLOW,6428,1
4-YELLOW,6429,2
4-YELLOW,6430,1
4-YELLOW,6431,2
4-YELLOW,6432,1
4-YELLOW,6435,3
4-YELLOW,6436,1
4-YELLOW,6437,2
4-YELLOW,6441,1
4-YELLOW,6443,1
4-YELLOW,6444,2
4-YELLOW,6445,1
4-YELLOW,6446,1
4-YELLOW,6447,1
4-YELLOW,6448,2
4-YELLOW,6449,1
4-YELLOW,6450,1
4-YELLOW,6452,3
4-YELLOW,6453,1
4-YELLOW,6454,1
4-YELLOW,6455,3
4-YELLOW,6456,2
4-YELLOW,6459,1
4-YELLOW,6460,1
4-YELLOW,6461,2
4-YELLOW,6462,1
4-YELLOW,6463,1
4-YELLOW,6465,1
4-YELLOW,6466,1
4-YELLOW,6467,1
4-YELLOW,6471,1
4-YELLOW,6472,4
4-YELLOW,6473,2
4-YELLOW,6474,3
4-YELLOW,6475,1
4-YELLOW,6476,1
4-YELLOW,6478,1
4-YELLOW,6479,1
4-YELLOW,6481,2
4-YELLOW,6483,1
4-YELLOW,6484,1
4-YELLOW,6487,1
4-YELLOW,6488,3
4-YELLOW,6491,1
4-YELLOW,6492,2
4-YELLOW,6493,2
4-YELLOW,6494,1
4-YELLOW,6495,1
4-YELLOW,6496,4
4-YELLOW,6497,2
4-YELLOW,6498,1
4-YELLOW,6499,2
4-YELLOW,6501,1
4-YELLOW,6502,3
4-YELLOW,6503,2
4-YELLOW,6505,1
4-YELLOW,6506,1
4-YELLOW,6507,1
4-YELLOW,6509,2
4-YELLOW,6511,2
4-YELLOW,6512,2
4-YELLOW,6513,1
4-YELLOW,6514,3
4-YELLOW,6515,1
4-YELLOW,6516,2
4-YELLOW,6517,2
4-YELLOW,6518,1
4-YELLOW,6519,2
4-YELLOW,6521,1
4-YELLOW,6523,1
4-YELLOW,6525,1
4-YELLOW,6526,1
4-YELLOW,6527,1
4-YELLOW,6532,1
4-YELLOW,6533,1
4-YELLOW,6534,2
4-YELLOW,6535,1
4-YELLOW,6536,1
4-YELLOW,6538,1
4-YELLOW,6539,1
4-YELLOW,6540,1
4-YELLOW,6541,1
4-YELLOW,6542,1
4-YELLOW,6543,1
4-YELLOW,6545,1
4-YELLOW,6546,3
4-YELLOW,6547,2
4-YELLOW,6549,1
4-YELLOW,6550,4
4-YELLOW,6551,1
4-YELLOW,6553,4
4-YELLOW,6555,2
4-YELLOW,6557,1
4-YELLOW,6558,1
4-YELLOW,6559,1
4-YELLOW,6560,3
4-YELLOW,6561,3
4-YELLOW,6562,4
4-YELLOW,6564,2
4-YELLOW,6565,3
4-YELLOW,6566,1
4-YELLOW,6567,1
4-YELLOW,6569,4
4-YELLOW,6570,1
4-YELLOW,6571,2
4-YELLOW,6573,1
4-YELLOW,6574,1
4-YELLOW,6575,1
4-YELLOW,6577,1
4-YELLOW,6578,2
4-YELLOW,6580,1
4-YELLOW,6581,1
4-YELLOW,6582,2
4-YELLOW,6583,2
4-YELLOW,6584,1
4-YELLOW,6587,2
4-YELLOW,6588,1
4-YELLOW,6589,1
4-YELLOW,6591,1
4-YELLOW,6592,1
4-YELLOW,6593,3
4-YELLOW,6595,1
4-YELLOW,6596,1
4-YELLOW,6597,2
4-YELLOW,6598,1
4-YELLOW,6601,1
4-YELLOW,6603,2
4-YELLOW,6604,1
4-YELLOW,6605,2
4-YELLOW,6606,2
4-YELLOW,6607,1
4-YELLOW,6609,1
4-YELLOW,6611,2
4-YELLOW,6613,2
4-YELLOW,6616,2
4-YELLOW,6618,3
4-YELLOW,6620,2
4-YELLOW,6621,4
4-YELLOW,6623,2
4-YELLOW,6624,1
4-YELLOW,6627,3
4-YELLOW,6629,3
4-YELLOW,6630,1
4-YELLOW,6631,2
4-YELLOW,6632,2
4-YELLOW,6633,1
4-YELLOW,6634,1
4-YELLOW,6636,1
4-YELLOW,6637,1
4-YELLOW,6638,1
4-YELLOW,6639,1
4-YELLOW,6640,2
4-YELLOW,6641,2
4-YELLOW,6642,2
4-YELLOW,6643,2
4-YELLOW,6644,1
4-YELLOW,6645,3
4-YELLOW,6646,1
4-YELLOW,6647,1
4-YELLOW,6648,1
4-YELLOW,6650,1
4-YELLOW,6653,1
4-YELLOW,6654,2
4-YELLOW,6655,1
4-YELLOW,6656,1
4-YELLOW,6657,2
4-YELLOW,6658,1
4-YELLOW,6659,1
4-YELLOW,6660,1
4-YELLOW,6662,3
4-YELLOW,6663,2
4-YELLOW,6664,2
4-YELLOW,6665,1
4-YELLOW,6667,3
4-YELLOW,6668,1
4-YELLOW,6671,1
4-YELLOW,6672,4
4-YELLOW,6674,4
4-YELLOW,6675,1
4-YELLOW,6676,3
4-YELLOW,6677,1
4-YELLOW,6679,2
4-YELLOW,6681,1
4-YELLOW,6682,1
4-YELLOW,6683,1
4-YELLOW,6686,4
4-YELLOW,6687,1
4-YELLOW,6689,2
4-YELLOW,6691,2
4-YELLOW,6693,1
4-YELLOW,6694,1
4-YELLOW,6696,3
4-YELLOW,6697,2
4-YELLOW,6699,1
4-YELLOW,6703,2
4-YELLOW,6705,1
4-YELLOW,6707,1
4-YELLOW,6708,2
4-YELLOW,6710,1
4-YELLOW,6711,2
4-YELLOW,6714,1
4-YELLOW,6715,2
4-YELLOW,6716,1
4-YELLOW,6718,3
4-YELLOW,6719,1
4-YELLOW,6720,2
4-YELLOW,6721,1
4-YELLOW,6724,2
4-YELLOW,6726,1
4-YELLOW,6727,1
4-YELLOW,6728,2
4-YELLOW,6729,2
4-YELLOW,6731,3
4-YELLOW,6733,1
4-YELLOW,6734,1
4-YELLOW,6735,1
4-YELLOW,6736,1
4-YELLOW,6737,1
4-YELLOW,6738,1
4-YELLOW,6739,1
4-YELLOW,6740,2
4-YELLOW,6741,2
4-YELLOW,6743,1
4-YELLOW,6744,1
4-YELLOW,6745,2
4-YELLOW,6746,1
4-YELLOW,6747,1
4-YELLOW,6749,1
4-YELLOW,6751,4
4-YELLOW,6752,1
4-YELLOW,6753,1
4-YELLOW,6754,1
4-YELLOW,6755,1
4-YELLOW,6756,3
4-YELLOW,6758,1
4-YELLOW,6760,1
4-YELLOW,6761,1
4-YELLOW,6762,1
4-YELLOW,6763,1
4-YELLOW,6764,2
4-YELLOW,6765,2
4-YELLOW,6767,2
4-YELLOW,6768,1
4-YELLOW,6770,1
4-YELLOW,6771,1
4-YELLOW,6772,1
4-YELLOW,6774,1
4-YELLOW,6776,3
4-YELLOW,6778,2
4-YELLOW,6780,3
4-YELLOW,6781,2
4-YELLOW,6782,1
4-YELLOW,6783,1
4-YELLOW,6784,1
4-YELLOW,6788,1
4-YELLOW,6789,2
4-YELLOW,6790,1
4-YELLOW,6791,1
4-YELLOW,6796,2
4-YELLOW,6797,1
4-YELLOW,6798,2
4-YELLOW,6802,1
4-YELLOW,6807,1
4-YELLOW,6808,1
4-YELLOW,6809,2
4-YELLOW,6812,1
4-YELLOW,6813,3
4-YELLOW,6818,2
4-YELLOW,6819,1
4-YELLOW,6820,1
4-YELLOW,6823,1
4-YELLOW,6824,3
4-YELLOW,6825,1
4-YELLOW,6826,1
4-YELLOW,6827,3
4-YELLOW,6828,2
4-YELLOW,6829,1
4-YELLOW,6831,2
4-YELLOW,6832,1
4-YELLOW,6834,3
4-YELLOW,6835,1
4-YELLOW,6837,3
4-YELLOW,6838,1
4-YELLOW,6839,1
4-YELLOW,6840,1
4-YELLOW,6841,2
4-YELLOW,6842,1
4-YELLOW,6843,2
4-YELLOW,6844,2
4-YELLOW,6845,2
4-YELLOW,6846,1
4-YELLOW,6847,3
4-YELLOW,6848,3
4-YELLOW,6849,2
4-YELLOW,6850,1
4-YELLOW,6851,2
4-YELLOW,6852,1
4-YELLOW,6854,1
4-YELLOW,6855,2
4-YELLOW,6856,1
4-YELLOW,6857,1
4-YELLOW,6859,1
4-YELLOW,6861,2
4-YELLOW,6862,1
4-YELLOW,6863,1
4-YELLOW,6864,2
4-YELLOW,6866,1
4-YELLOW,6868,1
4-YELLOW,6870,1
4-YELLOW,6872,1
4-YELLOW,6873,1
4-YELLOW,6876,4
4-YELLOW,6877,1
4-YELLOW,6878,2
4-YELLOW,6879,3
4-YELLOW,6880,4
4-YELLOW,6881,1
4-YELLOW,6884,2
4-YELLOW,6885,2
4-YELLOW,6886,2
4-YELLOW,6888,1
4-YELLOW,6892,1
4-YELLOW,6893,3
4-YELLOW,6895,1
4-YELLOW,6897,1
4-YELLOW,6898,1
4-YELLOW,6899,1
4-YELLOW,6900,4
4-YELLOW,6901,2
4-YELLOW,6902,2
4-YELLOW,6903,2
4-YELLOW,6906,2
4-YELLOW,6907,2
4-YELLOW,6908,2
4-YELLOW,6909,1
4-YELLOW,6915,1
4-YELLOW,6916,1
4-YELLOW,6917,1
4-YELLOW,6918,2
4-YELLOW,6922,1
4-YELLOW,6923,1
4-YELLOW,6924,3
4-YELLOW,6925,1
4-YELLOW,6926,1
4-YELLOW,6927,1
4-YELLOW,6928,3
4-YELLOW,6930,1
4-YELLOW,6931,1
4-YELLOW,6932,1
4-YELLOW,6933,1
4-YELLOW,6934,1
4-YELLOW,6935,1
4-YELLOW,6937,1
4-YELLOW,6938,1
4-YELLOW,6939,4
4-YELLOW,6940,3
4-YELLOW,6941,2
4-YELLOW,6943,1
4-YELLOW,6944,3
4-YELLOW,6945,1
4-YELLOW,6946,2
4-YELLOW,6947,2
4-YELLOW,6948,2
4-YELLOW,6949,1
4-YELLOW,6950,1
4-YELLOW,6951,1
4-YELLOW,6952,3
4-YELLOW,6953,1
4-YELLOW,6957,1
4-YELLOW,6958,1
4-YELLOW,6959,2
4-YELLOW,6960,1
4-YELLOW,6961,2
4-YELLOW,6962,1
4-YELLOW,6963,1
4-YELLOW,6964,2
4-YELLOW,6965,1
4-YELLOW,6970,1
4-YELLOW,6971,1
4-YELLOW,6972,2
4-YELLOW,6973,2
4-YELLOW,6974,2
4-YELLOW,6975,1
4-YELLOW,6976,2
4-YELLOW,6977,1
4-YELLOW,6979,3
4-YELLOW,6980,1
4-YELLOW,6982,1
4-YELLOW,6984,1
4-YELLOW,6985,1
4-YELLOW,6986,1
4-YELLOW,6987,2
4-YELLOW,6989,2
4-YELLOW,6990,1
4-YELLOW,6992,2
4-YELLOW,6993,1
4-YELLOW,6994,2
4-YELLOW,6995,1
4-YELLOW,6997,3
4-YELLOW,6998,1
4-YELLOW,6999,1
4-YELLOW,7000,1
4-YELLOW,7001,2
4-YELLOW,7003,1
4-YELLOW,7004,1
4-YELLOW,7006,2
4-YELLOW,7007,1
4-YELLOW,7009,2
4-YELLOW,7010,1
4-YELLOW,7014,1
4-YELLOW,7016,1
4-YELLOW,7018,1
4-YELLOW,7019,1
4-YELLOW,7020,3
4-YELLOW,7021,1
4-YELLOW,7023,1
4-YELLOW,7024,2
4-YELLOW,7026,2
4-YELLOW,7027,2
4-YELLOW,7028,3
4-YELLOW,7029,1
4-YELLOW,7031,3
4-YELLOW,7032,2
4-YELLOW,7036,1
4-YELLOW,7037,1
4-YELLOW,7038,1
4-YELLOW,7041,2
4-YELLOW,7042,2
4-YELLOW,7045,3
4-YELLOW,7046,1
4-YELLOW,7047,1
4-YELLOW,7048,2
4-YELLOW,7049,2
4-YELLOW,7050,2
4-YELLOW,7051,3
4-YELLOW,7053,1
4-YELLOW,7054,1
4-YELLOW,7058,1
4-YELLOW,7059,1
4-YELLOW,7060,1
4-YELLOW,7061,1
4-YELLOW,7062,1
4-YELLOW,7065,1
4-YELLOW,7066,1
4-YELLOW,7068,1
4-YELLOW,7071,1
4-YELLOW,7072,1
4-YELLOW,7073,2
4-YELLOW,7074,2
4-YELLOW,7075,1
4-YELLOW,7076,2
4-YELLOW,7079,1
4-YELLOW,7080,2
4-YELLOW,7084,1
4-YELLOW,7085,2
4-YELLOW,7086,2
4-YELLOW,7087,2
4-YELLOW,7090,1
4-YELLOW,7091,1
4-YELLOW,7092,1
4-YELLOW,7093,1
4-YELLOW,7094,1
4-YELLOW,7095,1
4-YELLOW,7096,2
4-YELLOW,7099,1
4-YELLOW,7101,1
4-YELLOW,7103,3
4-YELLOW,7104,1
4-YELLOW,7105,1
4-YELLOW,7106,3
4-YELLOW,7108,1
4-YELLOW,7111,2
4-YELLOW,7112,5
4-YELLOW,7113,2
4-YELLOW,7114,1
4-YELLOW,7116,1
4-YELLOW,7117,2
4-YELLOW,7118,2
4-YELLOW,7120,1
4-YELLOW,7121,1
4-YELLOW,7122,1
4-YELLOW,7123,2
4-YELLOW,7124,2
4-YELLOW,7125,1
4-YELLOW,7128,2
4-YELLOW,7130,2
4-YELLOW,7131,2
4-YELLOW,7132,1
4-YELLOW,7133,4
4-YELLOW,7134,1
4-YELLOW,7135,3
4-YELLOW,7137,1
4-YELLOW,7138,1
4-YELLOW,7139,1
4-YELLOW,7141,1
4-YELLOW,7143,1
4-YELLOW,7145,1
4-YELLOW,7146,2
4-YELLOW,7147,1
4-YELLOW,7150,1
4-YELLOW,7151,2
4-YELLOW,7152,3
4-YELLOW,7154,2
4-YELLOW,7155,1
4-YELLOW,7156,2
4-YELLOW,7157,2
4-YELLOW,7158,1
4-YELLOW,7159,1
4-YELLOW,7160,4
4-YELLOW,7161,1
4-YELLOW,7162,4
4-YELLOW,7164,2
4-YELLOW,7165,1
4-YELLOW,7166,2
4-YELLOW,7167,1
4-YELLOW,7168,1
4-YELLOW,7170,4
4-YELLOW,7172,1
4-YELLOW,7173,2
4-YELLOW,7174,1
4-YELLOW,7175,1
4-YELLOW,7176,1
4-YELLOW,7177,1
4-YELLOW,7178,1
4-YELLOW,7179,3
4-YELLOW,7180,1
4-YELLOW,7181,1
4-YELLOW,7182,1
4-YELLOW,7183,2
4-YELLOW,7184,1
4-YELLOW,7187,1
4-YELLOW,7188,1
4-YELLOW,7189,1
4-YELLOW,7190,1
4-YELLOW,7191,2
4-YELLOW,7192,1
4-YELLOW,7193,1
4-YELLOW,7195,1
4-YELLOW,7198,1
4-YELLOW,7199,3
4-YELLOW,7201,1
4-YELLOW,7203,2
4-YELLOW,7206,1
4-YELLOW,7208,1
4-YELLOW,7209,2
4-YELLOW,7210,1
4-YELLOW,7211,1
4-YELLOW,7212,2
4-YELLOW,7213,1
4-YELLOW,7219,1
4-YELLOW,7221,2
4-YELLOW,7222,2
4-YELLOW,7223,2
4-YELLOW,7225,1
4-YELLOW,7229,3
4-YELLOW,7231,3
4-YELLOW,7232,2
4-YELLOW,7233,1
4-YELLOW,7235,1
4-YELLOW,7236,6
4-YELLOW,7238,1
4-YELLOW,7239,1
4-YELLOW,7240,1
4-YELLOW,7241,1
4-YELLOW,7242,2
4-YELLOW,7245,2
4-YELLOW,7246,3
4-YELLOW,7247,2
4-YELLOW,7248,2
4-YELLOW,7252,1
4-YELLOW,7253,1
4-YELLOW,7254,2
4-YELLOW,7255,3
4-YELLOW,7256,2
4-YELLOW,7257,1
4-YELLOW,7258,2
4-YELLOW,7262,2
4-YELLOW,7263,3
4-YELLOW,7266,1
4-YELLOW,7267,2
4-YELLOW,7269,1
4-YELLOW,7270,3
4-YELLOW,7273,2
4-YELLOW,7276,1
4-YELLOW,7277,1
4-YELLOW,7278,1
4-YELLOW,7279,4
4-YELLOW,7281,3
4-YELLOW,7282,2
4-YELLOW,7283,1
4-YELLOW,7284,2
4-YELLOW,7287,1
4-YELLOW,7288,3
4-YELLOW,7290,2
4-YELLOW,7291,1
4-YELLOW,7293,1
4-YELLOW,7294,1
4-YELLOW,7295,3
4-YELLOW,7297,1
4-YELLOW,7301,2
4-YELLOW,7302,1
4-YELLOW,7303,1
4-YELLOW,7304,1
4-YELLOW,7307,1
4-YELLOW,7308,1
4-YELLOW,7309,1
4-YELLOW,7312,1
4-YELLOW,7314,3
4-YELLOW,7316,2
4-YELLOW,7319,2
4-YELLOW,7320,1
4-YELLOW,7323,1
4-YELLOW,7324,1
4-YELLOW,7325,1
4-YELLOW,7326,2
4-YELLOW,7327,1
4-YELLOW,7330,1
4-YELLOW,7331,2
4-YELLOW,7332,1
4-YELLOW,7334,2
4-YELLOW,7335,4
4-YELLOW,7336,1
4-YELLOW,7339,2
4-YELLOW,7343,2
4-YELLOW,7344,1
4-YELLOW,7345,2
4-YELLOW,7346,2
4-YELLOW,7347,1
4-YELLOW,7348,1
4-YELLOW,7350,1
4-YELLOW,7351,1
4-YELLOW,7352,2
4-YELLOW,7353,1
4-YELLOW,7357,2
4-YELLOW,7358,1
4-YELLOW,7359,2
4-YELLOW,7361,1
4-YELLOW,7362,1
4-YELLOW,7365,1
4-YELLOW,7366,1
4-YELLOW,7367,1
4-YELLOW,7368,1
4-YELLOW,7371,1
4-YELLOW,7373,1
4-YELLOW,7374,2
4-YELLOW,7376,1
4-YELLOW,7377,2
4-YELLOW,7378,1
4-YELLOW,7379,1
4-YELLOW,7380,3
4-YELLOW,7381,4
4-YELLOW,7383,2
4-YELLOW,7384,1
4-YELLOW,7385,2
4-YELLOW,7386,1
4-YELLOW,7387,1
4-YELLOW,7388,1
4-YELLOW,7389,4
4-YELLOW,7391,1
4-YELLOW,7393,2
4-YELLOW,7394,2
4-YELLOW,7395,1
4-YELLOW,7396,1
4-YELLOW,7398,1
4-YELLOW,7399,2
4-YELLOW,7400,2
4-YELLOW,7401,1
4-YELLOW,7404,1
4-YELLOW,7406,1
4-YELLOW,7407,1
4-YELLOW,7408,3
4-YELLOW,7409,3
4-YELLOW,7410,1
4-YELLOW,7411,1
4-YELLOW,7412,2
4-YELLOW,7414,3
4-YELLOW,7416,1
4-YELLOW,7417,2
4-YELLOW,7418,1
4-YELLOW,7420,1
4-YELLOW,7422,4
4-YELLOW,7423,1
4-YELLOW,7424,1
4-YELLOW,7425,2
4-YELLOW,7431,2
4-YELLOW,7435,1
4-YELLOW,7436,1
4-YELLOW,7439,1
4-YELLOW,7440,1
4-YELLOW,7442,1
4-YELLOW,7443,1
4-YELLOW,7444,1
4-YELLOW,7449,1
4-YELLOW,7451,2
4-YELLOW,7452,1
4-YELLOW,7454,2
4-YELLOW,7455,1
4-YELLOW,7457,1
4-YELLOW,7461,1
4-YELLOW,7462,1
4-YELLOW,7465,1
4-YELLOW,7466,3
4-YELLOW,7472,3
4-YELLOW,7473,1
4-YELLOW,7475,1
4-YELLOW,7476,1
4-YELLOW,7478,2
4-YELLOW,7479,1
4-YELLOW,7480,1
4-YELLOW,7481,1
4-YELLOW,7483,1
4-YELLOW,7484,1
4-YELLOW,7487,1
4-YELLOW,7490,2
4-YELLOW,7491,1
4-YELLOW,7492,1
4-YELLOW,7495,1
4-YELLOW,7496,2
4-YELLOW,7497,1
4-YELLOW,7499,2
4-YELLOW,7500,1
4-YELLOW,7505,1
4-YELLOW,7507,1
4-YELLOW,7510,1
4-YELLOW,7511,2
4-YELLOW,7514,2
4-YELLOW,7516,2
4-YELLOW,7521,1
4-YELLOW,7523,1
4-YELLOW,7525,4
4-YELLOW,7526,1
4-YELLOW,7527,3
4-YELLOW,7530,1
4-YELLOW,7531,3
4-YELLOW,7533,1
4-YELLOW,7534,2
4-YELLOW,7539,1
4-YELLOW,7540,1
4-YELLOW,7542,1
4-YELLOW,7545,1
4-YELLOW,7546,1
4-YELLOW,7550,1
4-YELLOW,7551,1
4-YELLOW,7553,3
4-YELLOW,7554,1
4-YELLOW,7555,3
4-YELLOW,7557,1
4-YELLOW,7558,2
4-YELLOW,7560,1
4-YELLOW,7561,3
4-YELLOW,7562,1
4-YELLOW,7564,1
4-YELLOW,7565,1
4-YELLOW,7568,3
4-YELLOW,7570,1
4-YELLOW,7571,1
4-YELLOW,7572,1
4-YELLOW,7574,2
4-YELLOW,7576,2
4-YELLOW,7577,1
4-YELLOW,7581,1
4-YELLOW,7583,2
4-YELLOW,7585,1
4-YELLOW,7587,3
4-YELLOW,7588,1
4-YELLOW,7589,2
4-YELLOW,7590,2
4-YELLOW,7592,1
4-YELLOW,7593,3
4-YELLOW,7595,1
4-YELLOW,7599,1
4-YELLOW,7600,3
4-YELLOW,7603,3
4-YELLOW,7605,1
4-YELLOW,7606,2
4-YELLOW,7607,2
4-YELLOW,7608,1
4-YELLOW,7609,2
4-YELLOW,7611,2
4-YELLOW,7612,1
4-YELLOW,7613,1
4-YELLOW,7616,2
4-YELLOW,7618,1
4-YELLOW,7620,2
4-YELLOW,7622,2
4-YELLOW,7623,2
4-YELLOW,7627,1
4-YELLOW,7629,1
4-YELLOW,7630,2
4-YELLOW,7633,6
4-YELLOW,7635,1
4-YELLOW,7636,1
4-YELLOW,7639,1
4-YELLOW,7640,1
4-YELLOW,7642,1
4-YELLOW,7643,1
4-YELLOW,7645,1
4-YELLOW,7648,2
4-YELLOW,7649,1
4-YELLOW,7650,1
4-YELLOW,7652,2
4-YELLOW,7653,1
4-YELLOW,7656,1
4-YELLOW,7657,2
4-YELLOW,7658,1
4-YELLOW,7659,1
4-YELLOW,7661,1
4-YELLOW,7665,1
4-YELLOW,7667,1
4-YELLOW,7668,1
4-YELLOW,7670,2
4-YELLOW,7672,2
4-YELLOW,7673,1
4-YELLOW,7674,2
4-YELLOW,7675,1
4-YELLOW,7676,1
4-YELLOW,7678,2
4-YELLOW,7679,1
4-YELLOW,7682,2
4-YELLOW,7683,2
4-YELLOW,7684,1
4-YELLOW,7686,1
4-YELLOW,7687,1
4-YELLOW,7691,2
4-YELLOW,7692,1
4-YELLOW,7701,4
4-YELLOW,7702,2
4-YELLOW,7704,2
4-YELLOW,7705,1
4-YELLOW,7706,3
4-YELLOW,7707,2
4-YELLOW,7708,1
4-YELLOW,7711,2
4-YELLOW,7712,3
4-YELLOW,7713,3
4-YELLOW,7714,1
4-YELLOW,7715,3
4-YELLOW,7716,1
4-YELLOW,7719,1
4-YELLOW,7722,1
4-YELLOW,7724,2
4-YELLOW,7726,3
4-YELLOW,7727,2
4-YELLOW,7729,2
4-YELLOW,7730,1
4-YELLOW,7732,1
4-YELLOW,7735,1
4-YELLOW,7741,1
4-YELLOW,7744,1
4-YELLOW,7746,1
4-YELLOW,7747,1
4-YELLOW,7748,1
4-YELLOW,7749,1
4-YELLOW,7751,4
4-YELLOW,7755,1
4-YELLOW,7757,2
4-YELLOW,7758,2
4-YELLOW,7764,2
4-YELLOW,7765,3
4-YELLOW,7768,1
4-YELLOW,7769,1
4-YELLOW,7771,2
4-YELLOW,7773,1
4-YELLOW,7774,1
4-YELLOW,7777,1
4-YELLOW,7781,1
4-YELLOW,7784,2
4-YELLOW,7785,1
4-YELLOW,7786,2
4-YELLOW,7787,1
4-YELLOW,7788,1
4-YELLOW,7789,1
4-YELLOW,7790,2
4-YELLOW,7791,1
4-YELLOW,7794,3
4-YELLOW,7796,1
4-YELLOW,7798,1
4-YELLOW,7799,1
4-YELLOW,7800,1
4-YELLOW,7801,1
4-YELLOW,7803,1
4-YELLOW,7807,2
4-YELLOW,7808,1
4-YELLOW,7811,1
4-YELLOW,7813,1
4-YELLOW,7814,2
4-YELLOW,7815,2
4-YELLOW,7816,1
4-YELLOW,7822,1
4-YELLOW,7823,2
4-YELLOW,7824,1
4-YELLOW,7825,1
4-YELLOW,7827,2
4-YELLOW,7832,1
4-YELLOW,7834,1
4-YELLOW,7835,1
4-YELLOW,7837,1
4-YELLOW,7838,1
4-YELLOW,7840,2
4-YELLOW,7841,1
4-YELLOW,7844,1
4-YELLOW,7845,1
4-YELLOW,7846,1
4-YELLOW,7847,3
4-YELLOW,7848,1
4-YELLOW,7855,1
4-YELLOW,7857,1
4-YELLOW,7858,1
4-YELLOW,7859,1
4-YELLOW,7860,2
4-YELLOW,7862,1
4-YELLOW,7864,1
4-YELLOW,7866,1
4-YELLOW,7867,1
4-YELLOW,7868,1
4-YELLOW,7870,1
4-YELLOW,7877,1
4-YELLOW,7878,1
4-YELLOW,7879,2
4-YELLOW,7885,1
4-YELLOW,7887,1
4-YELLOW,7888,1
4-YELLOW,7889,1
4-YELLOW,7892,1
4-YELLOW,7894,1
4-YELLOW,7895,1
4-YELLOW,7897,1
4-YELLOW,7898,2
4-YELLOW,7899,1
4-YELLOW,7902,1
4-YELLOW,7905,3
4-YELLOW,7907,2
4-YELLOW,7910,1
4-YELLOW,7911,2
4-YELLOW,7913,1
4-YELLOW,7916,1
4-YELLOW,7918,1
4-YELLOW,7919,1
4-YELLOW,7920,1
4-YELLOW,7921,1
4-YELLOW,7922,1
4-YELLOW,7923,3
4-YELLOW,7926,1
4-YELLOW,7928,4
4-YELLOW,7929,2
4-YELLOW,7930,1
4-YELLOW,7932,2
4-YELLOW,7933,1
4-YELLOW,7938,1
4-YELLOW,7942,1
4-YELLOW,7943,1
4-YELLOW,7944,1
4-YELLOW,7948,2
4-YELLOW,7951,1
4-YELLOW,7952,1
4-YELLOW,7953,2
4-YELLOW,7955,2
4-YELLOW,7958,1
4-YELLOW,7961,2
4-YELLOW,7962,1
4-YELLOW,7963,1
4-YELLOW,7964,1
4-YELLOW,7969,1
4-YELLOW,7970,1
4-YELLOW,7971,1
4-YELLOW,7972,1
4-YELLOW,7973,1
4-YELLOW,7977,1
4-YELLOW,7982,1
4-YELLOW,7983,1
4-YELLOW,7985,2
4-YELLOW,7988,1
4-YELLOW,7990,1
4-YELLOW,7993,2
4-YELLOW,7994,1
4-YELLOW,7995,2
4-YELLOW,7997,3
4-YELLOW,7998,1
4-YELLOW,8000,1
4-YELLOW,8001,2
4-YELLOW,8002,1
4-YELLOW,8004,1
4-YELLOW,8005,1
4-YELLOW,8006,1
4-YELLOW,8007,1
4-YELLOW,8008,3
4-YELLOW,8011,1
4-YELLOW,8013,1
4-YELLOW,8014,1
4-YELLOW,8015,1
4-YELLOW,8020,1
4-YELLOW,8021,1
4-YELLOW,8022,2
4-YELLOW,8025,1
4-YELLOW,8029,1
4-YELLOW,8031,1
4-YELLOW,8033,1
4-YELLOW,8036,1
4-YELLOW,8038,1
4-YELLOW,8039,1
4-YELLOW,8042,2
4-YELLOW,8048,3
4-YELLOW,8051,1
4-YELLOW,8055,1
4-YELLOW,8056,1
4-YELLOW,8059,1
4-YELLOW,8061,1
4-YELLOW,8066,2
4-YELLOW,8071,1
4-YELLOW,8075,1
4-YELLOW,8077,1
4-YELLOW,8081,2
4-YELLOW,8083,1
4-YELLOW,8085,2
4-YELLOW,8086,1
4-YELLOW,8087,1
4-YELLOW,8089,1
4-YELLOW,8094,3
4-YELLOW,8095,2
4-YELLOW,8096,1
4-YELLOW,8097,1
4-YELLOW,8098,1
4-YELLOW,8099,1
4-YELLOW,8101,2
4-YELLOW,8104,1
4-YELLOW,8107,1
4-YELLOW,8108,1
4-YELLOW,8110,2
4-YELLOW,8111,1
4-YELLOW,8114,1
4-YELLOW,8116,1
4-YELLOW,8117,1
4-YELLOW,8119,2
4-YELLOW,8125,1
4-YELLOW,8126,2
4-YELLOW,8128,2
4-YELLOW,8129,1
4-YELLOW,8132,1
4-YELLOW,8133,1
4-YELLOW,8134,1
4-YELLOW,8135,1
4-YELLOW,8136,2
4-YELLOW,8137,2
4-YELLOW,8140,1
4-YELLOW,8141,1
4-YELLOW,8142,2
4-YELLOW,8143,1
4-YELLOW,8144,1
4-YELLOW,8146,2
4-YELLOW,8150,2
4-YELLOW,8151,1
4-YELLOW,8152,2
4-YELLOW,8153,1
4-YELLOW,8159,1
4-YELLOW,8160,1
4-YELLOW,8161,1
4-YELLOW,8162,1
4-YELLOW,8166,1
4-YELLOW,8167,2
4-YELLOW,8168,1
4-YELLOW,8169,1
4-YELLOW,8170,2
4-YELLOW,8171,1
4-YELLOW,8173,1
4-YELLOW,8175,1
4-YELLOW,8176,2
4-YELLOW,8180,1
4-YELLOW,8184,2
4-YELLOW,8185,2
4-YELLOW,8186,2
4-YELLOW,8187,1
4-YELLOW,8188,2
4-YELLOW,8189,1
4-YELLOW,8191,1
4-YELLOW,8197,1
4-YELLOW,8198,1
4-YELLOW,8199,1
4-YELLOW,8201,1
4-YELLOW,8202,1
4-YELLOW,8204,4
4-YELLOW,8205,3
4-YELLOW,8208,1
4-YELLOW,8211,1
4-YELLOW,8212,2
4-YELLOW,8213,1
4-YELLOW,8216,1
4-YELLOW,8221,1
4-YELLOW,8222,1
4-YELLOW,8223,1
4-YELLOW,8224,1
4-YELLOW,8225,1
4-YELLOW,8226,2
4-YELLOW,8227,1
4-YELLOW,8228,1
4-YELLOW,8229,2
4-YELLOW,8230,1
4-YELLOW,8231,3
4-YELLOW,8232,3
4-YELLOW,8234,1
4-YELLOW,8235,1
4-YELLOW,8236,1
4-YELLOW,8239,1
4-YELLOW,8240,1
4-YELLOW,8241,1
4-YELLOW,8243,1
4-YELLOW,8244,1
4-YELLOW,8246,1
4-YELLOW,8247,2
4-YELLOW,8248,1
4-YELLOW,8250,1
4-YELLOW,8255,1
4-YELLOW,8256,1
4-YELLOW,8258,2
4-YELLOW,8263,1
4-YELLOW,8264,1
4-YELLOW,8265,2
4-YELLOW,8267,1
4-YELLOW,8270,1
4-YELLOW,8272,1
4-YELLOW,8273,1
4-YELLOW,8274,2
4-YELLOW,8277,1
4-YELLOW,8278,1
4-YELLOW,8281,2
4-YELLOW,8282,1
4-YELLOW,8284,1
4-YELLOW,8285,1
4-YELLOW,8286,2
4-YELLOW,8287,1
4-YELLOW,8288,1
4-YELLOW,8289,3
4-YELLOW,8290,1
4-YELLOW,8291,2
4-YELLOW,8295,1
4-YELLOW,8297,2
4-YELLOW,8298,2
4-YELLOW,8300,2
4-YELLOW,8305,1
4-YELLOW,8309,1
4-YELLOW,8310,2
4-YELLOW,8311,1
4-YELLOW,8317,1
4-YELLOW,8318,2
4-YELLOW,8319,1
4-YELLOW,8324,1
4-YELLOW,8332,2
4-YELLOW,8333,2
4-YELLOW,8335,1
4-YELLOW,8338,2
4-YELLOW,8340,1
4-YELLOW,8341,1
4-YELLOW,8342,1
4-YELLOW,8343,2
4-YELLOW,8344,2
4-YELLOW,8345,1
4-YELLOW,8347,1
4-YELLOW,8349,1
4-YELLOW,8350,1
4-YELLOW,8352,2
4-YELLOW,8354,1
4-YELLOW,8355,2
4-YELLOW,8356,1
4-YELLOW,8357,1
4-YELLOW,8359,3
4-YELLOW,8362,1
4-YELLOW,8364,1
4-YELLOW,8365,2
4-YELLOW,8366,3
4-YELLOW,8368,2
4-YELLOW,8369,2
4-YELLOW,8371,3
4-YELLOW,8372,1
4-YELLOW,8377,1
4-YELLOW,8379,1
4-YELLOW,8382,1
4-YELLOW,8383,1
4-YELLOW,8384,2
4-YELLOW,8388,1
4-YELLOW,8389,1
4-YELLOW,8390,1
4-YELLOW,8395,1
4-YELLOW,8400,3
4-YELLOW,8401,2
4-YELLOW,8404,1
4-YELLOW,8405,4
4-YELLOW,8406,1
4-YELLOW,8407,2
4-YELLOW,8409,1
4-YELLOW,8411,1
4-YELLOW,8413,1
4-YELLOW,8414,1
4-YELLOW,8415,1
4-YELLOW,8417,1
4-YELLOW,8419,1
4-YELLOW,8420,1
4-YELLOW,8421,1
4-YELLOW,8424,1
4-YELLOW,8426,1
4-YELLOW,8427,1
4-YELLOW,8428,2
4-YELLOW,8429,1
4-YELLOW,8432,1
4-YELLOW,8433,1
4-YELLOW,8434,1
4-YELLOW,8436,1
4-YELLOW,8438,1
4-YELLOW,8439,1
4-YELLOW,8442,1
4-YELLOW,8446,1
4-YELLOW,8447,1
4-YELLOW,8452,1
4-YELLOW,8455,3
4-YELLOW,8457,3
4-YELLOW,8458,1
4-YELLOW,8459,1
4-YELLOW,8462,1
4-YELLOW,8465,2
4-YELLOW,8467,2
4-YELLOW,8470,1
4-YELLOW,8472,2
4-YELLOW,8473,1
4-YELLOW,8477,1
4-YELLOW,8478,1
4-YELLOW,8480,1
4-YELLOW,8482,1
4-YELLOW,8483,2
4-YELLOW,8486,1
4-YELLOW,8487,1
4-YELLOW,8491,1
4-YELLOW,8492,1
4-YELLOW,8496,2
4-YELLOW,8497,2
4-YELLOW,8498,1
4-YELLOW,8499,1
4-YELLOW,8503,1
4-YELLOW,8504,1
4-YELLOW,8505,2
4-YELLOW,8506,4
4-YELLOW,8507,1
4-YELLOW,8509,1
4-YELLOW,8511,3
4-YELLOW,8512,1
4-YELLOW,8515,1
4-YELLOW,8516,1
4-YELLOW,8518,1
4-YELLOW,8521,1
4-YELLOW,8523,1
4-YELLOW,8526,3
4-YELLOW,8527,1
4-YELLOW,8530,3
4-YELLOW,8535,2
4-YELLOW,8536,1
4-YELLOW,8537,3
4-YELLOW,8539,1
4-YELLOW,8542,2
4-YELLOW,8547,1
4-YELLOW,8548,1
4-YELLOW,8550,1
4-YELLOW,8551,1
4-YELLOW,8552,1
4-YELLOW,8554,2
4-YELLOW,8555,1
4-YELLOW,8556,1
4-YELLOW,8561,1
4-YELLOW,8562,1
4-YELLOW,8565,1
4-YELLOW,8567,2
4-YELLOW,8574,1
4-YELLOW,8575,1
4-YELLOW,8576,1
4-YELLOW,8578,1
4-YELLOW,8582,1
4-YELLOW,8584,1
4-YELLOW,8591,1
4-YELLOW,8592,1
4-YELLOW,8593,2
4-YELLOW,8596,1
4-YELLOW,8599,1
4-YELLOW,8603,2
4-YELLOW,8606,2
4-YELLOW,8608,2
4-YELLOW,8609,1
4-YELLOW,8614,2
4-YELLOW,8618,1
4-YELLOW,8619,1
4-YELLOW,8621,2
4-YELLOW,8624,1
4-YELLOW,8626,1
4-YELLOW,8630,1
4-YELLOW,8631,1
4-YELLOW,8639,2
4-YELLOW,8642,1
4-YELLOW,8645,1
4-YELLOW,8646,1
4-YELLOW,8647,1
4-YELLOW,8650,1
4-YELLOW,8652,1
4-YELLOW,8654,1
4-YELLOW,8656,2
4-YELLOW,8657,2
4-YELLOW,8658,1
4-YELLOW,8662,1
4-YELLOW,8663,1
4-YELLOW,8664,1
4-YELLOW,8671,1
4-YELLOW,8675,1
4-YELLOW,8677,1
4-YELLOW,8679,1
4-YELLOW,8681,2
4-YELLOW,8686,1
4-YELLOW,8687,1
4-YELLOW,8688,1
4-YELLOW,8689,2
4-YELLOW,8692,2
4-YELLOW,8702,1
4-YELLOW,8709,2
4-YELLOW,8716,2
4-YELLOW,8720,1
4-YELLOW,8721,1
4-YELLOW,8723,1
4-YELLOW,8724,1
4-YELLOW,8725,1
4-YELLOW,8730,1
4-YELLOW,8737,1
4-YELLOW,8744,1
4-YELLOW,8746,1
4-YELLOW,8747,1
4-YELLOW,8749,1
4-YELLOW,8752,1
4-YELLOW,8753,1
4-YELLOW,8755,1
4-YELLOW,8756,1
4-YELLOW,8757,1
4-YELLOW,8759,2
4-YELLOW,8760,1
4-YELLOW,8763,2
4-YELLOW,8766,2
4-YELLOW,8767,1
4-YELLOW,8768,1
4-YELLOW,8770,1
4-YELLOW,8771,1
4-YELLOW,8774,2
4-YELLOW,8777,2
4-YELLOW,8778,1
4-YELLOW,8785,1
4-YELLOW,8789,1
4-YELLOW,8792,1
4-YELLOW,8798,1
4-YELLOW,8800,2
4-YELLOW,8802,1
4-YELLOW,8804,2
4-YELLOW,8821,1
4-YELLOW,8822,2
4-YELLOW,8823,3
4-YELLOW,8831,1
4-YELLOW,8832,2
4-YELLOW,8834,1
4-YELLOW,8838,1
4-YELLOW,8839,2
4-YELLOW,8847,1
4-YELLOW,8849,1
4-YELLOW,8850,1
4-YELLOW,8852,1
4-YELLOW,8853,1
4-YELLOW,8867,1
4-YELLOW,8868,1
4-YELLOW,8869,1
4-YELLOW,8871,1
4-YELLOW,8872,1
4-YELLOW,8874,2
4-YELLOW,8880,1
4-YELLOW,8881,1
4-YELLOW,8882,1
4-YELLOW,8884,1
4-YELLOW,8891,1
4-YELLOW,8892,2
4-YELLOW,8894,1
4-YELLOW,8895,1
4-YELLOW,8897,1
4-YELLOW,8902,1
4-YELLOW,8903,1
4-YELLOW,8904,2
4-YELLOW,8905,1
4-YELLOW,8907,1
4-YELLOW,8908,3
4-YELLOW,8910,1
4-YELLOW,8914,1
4-YELLOW,8915,1
4-YELLOW,8916,2
4-YELLOW,8920,2
4-YELLOW,8921,1
4-YELLOW,8922,2
4-YELLOW,8923,2
4-YELLOW,8926,1
4-YELLOW,8929,2
4-YELLOW,8930,1
4-YELLOW,8935,1
4-YELLOW,8936,2
4-YELLOW,8937,1
4-YELLOW,8940,1
4-YELLOW,8941,2
4-YELLOW,8942,2
4-YELLOW,8943,2
4-YELLOW,8947,1
4-YELLOW,8952,1
4-YELLOW,8953,2
4-YELLOW,8956,1
4-YELLOW,8958,2
4-YELLOW,8959,1
4-YELLOW,8961,1
4-YELLOW,8966,1
4-YELLOW,8969,1
4-YELLOW,8970,3
4-YELLOW,8971,1
4-YELLOW,8973,1
4-YELLOW,8983,1
4-YELLOW,8984,1
4-YELLOW,8988,1
4-YELLOW,8990,1
4-YELLOW,8992,3
4-YELLOW,8993,3
4-YELLOW,8994,4
4-YELLOW,8998,1
4-YELLOW,8999,1
4-YELLOW,9000,1
4-YELLOW,9007,1
4-YELLOW,9011,1
4-YELLOW,9014,1
4-YELLOW,9016,1
4-YELLOW,9018,2
4-YELLOW,9019,1
4-YELLOW,9020,2
4-YELLOW,9021,1
4-YELLOW,9023,1
4-YELLOW,9024,2
4-YELLOW,9025,2
4-YELLOW,9030,1
4-YELLOW,9031,2
4-YELLOW,9038,1
4-YELLOW,9041,1
4-YELLOW,9043,2
4-YELLOW,9044,1
4-YELLOW,9046,1
4-YELLOW,9048,1
4-YELLOW,9049,1
4-YELLOW,9050,1
4-YELLOW,9052,1
4-YELLOW,9053,1
4-YELLOW,9055,1
4-YELLOW,9058,1
4-YELLOW,9064,1
4-YELLOW,9068,2
4-YELLOW,9069,3
4-YELLOW,9072,1
4-YELLOW,9076,2
4-YELLOW,9077,1
4-YELLOW,9078,2
4-YELLOW,9080,1
4-YELLOW,9084,1
4-YELLOW,9085,1
4-YELLOW,9086,1
4-YELLOW,9093,1
4-YELLOW,9094,1
4-YELLOW,9100,3
4-YELLOW,9102,1
4-YELLOW,9104,1
4-YELLOW,9105,2
4-YELLOW,9106,1
4-YELLOW,9107,1
4-YELLOW,9113,1
4-YELLOW,9114,1
4-YELLOW,9117,2
4-YELLOW,9118,1
4-YELLOW,9120,1
4-YELLOW,9122,1
4-YELLOW,9126,3
4-YELLOW,9127,2
4-YELLOW,9128,1
4-YELLOW,9130,1
4-YELLOW,9133,1
4-YELLOW,9142,1
4-YELLOW,9145,1
4-YELLOW,9149,1
4-YELLOW,9151,1
4-YELLOW,9152,1
4-YELLOW,9154,2
4-YELLOW,9157,1
4-YELLOW,9158,1
4-YELLOW,9160,1
4-YELLOW,9173,1
4-YELLOW,9177,2
4-YELLOW,9182,1
4-YELLOW,9187,1
4-YELLOW,9188,1
4-YELLOW,9191,1
4-YELLOW,9194,2
4-YELLOW,9199,1
4-YELLOW,9200,1
4-YELLOW,9203,2
4-YELLOW,9204,1
4-YELLOW,9210,1
4-YELLOW,9213,1
4-YELLOW,9214,1
4-YELLOW,9215,1
4-YELLOW,9216,1
4-YELLOW,9217,1
4-YELLOW,9218,1
4-YELLOW,9220,1
4-YELLOW,9222,1
4-YELLOW,9225,2
4-YELLOW,9229,2
4-YELLOW,9231,1
4-YELLOW,9233,1
4-YELLOW,9235,1
4-YELLOW,9239,1
4-YELLOW,9240,2
4-YELLOW,9243,1
4-YELLOW,9244,1
4-YELLOW,9249,2
4-YELLOW,9250,1
4-YELLOW,9251,1
4-YELLOW,9253,1
4-YELLOW,9262,2
4-YELLOW,9269,1
4-YELLOW,9275,2
4-YELLOW,9276,2
4-YELLOW,9278,2
4-YELLOW,9279,2
4-YELLOW,9282,2
4-YELLOW,9284,1
4-YELLOW,9286,1
4-YELLOW,9287,1
4-YELLOW,9289,1
4-YELLOW,9292,1
4-YELLOW,9295,1
4-YELLOW,9297,2
4-YELLOW,9298,1
4-YELLOW,9300,1
4-YELLOW,9303,1
4-YELLOW,9304,1
4-YELLOW,9306,2
4-YELLOW,9307,3
4-YELLOW,9308,1
4-YELLOW,9311,1
4-YELLOW,9314,1
4-YELLOW,9315,1
4-YELLOW,9317,1
4-YELLOW,9318,2
4-YELLOW,9323,1
4-YELLOW,9325,2
4-YELLOW,9326,1
4-YELLOW,9327,2
4-YELLOW,9332,1
4-YELLOW,9334,1
4-YELLOW,9343,1
4-YELLOW,9344,2
4-YELLOW,9352,1
4-YELLOW,9353,1
4-YELLOW,9364,1
4-YELLOW,9368,1
4-YELLOW,9372,1
4-YELLOW,9373,2
4-YELLOW,9376,1
4-YELLOW,9378,1
4-YELLOW,9379,1
4-YELLOW,9380,1
4-YELLOW,9383,1
4-YELLOW,9384,1
4-YELLOW,9387,1
4-YELLOW,9392,1
4-YELLOW,9398,1
4-YELLOW,9412,1
4-YELLOW,9416,1
4-YELLOW,9418,2
4-YELLOW,9419,1
4-YELLOW,9421,1
4-YELLOW,9425,1
4-YELLOW,9426,1
4-YELLOW,9430,1
4-YELLOW,9431,1
4-YELLOW,9438,1
4-YELLOW,9448,2
4-YELLOW,9455,2
4-YELLOW,9456,1
4-YELLOW,9464,1
4-YELLOW,9468,1
4-YELLOW,9482,1
4-YELLOW,9483,1
4-YELLOW,9486,1
4-YELLOW,9487,1
4-YELLOW,9489,1
4-YELLOW,9496,1
4-YELLOW,9498,1
4-YELLOW,9502,1
4-YELLOW,9505,1
4-YELLOW,9508,1
4-YELLOW,9510,1
4-YELLOW,9513,1
4-YELLOW,9517,1
4-YELLOW,9518,1
4-YELLOW,9521,1
4-YELLOW,9524,1
4-YELLOW,9526,1
4-YELLOW,9536,1
4-YELLOW,9537,1
4-YELLOW,9539,1
4-YELLOW,9543,2
4-YELLOW,9545,2
4-YELLOW,9547,2
4-YELLOW,9554,2
4-YELLOW,9555,1
4-YELLOW,9556,1
4-YELLOW,9557,1
4-YELLOW,9562,2
4-YELLOW,9563,1
4-YELLOW,9566,1
4-YELLOW,9584,1
4-YELLOW,9586,1
4-YELLOW,9589,1
4-YELLOW,9596,2
4-YELLOW,9597,1
4-YELLOW,9600,1
4-YELLOW,9605,1
4-YELLOW,9606,1
4-YELLOW,9609,1
4-YELLOW,9612,1
4-YELLOW,9613,1
4-YELLOW,9620,1
4-YELLOW,9623,2
4-YELLOW,9624,1
4-YELLOW,9628,1
4-YELLOW,9630,1
4-YELLOW,9633,1
4-YELLOW,9635,1
4-YELLOW,9644,2
4-YELLOW,9645,1
4-YELLOW,9649,1
4-YELLOW,9651,1
4-YELLOW,9652,1
4-YELLOW,9653,1
4-YELLOW,9654,1
4-YELLOW,9655,1
4-YELLOW,9658,1
4-YELLOW,9661,1
4-YELLOW,9663,5
4-YELLOW,9666,1
4-YELLOW,9667,1
4-YELLOW,9668,2
4-YELLOW,9671,1
4-YELLOW,9674,1
4-YELLOW,9675,1
4-YELLOW,9676,1
4-YELLOW,9680,1
4-YELLOW,9682,1
4-YELLOW,9684,1
4-YELLOW,9688,1
4-YELLOW,9693,1
4-YELLOW,9694,1
4-YELLOW,9697,1
4-YELLOW,9698,1
4-YELLOW,9701,1
4-YELLOW,9704,1
4-YELLOW,9706,1
4-YELLOW,9707,1
4-YELLOW,9708,1
4-YELLOW,9709,1
4-YELLOW,9714,1
4-YELLOW,9715,1
4-YELLOW,9718,1
4-YELLOW,9722,3
4-YELLOW,9731,1
4-YELLOW,9732,1
4-YELLOW,9733,1
4-YELLOW,9737,1
4-YELLOW,9749,1
4-YELLOW,9753,1
4-YELLOW,9756,2
4-YELLOW,9757,1
4-YELLOW,9763,1
4-YELLOW,9764,1
4-YELLOW,9767,1
4-YELLOW,9773,1
4-YELLOW,9776,1
4-YELLOW,9778,1
4-YELLOW,9782,1
4-YELLOW,9784,1
4-YELLOW,9788,1
4-YELLOW,9792,2
4-YELLOW,9799,1
4-YELLOW,9800,3
4-YELLOW,9802,1
4-YELLOW,9803,1
4-YELLOW,9804,1
4-YELLOW,9807,1
4-YELLOW,9811,1
4-YELLOW,9818,2
4-YELLOW,9819,1
4-YELLOW,9820,1
4-YELLOW,9824,1
4-YELLOW,9825,2
4-YELLOW,9826,1
4-YELLOW,9829,1
4-YELLOW,9832,1
4-YELLOW,9833,1
4-YELLOW,9834,1
4-YELLOW,9836,1
4-YELLOW,9837,1
4-YELLOW,9838,1
4-YELLOW,9840,1
4-YELLOW,9845,1
4-YELLOW,9848,1
4-YELLOW,9857,1
4-YELLOW,9859,1
4-YELLOW,9861,1
4-YELLOW,9866,1
4-YELLOW,9869,2
4-YELLOW,9874,1
4-YELLOW,9881,1
4-YELLOW,9884,1
4-YELLOW,9895,1
4-YELLOW,9900,1
4-YELLOW,9902,1
4-YELLOW,9905,2
4-YELLOW,9906,1
4-YELLOW,9908,2
4-YELLOW,9909,1
4-YELLOW,9910,1
4-YELLOW,9913,1
4-YELLOW,9917,1
4-YELLOW,9921,1
4-YELLOW,9922,1
4-YELLOW,9928,1
4-YELLOW,9942,1
4-YELLOW,9944,1
4-YELLOW,9948,1
4-YELLOW,9951,3
4-YELLOW,9952,1
4-YELLOW,9955,1
4-YELLOW,9956,1
4-YELLOW,9958,1
4-YELLOW,9962,1
4-YELLOW,9966,1
4-YELLOW,9967,1
4-YELLOW,9972,1
4-YELLOW,9974,1
4-YELLOW,9977,1
4-YELLOW,9980,1
4-YELLOW,9982,1
4-YELLOW,9988,1
4-YELLOW,9992,1
4-YELLOW,9993,1
4-YELLOW,9996,1
4-YELLOW,10008,1
4-YELLOW,10015,1
4-YELLOW,10016,1
4-YELLOW,10019,1
4-YELLOW,10022,1
4-YELLOW,10024,1
4-YELLOW,10025,1
4-YELLOW,10026,1
4-YELLOW,10035,1
4-YELLOW,10036,1
4-YELLOW,10040,2
4-YELLOW,10041,2
4-YELLOW,10042,1
4-YELLOW,10045,1
4-YELLOW,10047,1
4-YELLOW,10049,1
4-YELLOW,10055,1
4-YELLOW,10061,1
4-YELLOW,10063,1
4-YELLOW,10064,1
4-YELLOW,10069,1
4-YELLOW,10070,1
4-YELLOW,10074,1
4-YELLOW,10075,2
4-YELLOW,10081,1
4-YELLOW,10086,1
4-YELLOW,10096,1
4-YELLOW,10098,1
4-YELLOW,10102,1
4-YELLOW,10103,1
4-YELLOW,10109,1
4-YELLOW,10112,2
4-YELLOW,10115,1
4-YELLOW,10118,1
4-YELLOW,10120,3
4-YELLOW,10121,1
4-YELLOW,10123,1
4-YELLOW,10126,1
4-YELLOW,10138,1
4-YELLOW,10144,1
4-YELLOW,10145,1
4-YELLOW,10146,1
4-YELLOW,10148,1
4-YELLOW,10149,1
4-YELLOW,10150,1
4-YELLOW,10152,1
4-YELLOW,10153,1
4-YELLOW,10156,1
4-YELLOW,10157,1
4-YELLOW,10158,1
4-YELLOW,10161,1
4-YELLOW,10166,1
4-YELLOW,10168,2
4-YELLOW,10173,1
4-YELLOW,10185,1
4-YELLOW,10187,2
4-YELLOW,10188,2
4-YELLOW,10189,1
4-YELLOW,10190,1
4-YELLOW,10193,1
4-YELLOW,10197,1
4-YELLOW,10204,1
4-YELLOW,10205,1
4-YELLOW,10213,1
4-YELLOW,10222,1
4-YELLOW,10230,1
4-YELLOW,10238,1
4-YELLOW,10241,1
4-YELLOW,10248,1
4-YELLOW,10262,2
4-YELLOW,10268,2
4-YELLOW,10269,1
4-YELLOW,10273,1
4-YELLOW,10292,3
4-YELLOW,10300,1
4-YELLOW,10302,1
4-YELLOW,10303,1
4-YELLOW,10307,1
4-YELLOW,10316,1
4-YELLOW,10318,1
4-YELLOW,10321,1
4-YELLOW,10323,2
4-YELLOW,10342,1
4-YELLOW,10343,1
4-YELLOW,10344,1
4-YELLOW,10345,1
4-YELLOW,10347,1
4-YELLOW,10348,1
4-YELLOW,10363,1
4-YELLOW,10366,1
4-YELLOW,10367,2
4-YELLOW,10371,1
4-YELLOW,10372,1
4-YELLOW,10375,1
4-YELLOW,10379,2
4-YELLOW,10380,1
4-YELLOW,10383,1
4-YELLOW,10389,1
4-YELLOW,10394,1
4-YELLOW,10397,1
4-YELLOW,10398,1
4-YELLOW,10404,2
4-YELLOW,10405,1
4-YELLOW,10408,1
4-YELLOW,10413,1
4-YELLOW,10418,2
4-YELLOW,10425,1
4-YELLOW,10433,1
4-YELLOW,10435,1
4-YELLOW,10441,1
4-YELLOW,10444,1
4-YELLOW,10448,1
4-YELLOW,10452,2
4-YELLOW,10453,1
4-YELLOW,10455,1
4-YELLOW,10456,1
4-YELLOW,10458,1
4-YELLOW,10459,1
4-YELLOW,10460,1
4-YELLOW,10461,1
4-YELLOW,10464,1
4-YELLOW,10465,1
4-YELLOW,10466,1
4-YELLOW,10468,1
4-YELLOW,10469,1
4-YELLOW,10477,1
4-YELLOW,10478,1
4-YELLOW,10483,1
4-YELLOW,10489,1
4-YELLOW,10491,1
4-YELLOW,10493,1
4-YELLOW,10508,1
4-YELLOW,10515,1
4-YELLOW,10518,2
4-YELLOW,10522,1
4-YELLOW,10525,1
4-YELLOW,10526,1
4-YELLOW,10530,1
4-YELLOW,10537,1
4-YELLOW,10545,1
4-YELLOW,10547,1
4-YELLOW,10555,1
4-YELLOW,10557,1
4-YELLOW,10567,1
4-YELLOW,10569,1
4-YELLOW,10576,1
4-YELLOW,10582,1
4-YELLOW,10584,2
4-YELLOW,10586,1
4-YELLOW,10587,1
4-YELLOW,10590,1
4-YELLOW,10592,1
4-YELLOW,10593,1
4-YELLOW,10594,1
4-YELLOW,10600,1
4-YELLOW,10603,1
4-YELLOW,10610,2
4-YELLOW,10619,1
4-YELLOW,10625,1
4-YELLOW,10626,1
4-YELLOW,10630,1
4-YELLOW,10634,1
4-YELLOW,10636,1
4-YELLOW,10637,2
4-YELLOW,10638,1
4-YELLOW,10647,1
4-YELLOW,10648,1
4-YELLOW,10650,1
4-YELLOW,10654,1
4-YELLOW,10663,1
4-YELLOW,10666,2
4-YELLOW,10669,1
4-YELLOW,10670,1
4-YELLOW,10682,2
4-YELLOW,10686,1
4-YELLOW,10689,2
4-YELLOW,10693,1
4-YELLOW,10697,1
4-YELLOW,10713,1
4-YELLOW,10716,1
4-YELLOW,10722,1
4-YELLOW,10724,1
4-YELLOW,10729,1
4-YELLOW,10734,1
4-YELLOW,10736,2
4-YELLOW,10739,1
4-YELLOW,10745,1
4-YELLOW,10749,1
4-YELLOW,10755,1
4-YELLOW,10762,3
4-YELLOW,10763,1
4-YELLOW,10785,1
4-YELLOW,10786,1
4-YELLOW,10791,1
4-YELLOW,10805,1
4-YELLOW,10811,1
4-YELLOW,10816,1
4-YELLOW,10819,1
4-YELLOW,10826,1
4-YELLOW,10828,2
4-YELLOW,10830,1
4-YELLOW,10831,1
4-YELLOW,10840,1
4-YELLOW,10850,1
4-YELLOW,10862,1
4-YELLOW,10864,1
4-YELLOW,10865,1
4-YELLOW,10877,1
4-YELLOW,10879,3
4-YELLOW,10882,1
4-YELLOW,10886,1
4-YELLOW,10893,1
4-YELLOW,10894,1
4-YELLOW,10896,1
4-YELLOW,10902,1
4-YELLOW,10905,1
4-YELLOW,10910,1
4-YELLOW,10917,1
4-YELLOW,10920,1
4-YELLOW,10921,1
4-YELLOW,10922,1
4-YELLOW,10923,2
4-YELLOW,10928,1
4-YELLOW,10935,1
4-YELLOW,10936,2
4-YELLOW,10944,1
4-YELLOW,10950,1
4-YELLOW,10953,1
4-YELLOW,10960,1
4-YELLOW,10967,1
4-YELLOW,10984,1
4-YELLOW,10985,1
4-YELLOW,10986,1
4-YELLOW,10990,2
4-YELLOW,10991,1
4-YELLOW,10995,2
4-YELLOW,11006,1
4-YELLOW,11007,2
4-YELLOW,11008,1
4-YELLOW,11009,1
4-YELLOW,11010,1
4-YELLOW,11014,1
4-YELLOW,11016,1
4-YELLOW,11021,1
4-YELLOW,11025,1
4-YELLOW,11026,1
4-YELLOW,11038,1
4-YELLOW,11043,1
4-YELLOW,11048,1
4-YELLOW,11055,1
4-YELLOW,11056,1
4-YELLOW,11058,1
4-YELLOW,11059,1
4-YELLOW,11060,1
4-YELLOW,11070,1
4-YELLOW,11074,2
4-YELLOW,11082,1
4-YELLOW,11085,1
4-YELLOW,11091,1
4-YELLOW,11095,1
4-YELLOW,11109,2
4-YELLOW,11114,1
4-YELLOW,11123,1
4-YELLOW,11129,1
4-YELLOW,11132,1
4-YELLOW,11136,1
4-YELLOW,11139,1
4-YELLOW,11140,1
4-YELLOW,11146,1
4-YELLOW,11151,1
4-YELLOW,11154,1
4-YELLOW,11155,1
4-YELLOW,11170,1
4-YELLOW,11173,1
4-YELLOW,11175,1
4-YELLOW,11178,2
4-YELLOW,11185,1
4-YELLOW,11186,1
4-YELLOW,11189,2
4-YELLOW,11196,1
4-YELLOW,11197,1
4-YELLOW,11198,1
4-YELLOW,11220,1
4-YELLOW,11234,1
4-YELLOW,11243,1
4-YELLOW,11245,1
4-YELLOW,11260,1
4-YELLOW,11261,1
4-YELLOW,11265,1
4-YELLOW,11266,1
4-YELLOW,11268,1
4-YELLOW,11274,1
4-YELLOW,11284,1
4-YELLOW,11285,1
4-YELLOW,11288,1
4-YELLOW,11291,1
4-YELLOW,11292,1
4-YELLOW,11294,1
4-YELLOW,11296,1
4-YELLOW,11308,1
4-YELLOW,11311,1
4-YELLOW,11316,1
4-YELLOW,11328,2
4-YELLOW,11329,1
4-YELLOW,11331,1
4-YELLOW,11335,1
4-YELLOW,11337,1
4-YELLOW,11342,1
4-YELLOW,11348,1
4-YELLOW,11357,1
4-YELLOW,11366,1
4-YELLOW,11371,1
4-YELLOW,11373,1
4-YELLOW,11376,1
4-YELLOW,11389,1
4-YELLOW,11390,1
4-YELLOW,11398,1
4-YELLOW,11402,3
4-YELLOW,11414,1
4-YELLOW,11415,1
4-YELLOW,11418,1
4-YELLOW,11419,1
4-YELLOW,11436,1
4-YELLOW,11439,1
4-YELLOW,11443,1
4-YELLOW,11448,2
4-YELLOW,11454,1
4-YELLOW,11458,2
4-YELLOW,11466,1
4-YELLOW,11474,2
4-YELLOW,11478,2
4-YELLOW,11482,1
4-YELLOW,11499,1
4-YELLOW,11506,1
4-YELLOW,11514,1
4-YELLOW,11517,1
4-YELLOW,11535,1
4-YELLOW,11539,1
4-YELLOW,11543,1
4-YELLOW,11544,1
4-YELLOW,11546,1
4-YELLOW,11553,2
4-YELLOW,11561,1
4-YELLOW,11562,1
4-YELLOW,11568,1
4-YELLOW,11576,2
4-YELLOW,11583,1
4-YELLOW,11584,1
4-YELLOW,11596,2
4-YELLOW,11597,1
4-YELLOW,11599,1
4-YELLOW,11601,2
4-YELLOW,11602,1
4-YELLOW,11609,1
4-YELLOW,11611,1
4-YELLOW,11628,1
4-YELLOW,11629,1
4-YELLOW,11635,1
4-YELLOW,11636,1
4-YELLOW,11654,1
4-YELLOW,11657,1
4-YELLOW,11671,1
4-YELLOW,11672,1
4-YELLOW,11675,1
4-YELLOW,11678,1
4-YELLOW,11679,1
4-YELLOW,11680,1
4-YELLOW,11688,1
4-YELLOW,11730,1
4-YELLOW,11735,1
4-YELLOW,11736,1
4-YELLOW,11742,4
4-YELLOW,11754,1
4-YELLOW,11761,1
4-YELLOW,11769,1
4-YELLOW,11772,1
4-YELLOW,11780,1
4-YELLOW,11782,1
4-YELLOW,11787,1
4-YELLOW,11788,1
4-YELLOW,11789,1
4-YELLOW,11791,1
4-YELLOW,11801,1
4-YELLOW,11810,1
4-YELLOW,11820,1
4-YELLOW,11828,1
4-YELLOW,11830,1
4-YELLOW,11839,1
4-YELLOW,11843,2
4-YELLOW,11853,1
4-YELLOW,11855,1
4-YELLOW,11859,1
4-YELLOW,11860,1
4-YELLOW,11862,1
4-YELLOW,11869,2
4-YELLOW,11876,1
4-YELLOW,11879,1
4-YELLOW,11886,1
4-YELLOW,11898,1
4-YELLOW,11901,1
4-YELLOW,11902,1
4-YELLOW,11905,1
4-YELLOW,11911,1
4-YELLOW,11919,1
4-YELLOW,11920,1
4-YELLOW,11922,1
4-YELLOW,11933,1
4-YELLOW,11936,2
4-YELLOW,11941,1
4-YELLOW,11943,1
4-YELLOW,11948,1
4-YELLOW,11949,2
4-YELLOW,11951,2
4-YELLOW,11956,1
4-YELLOW,11960,2
4-YELLOW,11969,1
4-YELLOW,11970,1
4-YELLOW,11987,1
4-YELLOW,11990,1
4-YELLOW,11994,1
4-YELLOW,11999,1
4-YELLOW,12016,1
4-YELLOW,12020,1
4-YELLOW,12023,1
4-YELLOW,12029,1
4-YELLOW,12030,1
4-YELLOW,12044,1
4-YELLOW,12053,1
4-YELLOW,12056,1
4-YELLOW,12058,1
4-YELLOW,12071,1
4-YELLOW,12088,1
4-YELLOW,12104,1
4-YELLOW,12105,1
4-YELLOW,12112,1
4-YELLOW,12118,2
4-YELLOW,12119,1
4-YELLOW,12122,1
4-YELLOW,12123,1
4-YELLOW,12125,1
4-YELLOW,12127,1
4-YELLOW,12137,2
4-YELLOW,12142,1
4-YELLOW,12143,1
4-YELLOW,12150,1
4-YELLOW,12178,1
4-YELLOW,12179,1
4-YELLOW,12189,1
4-YELLOW,12193,1
4-YELLOW,12199,1
4-YELLOW,12210,1
4-YELLOW,12222,1
4-YELLOW,12250,1
4-YELLOW,12253,1
4-YELLOW,12257,1
4-YELLOW,12258,2
4-YELLOW,12270,1
4-YELLOW,12271,1
4-YELLOW,12274,1
4-YELLOW,12278,1
4-YELLOW,12286,1
4-YELLOW,12288,1
4-YELLOW,12289,1
4-YELLOW,12294,1
4-YELLOW,12296,1
4-YELLOW,12301,1
4-YELLOW,12303,1
4-YELLOW,12315,1
4-YELLOW,12329,1
4-YELLOW,12330,1
4-YELLOW,12331,1
4-YELLOW,12332,1
4-YELLOW,12334,1
4-YELLOW,12338,1
4-YELLOW,12341,1
4-YELLOW,12347,2
4-YELLOW,12350,1
4-YELLOW,12355,1
4-YELLOW,12356,2
4-YELLOW,12363,1
4-YELLOW,12364,1
4-YELLOW,12367,1
4-YELLOW,12374,1
4-YELLOW,12380,1
4-YELLOW,12382,2
4-YELLOW,12386,3
4-YELLOW,12388,1
4-YELLOW,12389,1
4-YELLOW,12392,1
4-YELLOW,12394,1
4-YELLOW,12397,1
4-YELLOW,12433,1
4-YELLOW,12436,1
4-YELLOW,12449,1
4-YELLOW,12496,1
4-YELLOW,12499,1
4-YELLOW,12503,1
4-YELLOW,12504,1
4-YELLOW,12512,1
4-YELLOW,12520,1
4-YELLOW,12526,1
4-YELLOW,12528,1
4-YELLOW,12538,1
4-YELLOW,12541,1
4-YELLOW,12550,1
4-YELLOW,12565,1
4-YELLOW,12579,1
4-YELLOW,12590,1
4-YELLOW,12601,1
4-YELLOW,12616,1
4-YELLOW,12623,2
4-YELLOW,12633,1
4-YELLOW,12643,1
4-YELLOW,12652,1
4-YELLOW,12658,1
4-YELLOW,12664,1
4-YELLOW,12666,1
4-YELLOW,12670,1
4-YELLOW,12690,1
4-YELLOW,12692,1
4-YELLOW,12697,1
4-YELLOW,12703,1
4-YELLOW,12709,3
4-YELLOW,12710,1
4-YELLOW,12713,1
4-YELLOW,12714,1
4-YELLOW,12723,1
4-YELLOW,12725,1
4-YELLOW,12726,1
4-YELLOW,12734,1
4-YELLOW,12738,1
4-YELLOW,12759,1
4-YELLOW,12791,1
4-YELLOW,12793,1
4-YELLOW,12829,1
4-YELLOW,12847,1
4-YELLOW,12850,1
4-YELLOW,12862,1
4-YELLOW,12872,1
4-YELLOW,12886,1
4-YELLOW,12889,1
4-YELLOW,12892,1
4-YELLOW,12894,2
4-YELLOW,12906,1
4-YELLOW,12907,1
4-YELLOW,12911,1
4-YELLOW,12915,1
4-YELLOW,12917,1
4-YELLOW,12919,1
4-YELLOW,12929,1
4-YELLOW,12936,1
4-YELLOW,12939,1
4-YELLOW,12941,1
4-YELLOW,12969,1
4-YELLOW,12987,1
4-YELLOW,13001,1
4-YELLOW,13008,1
4-YELLOW,13016,1
4-YELLOW,13028,1
4-YELLOW,13042,1
4-YELLOW,13059,1
4-YELLOW,13060,1
4-YELLOW,13062,1
4-YELLOW,13064,1
4-YELLOW,13089,1
4-YELLOW,13096,1
4-YELLOW,13099,1
4-YELLOW,13105,1
4-YELLOW,13116,1
4-YELLOW,13133,1
4-YELLOW,13134,1
4-YELLOW,13153,1
4-YELLOW,13155,1
4-YELLOW,13167,1
4-YELLOW,13175,1
4-YELLOW,13194,1
4-YELLOW,13196,1
4-YELLOW,13197,1
4-YELLOW,13218,1
4-YELLOW,13224,1
4-YELLOW,13227,1
4-YELLOW,13232,1
4-YELLOW,13237,1
4-YELLOW,13257,1
4-YELLOW,13259,1
4-YELLOW,13283,1
4-YELLOW,13323,1
4-YELLOW,13324,1
4-YELLOW,13333,1
4-YELLOW,13339,1
4-YELLOW,13342,1
4-YELLOW,13377,1
4-YELLOW,13396,1
4-YELLOW,13398,1
4-YELLOW,13410,1
4-YELLOW,13421,1
4-YELLOW,13430,1
4-YELLOW,13434,1
4-YELLOW,13443,1
4-YELLOW,13451,1
4-YELLOW,13504,1
4-YELLOW,13508,1
4-YELLOW,13511,1
4-YELLOW,13524,1
4-YELLOW,13531,1
4-YELLOW,13533,1
4-YELLOW,13541,2
4-YELLOW,13551,1
4-YELLOW,13555,1
4-YELLOW,13570,1
4-YELLOW,13605,1
4-YELLOW,13616,1
4-YELLOW,13621,1
4-YELLOW,13622,1
4-YELLOW,13633,1
4-YELLOW,13653,1
4-YELLOW,13658,1
4-YELLOW,13659,2
4-YELLOW,13663,1
4-YELLOW,13672,1
4-YELLOW,13687,1
4-YELLOW,13691,1
4-YELLOW,13704,1
4-YELLOW,13717,1
4-YELLOW,13721,1
4-YELLOW,13729,1
4-YELLOW,13750,1
4-YELLOW,13751,1
4-YELLOW,13755,1
4-YELLOW,13777,1
4-YELLOW,13807,1
4-YELLOW,13809,1
4-YELLOW,13810,1
4-YELLOW,13819,1
4-YELLOW,13824,1
4-YELLOW,13855,1
4-YELLOW,13856,1
4-YELLOW,13861,1
4-YELLOW,13897,1
4-YELLOW,13918,1
4-YELLOW,13920,1
4-YELLOW,13936,1
4-YELLOW,13939,1
4-YELLOW,13946,1
4-YELLOW,13961,1
4-YELLOW,13967,1
4-YELLOW,13977,1
4-YELLOW,13994,1
4-YELLOW,14031,1
4-YELLOW,14063,1
4-YELLOW,14065,1
4-YELLOW,14066,1
4-YELLOW,14070,3
4-YELLOW,14072,1
4-YELLOW,14081,1
4-YELLOW,14107,1
4-YELLOW,14113,1
4-YELLOW,14141,1
4-YELLOW,14142,1
4-YELLOW,14144,1
4-YELLOW,14158,1
4-YELLOW,14195,1
4-YELLOW,14200,1
4-YELLOW,14212,2
4-YELLOW,14214,1
4-YELLOW,14231,1
4-YELLOW,14239,1
4-YELLOW,14257,2
4-YELLOW,14267,1
4-YELLOW,14269,1
4-YELLOW,14282,1
4-YELLOW,14291,1
4-YELLOW,14293,1
4-YELLOW,14303,1
4-YELLOW,14312,1
4-YELLOW,14315,1
4-YELLOW,14336,1
4-YELLOW,14357,1
4-YELLOW,14359,1
4-YELLOW,14366,1
4-YELLOW,14370,1
4-YELLOW,14378,1
4-YELLOW,14385,1
4-YELLOW,14386,1
4-YELLOW,14429,1
4-YELLOW,14449,1
4-YELLOW,14495,1
4-YELLOW,14523,1
4-YELLOW,14545,1
4-YELLOW,14562,1
4-YELLOW,14568,1
4-YELLOW,14585,1
4-YELLOW,14592,1
4-YELLOW,14601,1
4-YELLOW,14613,1
4-YELLOW,14614,1
4-YELLOW,14629,1
4-YELLOW,14634,1
4-YELLOW,14647,1
4-YELLOW,14648,1
4-YELLOW,14652,1
4-YELLOW,14658,1
4-YELLOW,14698,1
4-YELLOW,14705,1
4-YELLOW,14734,1
4-YELLOW,14742,1
4-YELLOW,14747,1
4-YELLOW,14778,1
4-YELLOW,14784,1
4-YELLOW,14837,1
4-YELLOW,14844,1
4-YELLOW,14857,1
4-YELLOW,14888,1
4-YELLOW,14920,1
4-YELLOW,14922,1
4-YELLOW,14938,1
4-YELLOW,14945,1
4-YELLOW,14964,1
4-YELLOW,14974,1
4-YELLOW,14982,1
4-YELLOW,15040,1
4-YELLOW,15069,1
4-YELLOW,15091,1
4-YELLOW,15097,1
4-YELLOW,15100,1
4-YELLOW,15131,1
4-YELLOW,15138,1
4-YELLOW,15139,1
4-YELLOW,15187,1
4-YELLOW,15258,1
4-YELLOW,15371,1
4-YELLOW,15386,1
4-YELLOW,15396,1
4-YELLOW,15405,1
4-YELLOW,15434,1
4-YELLOW,15457,1
4-YELLOW,15498,1
4-YELLOW,15513,1
4-YELLOW,15530,1
4-YELLOW,15550,1
4-YELLOW,15569,1
4-YELLOW,15575,1
4-YELLOW,15590,1
4-YELLOW,15648,1
4-YELLOW,15697,1
4-YELLOW,15708,1
4-YELLOW,15726,1
4-YELLOW,15755,1
4-YELLOW,15757,1
4-YELLOW,15762,1
4-YELLOW,15792,1
4-YELLOW,15814,1
4-YELLOW,15846,1
4-YELLOW,15884,2
4-YELLOW,15893,1
4-YELLOW,15913,1
4-YELLOW,15944,1
4-YELLOW,15947,1
4-YELLOW,15979,1
4-YELLOW,15993,1
4-YELLOW,16007,1
4-YELLOW,16009,1
4-YELLOW,16018,1
4-YELLOW,16028,1
4-YELLOW,16048,1
4-YELLOW,16053,1
4-YELLOW,16058,1
4-YELLOW,16094,1
4-YELLOW,16201,1
4-YELLOW,16217,1
4-YELLOW,16245,1
4-YELLOW,16282,1
4-YELLOW,16289,1
4-YELLOW,16344,1
4-YELLOW,16356,1
4-YELLOW,16371,1
4-YELLOW,16376,1
4-YELLOW,16393,1
4-YELLOW,16395,1
4-YELLOW,16432,1
4-YELLOW,16490,2
4-YELLOW,16500,1
4-YELLOW,16537,1
4-YELLOW,16611,1
4-YELLOW,16624,1
4-YELLOW,16651,1
4-YELLOW,16721,1
4-YELLOW,16723,1
4-YELLOW,16724,1
4-YELLOW,16733,1
4-YELLOW,16789,1
4-YELLOW,16791,1
4-YELLOW,16796,1
4-YELLOW,16828,1
4-YELLOW,16888,1
4-YELLOW,16942,1
4-YELLOW,16949,1
4-YELLOW,16953,1
4-YELLOW,16968,1
4-YELLOW,16985,1
4-YELLOW,17019,1
4-YELLOW,17055,1
4-YELLOW,17067,1
4-YELLOW,17071,1
4-YELLOW,17072,1
4-YELLOW,17076,2
4-YELLOW,17113,1
4-YELLOW,17130,1
4-YELLOW,17137,1
4-YELLOW,17190,1
4-YELLOW,17241,1
4-YELLOW,17287,1
4-YELLOW,17356,1
4-YELLOW,17359,1
4-YELLOW,17386,1
4-YELLOW,17550,1
4-YELLOW,17570,1
4-YELLOW,17627,1
4-YELLOW,17631,1
4-YELLOW,17634,1
4-YELLOW,17726,1
4-YELLOW,17763,1
4-YELLOW,17782,1
4-YELLOW,17822,1
4-YELLOW,17832,1
4-YELLOW,17857,1
4-YELLOW,17858,1
4-YELLOW,17861,1
4-YELLOW,17921,1
4-YELLOW,17980,1
4-YELLOW,18015,1
4-YELLOW,18040,1
4-YELLOW,18041,1
4-YELLOW,18042,1
4-YELLOW,18081,1
4-YELLOW,18147,1
4-YELLOW,18161,1
4-YELLOW,18240,1
4-YELLOW,18265,1
4-YELLOW,18292,1
4-YELLOW,18316,1
4-YELLOW,18325,1
4-YELLOW,18362,1
4-YELLOW,18390,1
4-YELLOW,18421,1
4-YELLOW,18463,1
4-YELLOW,18502,1
4-YELLOW,18537,1
4-YELLOW,18540,1
4-YELLOW,18555,1
4-YELLOW,18632,1
4-YELLOW,18679,1
4-YELLOW,18683,1
4-YELLOW,18689,1
4-YELLOW,18693,1
4-YELLOW,18697,1
4-YELLOW,18701,1
4-YELLOW,18845,1
4-YELLOW,18849,1
4-YELLOW,18980,1
4-YELLOW,19008,1
4-YELLOW,19110,1
4-YELLOW,19148,1
4-YELLOW,19161,1
4-YELLOW,19166,1
4-YELLOW,19167,1
4-YELLOW,19200,1
4-YELLOW,19205,1
4-YELLOW,19259,1
4-YELLOW,19261,1
4-YELLOW,19296,1
4-YELLOW,19309,1
4-YELLOW,19321,1
4-YELLOW,19359,1
4-YELLOW,19411,1
4-YELLOW,19443,1
4-YELLOW,19498,1
4-YELLOW,19503,1
4-YELLOW,19540,1
4-YELLOW,19554,1
4-YELLOW,19592,1
4-YELLOW,19621,1
4-YELLOW,19625,1
4-YELLOW,19707,1
4-YELLOW,19759,1
4-YELLOW,19769,1
4-YELLOW,19781,1
4-YELLOW,19932,1
4-YELLOW,19992,1
4-YELLOW,20058,1
4-YELLOW,20075,1
4-YELLOW,20087,1
4-YELLOW,20117,1
4-YELLOW,20203,1
4-YELLOW,20217,1
4-YELLOW,20257,1
4-YELLOW,20289,1
4-YELLOW,20310,1
4-YELLOW,20311,1
4-YELLOW,20327,1
4-YELLOW,20338,1
4-YELLOW,20367,1
4-YELLOW,20445,1
4-YELLOW,20494,1
4-YELLOW,20542,1
4-YELLOW,20543,1
4-YELLOW,20627,1
4-YELLOW,20730,1
4-YELLOW,20772,1
4-YELLOW,20925,1
4-YELLOW,21112,1
4-YELLOW,21270,1
4-YELLOW,21272,1
4-YELLOW,21330,1
4-YELLOW,21337,1
4-YELLOW,21369,1
4-YELLOW,21463,1
4-YELLOW,21513,1
4-YELLOW,21559,1
4-YELLOW,21742,1
4-YELLOW,21841,1
4-YELLOW,21880,1
4-YELLOW,21911,1
4-YELLOW,22010,1
4-YELLOW,22071,1
4-YELLOW,22353,1
4-YELLOW,22365,1
4-YELLOW,22459,1
4-YELLOW,22491,1
4-YELLOW,22534,1
4-YELLOW,22567,1
4-YELLOW,22637,1
4-YELLOW,22736,1
4-YELLOW,22750,1
4-YELLOW,22752,1
4-YELLOW,22820,1
4-YELLOW,23137,1
4-YELLOW,23151,1
4-YELLOW,23328,1
4-YELLOW,23418,1
4-YELLOW,23513,1
4-YELLOW,23688,1
4-YELLOW,23695,1
4-YELLOW,24155,1
4-YELLOW,24335,1
4-YELLOW,24420,1
4-YELLOW,24531,1
4-YELLOW,24643,1
4-YELLOW,24648,1
4-YELLOW,24765,1
4-YELLOW,25245,1
4-YELLOW,25613,1
4-YELLOW,25889,1
4-YELLOW,25941,1
4-YELLOW,26165,1
4-YELLOW,26623,1
4-YELLOW,27054,1
4-YELLOW,27149,1
4-YELLOW,27345,1
4-YELLOW,27545,1
4-YELLOW,27854,1
4-YELLOW,27893,1
4-YELLOW,28079,1
4-YELLOW,28336,1
4-YELLOW,28353,1
4-YELLOW,28520,1
4-YELLOW,28639,1
4-YELLOW,28660,1
4-YELLOW,28710,1
4-YELLOW,29784,1
4-YELLOW,31110,1
4-YELLOW,32183,1
4-YELLOW,32898,1
4-YELLOW,33432,1
4-YELLOW,37574,1
4-YELLOW,49741,1
4-YELLOW,57080,1
